City,AccentCity,ProvinceName,Latitude,Longitude,ProvinceID
aandenk,Aandenk,Eastern Cape,-31.712196,25.63099,5
aarbossiesplaat,Aarbossiesplaat,Eastern Cape,-31.163179,26.199167,5
aasvoelkop,Aasvoëlkop,Eastern Cape,-31.683333,25.533333,5
abelsruhe,Abelsruhe,Eastern Cape,-31.024012,25.642813,5
aberdeen,Aberdeen,Eastern Cape,-32.475881,24.065252,5
aberdour,Aberdour,Eastern Cape,-31.896014,25.982005,5
adcock,Adcock,Eastern Cape,-33.933333,25.566667,5
addo,Addo,Eastern Cape,-33.552638,25.696665,5
adelaide,Adelaide,Eastern Cape,-32.707468,26.295638,5
adendorp,Adendorp,Eastern Cape,-32.299517,24.553614,5
afsondering,Afsondering,Eastern Cape,-30.163888,28.959668,5
afzondering,Afzondering,Eastern Cape,-30.163888,28.959668,5
agnes,Agnes,Eastern Cape,-31.696114,27.033337,5
agnes rest,Agnes Rest,Eastern Cape,-31.687665,27.019174,5
airlie,Airlie,Eastern Cape,-31.616667,25.666667,5
alderley,Alderley,Eastern Cape,-32.1,28.8,5
alexandria,Alexandria,Eastern Cape,-33.653461,26.412676,5
alfalfa,Alfalfa,Eastern Cape,-31.215029,26.284762,5
algoapark,Algoapark,Eastern Cape,-33.900062,25.563052,5
alice,Alice,Eastern Cape,-32.787493,26.834396,5
alicedale,Alicedale,Eastern Cape,-31.470907,25.864314,5
aliwal north,Aliwal North,Eastern Cape,-30.693664,26.711407,5
aliwal-noord,Aliwal-Noord,Eastern Cape,-30.693664,26.711407,5
all saints,All Saints,Eastern Cape,-31.65,28.05,5
all saints mission,All Saints Mission,Eastern Cape,-31.65,28.05,5
all saints nek,All Saints Nek,Eastern Cape,-31.666667,28.033333,5
allemanskraal,Allemanskraal,Eastern Cape,-33.233333,24.3,5
allemansvlei,Allemansvlei,Eastern Cape,-31.497483,25.843939,5
allendale,Allendale,Eastern Cape,-31.703608,26.26288,5
almondale,Almondale,Eastern Cape,-33.036708,27.76003,5
aloma,Aloma,Eastern Cape,-33.640901,25.879326,5
alpha,Alpha,Eastern Cape,-30.900104,26.359237,5
altyre,Altyre,Eastern Cape,-31.016404,25.885569,5
alva,Alva,Eastern Cape,-31.432649,26.511983,5
amajola,Amajola,Eastern Cape,-31.483333,29.316667,5
amalinda,Amalinda,Eastern Cape,-30.829312,26.996305,5
amana,Amana,Eastern Cape,-30.618277,26.238726,5
amangamzine,Amangamzine,Eastern Cape,-30.979681,29.069345,5
amanzi,Amanzi,Eastern Cape,-33.721171,25.509149,5
amsterdam,Amsterdam,Eastern Cape,-31.628093,25.621132,5
amsterdamhoek,Amsterdamhoek,Eastern Cape,-33.852335,25.610881,5
andrieskraal,Andrieskraal,Eastern Cape,-33.767742,24.690364,5
ann shaw,Ann Shaw,Eastern Cape,-32.826757,26.991089,5
annawater,Annawater,Eastern Cape,-31.584369,26.812067,5
annesville,Annesville,Eastern Cape,-31.057461,29.190419,5
annex kilvorskull,Annex Kilvorskull,Eastern Cape,-31.516667,25.933333,5
anniedale,Anniedale,Eastern Cape,-31.658694,25.792452,5
annyama,Annyama,Eastern Cape,-30.833333,28.5,5
antelope park,Antelope Park,Eastern Cape,-30.818051,28.205211,5
anthonys kraal,Anthonys Kraal,Eastern Cape,-33.433333,24.066667,5
apieskraal,Apieskraal,Eastern Cape,-33.616667,24.283333,5
arcadia,Arcadia,Eastern Cape,-33.008775,27.904818,5
argyle,Argyle,Eastern Cape,-32.716667,26.866667,5
armistice,Armistice,Eastern Cape,-33.247236,26.606777,5
armmansvriend,Armmansvriend,Eastern Cape,-33.65,24.633333,5
arthurs seat,Arthurs Seat,Eastern Cape,-31.65,25.933333,5
artmor,Artmor,Eastern Cape,-31.668817,26.306265,5
askeaton,Askeaton,Eastern Cape,-31.627921,27.460609,5
assegaai river,Assegaai River,Eastern Cape,-33.417794,26.321233,5
assegaairivier,Assegaairivier,Eastern Cape,-33.417794,26.321233,5
assegai river,Assegai River,Eastern Cape,-33.417794,26.321233,5
aston bay,Aston Bay,Eastern Cape,-34.079974,24.905694,5
audie,Audie,Eastern Cape,-32.766667,28.233333,5
avalon,Avalon,Eastern Cape,-32.767166,28.050004,5
avilion,Avilion,Eastern Cape,-31.592306,26.40003,5
avondrust,Avondrust,Eastern Cape,-30.607486,26.047525,5
aylesby,Aylesby,Eastern Cape,-30.66104,26.330876,5
b.k. mond,B.K. Mond,Eastern Cape,-31.966079,26.472452,5
baansrivier,Baansrivier,Eastern Cape,-33.3,25.716667,5
baca,Baca,Eastern Cape,-31.62788,29.108365,5
bacela,Bacela,Eastern Cape,-31.955212,28.64568,5
badi,Badi,Eastern Cape,-32.25,28.666667,5
bailey,Bailey,Eastern Cape,-31.783333,26.716667,5
bakaneni,Bakaneni,Eastern Cape,-32.431119,28.447946,5
bakeni,Bakeni,Eastern Cape,-31.766667,28.633333,5
bakenshoek,Bakenshoek,Eastern Cape,-31.584582,26.409919,5
bakenskop,Bakenskop,Eastern Cape,-31.893924,26.376413,5
bakkraal,Bakkraal,Eastern Cape,-30.993476,26.621024,5
bakubha,Bakubha,Eastern Cape,-30.894433,29.28343,5
balasi,Balasi,Eastern Cape,-31.082537,29.5346,5
balatsi,Balatsi,Eastern Cape,-31.286307,28.489491,5
balazi,Balazi,Eastern Cape,-31.082537,29.5346,5
balcraig,Balcraig,Eastern Cape,-33.359074,26.556698,5
balecraig,Balecraig,Eastern Cape,-33.359074,26.556698,5
balfour,Balfour,Eastern Cape,-32.540402,26.679438,5
balinguile,Balinguile,Eastern Cape,-31.625711,25.671118,5
balmoral,Balmoral,Eastern Cape,-31.598459,26.702718,5
bamboeshoek,Bamboeshoek,Eastern Cape,-31.496285,26.502232,5
bandlana,Bandlana,Eastern Cape,-30.883333,29.2,5
bandon,Bandon,Eastern Cape,-31.283333,26.2,5
bangweni,Bangweni,Eastern Cape,-31.916667,28.2,5
bankfontein,Bankfontein,Eastern Cape,-30.877228,26.906518,5
bankies,Bankies,Eastern Cape,-31.541225,26.958051,5
bantini,Bantini,Eastern Cape,-31.666667,29.066667,5
banzi,Banzi,Eastern Cape,-32.124665,27.525321,5
baquqini,Baquqini,Eastern Cape,-30.743387,29.311649,5
barensdam,Barensdam,Eastern Cape,-31.297466,26.86762,5
barkley east,Barkley East,Eastern Cape,-30.968301,27.595673,5
barkly bridge,Barkly Bridge,Eastern Cape,-33.616667,25.7,5
barkly east,Barkly East,Eastern Cape,-30.968301,27.595673,5
barkly-oos,Barkly-Oos,Eastern Cape,-30.968301,27.595673,5
barracuda,Barracuda,Eastern Cape,-32.735163,28.287093,5
bashee,Bashee,Eastern Cape,-32.115501,28.67606,5
bashee bridge,Bashee Bridge,Eastern Cape,-31.916667,28.45,5
basheebrug,Basheebrug,Eastern Cape,-31.916667,28.45,5
bathurst,Bathurst,Eastern Cape,-33.499804,26.829402,5
batweni,Batweni,Eastern Cape,-31.533333,29.3,5
baviaanskloof farming community,Baviaanskloof Farming Community,Eastern Cape,-33.6,24.133333,5
bawa,Bawa,Eastern Cape,-32.422922,28.111211,5
bay view,Bay View,Eastern Cape,-32.923504,28.034424,5
bayview,Bayview,Eastern Cape,-32.671343,28.300868,5
baziya,Baziya,Eastern Cape,-31.613168,28.418368,5
beacon bay,Beacon Bay,Eastern Cape,-32.97032,27.944036,5
beacon hill,Beacon Hill,Eastern Cape,-32.729857,28.000227,5
beamont,Beamont,Eastern Cape,-31.548076,26.707804,5
beans river,Beans River,Eastern Cape,-33.3,25.716667,5
beauly,Beauly,Eastern Cape,-31.65,27.433333,5
bebeza,Bebeza,Eastern Cape,-30.524652,27.658537,5
bede,Bede,Eastern Cape,-32.200361,26.827204,5
bedford,Bedford,Eastern Cape,-32.679034,26.086861,5
beecham wood,Beecham Wood,Eastern Cape,-32.338203,28.707428,5
beecham wood kampplek,Beecham Wood Kampplek,Eastern Cape,-32.35,28.75,5
beecham woods,Beecham Woods,Eastern Cape,-32.338203,28.707428,5
bees vallev,Bees Vallev,Eastern Cape,-30.569117,29.004395,5
begha mouth,Begha Mouth,Eastern Cape,-33.379369,27.322371,5
bekileni,Bekileni,Eastern Cape,-31.876602,28.170988,5
bele,Bele,Eastern Cape,-31.303355,28.656998,5
beledale,Beledale,Eastern Cape,-31.303355,28.656998,5
belekana,Belekana,Eastern Cape,-31.844755,28.683766,5
belekence,Belekence,Eastern Cape,-31.097163,28.772202,5
belfort,Belfort,Eastern Cape,-30.179758,28.717665,5
bell,Bell,Eastern Cape,-33.247214,27.358529,5
bellavista,Bellavista,Eastern Cape,-31.778099,26.118777,5
bellcrest,Bellcrest,Eastern Cape,-33.558047,26.55088,5
bellevue,Bellevue,Eastern Cape,-31.535112,26.509596,5
bellevue location,Bellevue Location,Eastern Cape,-33.369218,25.959145,5
bellrock,Bellrock,Eastern Cape,-31.914108,28.578945,5
belvior,Belvior,Eastern Cape,-31.933627,26.805249,5
ben avis,Ben Avis,Eastern Cape,-30.930296,26.763001,5
benard,Benard,Eastern Cape,-31.65,27.4,5
bende,Bende,Eastern Cape,-32.128668,28.433429,5
bengu,Bengu,Eastern Cape,-31.795343,27.332717,5
bensonvale,Bensonvale,Eastern Cape,-30.576853,27.349607,5
berea,Berea,Eastern Cape,-30.937454,26.376926,5
bergfontein,Bergfontein,Eastern Cape,-31.840868,26.23951,5
bergheim,Bergheim,Eastern Cape,-33.986729,23.97283,5
bergplaas,Bergplaas,Eastern Cape,-30.556648,26.049231,5
berlin,Berlin,Eastern Cape,-32.88309,27.581224,5
bernardshoek,Bernardshoek,Eastern Cape,-33.783333,24.216667,5
bernese,Bernese,Eastern Cape,-32.868229,28.106251,5
berseba,Berseba,Eastern Cape,-30.953553,25.62363,5
bertievale,Bertievale,Eastern Cape,-30.342315,28.520003,5
bestersdal,Bestersdal,Eastern Cape,-33.233333,23.766667,5
bethania,Bethania,Eastern Cape,-30.638438,28.303906,5
bethel,Bethel,Eastern Cape,-32.354486,28.206307,5
bethelsdorp,Bethelsdorp,Eastern Cape,-33.888558,25.512416,5
betshawawini,Betshawawini,Eastern Cape,-30.868097,29.901308,5
betshwana,Betshwana,Eastern Cape,-30.772363,29.389987,5
beyele,Beyele,Eastern Cape,-31.75,27.95,5
bhakaleni,Bhakaleni,Eastern Cape,-31.34021,29.379368,5
bhala,Bhala,Eastern Cape,-30.937341,29.496546,5
bhantini,Bhantini,Eastern Cape,-30.935936,28.447565,5
bhayi,Bhayi,Eastern Cape,-30.806346,29.133405,5
bhetani,Bhetani,Eastern Cape,-31.856286,28.365719,5
bhibha,Bhibha,Eastern Cape,-30.877789,28.957807,5
bhisho,Bhisho,Eastern Cape,-32.847212,27.442179,5
bhokhwe,Bhokhwe,Eastern Cape,-32.411503,28.112235,5
bhokweni,Bhokweni,Eastern Cape,-30.908709,29.561153,5
bholani,Bholani,Eastern Cape,-31.643229,29.414463,5
bhoneni,Bhoneni,Eastern Cape,-30.94049,29.405745,5
bhongolethu,Bhongolethu,Eastern Cape,-30.612584,27.488688,5
bhongweni,Bhongweni,Eastern Cape,-31.998078,28.964417,5
bhoqo,Bhoqo,Eastern Cape,-31.652276,26.992257,5
bhubesi,Bhubesi,Eastern Cape,-31.074189,29.073419,5
bhukada,Bhukada,Eastern Cape,-31.352981,29.350228,5
bhunga,Bhunga,Eastern Cape,-32.166667,28.733333,5
bhungeni,Bhungeni,Eastern Cape,-30.927099,29.466619,5
bhungweni,Bhungweni,Eastern Cape,-30.983405,29.633807,5
bidiza,Bidiza,Eastern Cape,-31.621716,28.852205,5
big umgazi,Big Umgazi,Eastern Cape,-31.614246,29.42367,5
big umngazi,Big Umngazi,Eastern Cape,-31.614246,29.42367,5
bikana,Bikana,Eastern Cape,-32.183333,28.65,5
bikanadale,Bikanadale,Eastern Cape,-32.183333,28.666667,5
bikani,Bikani,Eastern Cape,-32.183333,28.65,5
bikizana,Bikizana,Eastern Cape,-30.345885,27.455355,5
bilaty,Bilaty,Eastern Cape,-31.95581,27.398173,5
bilatyi,Bilatyi,Eastern Cape,-31.95581,27.398173,5
bisho,Bisho,Eastern Cape,-32.847212,27.442179,5
bisi,Bisi,Eastern Cape,-30.411003,29.889569,5
bittern,Bittern,Eastern Cape,-30.2994,28.608071,5
bitterne,Bitterne,Eastern Cape,-30.2994,28.608071,5
bitterplat,Bitterplat,Eastern Cape,-31.202951,26.978916,5
bityi,Bityi,Eastern Cape,-31.8,28.533333,5
bizana,Bizana,Eastern Cape,-30.859074,29.853843,5
blaauwater,Blaauwater,Eastern Cape,-31.514727,26.17025,5
blaauwskop,Blaauwskop,Eastern Cape,-31.583333,25.566667,5
black fountain,Black Fountain,Eastern Cape,-30.453109,28.346835,5
black hill,Black Hill,Eastern Cape,-32.808509,28.025506,5
black rock,Black Rock,Eastern Cape,-32.016667,29.1,5
black streams,Black Streams,Eastern Cape,-31.636543,26.838577,5
blackfontein,Blackfontein,Eastern Cape,-30.453109,28.346835,5
blackwoods,Blackwoods,Eastern Cape,-31.952664,26.836845,5
blaufontein,Blaufontein,Eastern Cape,-31.066667,25.9,5
blekana,Blekana,Eastern Cape,-30.770328,28.604465,5
blenheim,Blenheim,Eastern Cape,-31.600928,26.60669,5
blikana,Blikana,Eastern Cape,-30.566667,27.616667,5
bloegomhof,Bloegomhof,Eastern Cape,-30.742602,28.332619,5
bloekomhof,Bloekomhof,Eastern Cape,-30.742602,28.332619,5
bloemendal,Bloemendal,Eastern Cape,-30.984684,26.151999,5
bloemhof,Bloemhof,Eastern Cape,-30.91936,26.259556,5
bloemof,Bloemof,Eastern Cape,-31.584913,25.84318,5
blomtuin,Blomtuin,Eastern Cape,-31.222349,26.974161,5
blouboschpoortjie,Blouboschpoortjie,Eastern Cape,-31.877528,26.062903,5
bloubospooft,Bloubospooft,Eastern Cape,-31.411633,25.799594,5
blue bend,Blue Bend,Eastern Cape,-32.978828,27.949291,5
blue boulders,Blue Boulders,Eastern Cape,-31.995384,26.819917,5
blue gum vale,Blue Gum Vale,Eastern Cape,-31.35,28.216667,5
blue hills,Blue Hills,Eastern Cape,-31.064464,26.815161,5
blue lagoon,Blue Lagoon,Eastern Cape,-32.433333,28.666667,5
bluegum grove,Bluegum Grove,Eastern Cape,-33.216667,24.233333,5
bluegums,Bluegums,Eastern Cape,-30.542541,27.230707,5
bluegums grove,Bluegums Grove,Eastern Cape,-33.216667,24.233333,5
bluerock,Bluerock,Eastern Cape,-32.783333,28.016667,5
bluewater bay,Bluewater Bay,Eastern Cape,-33.85,25.466667,5
bodiam,Bodiam,Eastern Cape,-33.248919,27.421728,5
bodini,Bodini,Eastern Cape,-31.789972,27.914224,5
bodweni,Bodweni,Eastern Cape,-31.182363,29.553344,5
boesmansrivermond,Boesmansrivermond,Eastern Cape,-33.686305,26.656043,5
boesmansriviermond,Boesmansriviermond,Eastern Cape,-33.686305,26.656043,5
bogeni,Bogeni,Eastern Cape,-32.330925,28.596926,5
bogo,Bogo,Eastern Cape,-32.097103,28.08353,5
bojeni,Bojeni,Eastern Cape,-32.309442,28.592007,5
boknes,Boknes,Eastern Cape,-33.729954,26.578112,5
bokpoort,Bokpoort,Eastern Cape,-32.783333,28,5
bokwana,Bokwana,Eastern Cape,-31.283333,28.883333,5
bolo,Bolo,Eastern Cape,-32.380407,27.632322,5
bolotwa,Bolotwa,Eastern Cape,-31.848,28.274389,5
bomela,Bomela,Eastern Cape,-32.107937,28.408939,5
bomvini,Bomvini,Eastern Cape,-30.930049,28.852529,5
bonaparte,Bonaparte,Eastern Cape,-31.890425,26.648504,5
bonde,Bonde,Eastern Cape,-32.3071,28.57739,5
bongolethu,Bongolethu,Eastern Cape,-31.983333,27.65,5
bongweni,Bongweni,Eastern Cape,-32.077719,28.15932,5
bonhill,Bonhill,Eastern Cape,-31.838651,26.093137,5
boniswa,Boniswa,Eastern Cape,-31.483333,27.233333,5
bonny glen,Bonny Glen,Eastern Cape,-31.532235,27.162185,5
bonny glenn,Bonny Glenn,Eastern Cape,-31.532235,27.162185,5
bonnyvale,Bonnyvale,Eastern Cape,-31.382244,26.108123,5
bontrand,Bontrand,Eastern Cape,-30.414409,29.806,5
bontrug,Bontrug,Eastern Cape,-33.397863,25.482828,5
bonza bay,Bonza Bay,Eastern Cape,-32.973742,27.957759,5
bonzabaai,Bonzabaai,Eastern Cape,-32.973742,27.957759,5
boonstepos,Boonstepos,Eastern Cape,-31.221382,25.755309,5
booplaats,Booplaats,Eastern Cape,-33.8354,24.399831,5
boplaas,Boplaas,Eastern Cape,-33.8354,24.399831,5
boqeni,Boqeni,Eastern Cape,-32.330925,28.596926,5
borderville,Borderville,Eastern Cape,-30.996679,25.919296,5
bosfontein,Bosfontein,Eastern Cape,-33.678448,26.28521,5
bospoort,Bospoort,Eastern Cape,-31.074257,25.609932,5
bosrand,Bosrand,Eastern Cape,-30.806481,26.094349,5
bossenfontein,Bossenfontein,Eastern Cape,-30.391415,29.944492,5
bossieshoek,Bossieshoek,Eastern Cape,-31.801298,26.4208,5
botha's ridge,Botha's Ridge,Eastern Cape,-33.24523,26.615418,5
bothaskraal,Bothaskraal,Eastern Cape,-31.797375,26.342998,5
botterkop,Botterkop,Eastern Cape,-31.519381,26.85847,5
botterleegte,Botterleegte,Eastern Cape,-30.935383,26.030529,5
bowden,Bowden,Eastern Cape,-30.743343,28.21098,5
boxmoor,Boxmoor,Eastern Cape,-33.466667,24.533333,5
braamfontein,Braamfontein,Eastern Cape,-31.411281,26.486987,5
braamhoek,Braamhoek,Eastern Cape,-30.828832,26.571024,5
bracefield,Bracefield,Eastern Cape,-33.181432,25.692564,5
bradgate,Bradgate,Eastern Cape,-31.40209,26.920858,5
braelynn,Braelynn,Eastern Cape,-33.00021,27.876876,5
brakfontein,Brakfontein,Eastern Cape,-31.317207,26.945793,5
brandhoek,Brandhoek,Eastern Cape,-33.749754,23.894674,5
brandpoort,Brandpoort,Eastern Cape,-31.081559,25.838183,5
branstone,Branstone,Eastern Cape,-31.46661,26.79619,5
braunschweich,Braunschweich,Eastern Cape,-32.786129,27.369972,5
braunschweig,Braunschweig,Eastern Cape,-32.786129,27.369972,5
braunville,Braunville,Eastern Cape,-31.6,27.1,5
bravo,Bravo,Eastern Cape,-30.783542,25.837924,5
breakfast vlei,Breakfast Vlei,Eastern Cape,-33.087576,26.952348,5
breidbach,Breidbach,Eastern Cape,-32.889749,27.445021,5
brigg's haven,Brigg's Haven,Eastern Cape,-30.483333,27.4,5
broadlands,Broadlands,Eastern Cape,-31.911846,26.680862,5
bromley,Bromley,Eastern Cape,-31.799299,26.715941,5
brooklyn,Brooklyn,Eastern Cape,-31.087442,25.827177,5
broughton,Broughton,Eastern Cape,-31.282139,26.569654,5
brown's vale,Brown's Vale,Eastern Cape,-32.566667,26.533333,5
bruinklip,Bruinklip,Eastern Cape,-33.779163,23.608765,5
brvnavon,Brvnavon,Eastern Cape,-30.583333,26.316667,5
brymac,Brymac,Eastern Cape,-31.956313,27.033031,5
bucale,Bucale,Eastern Cape,-31.498146,29.616876,5
bucele,Bucele,Eastern Cape,-31.498146,29.616876,5
buchele,Buchele,Eastern Cape,-31.498146,29.616876,5
buffalo,Buffalo,Eastern Cape,-33.019091,27.850746,5
buffalo harbor,Buffalo Harbor,Eastern Cape,-33.031094,27.909851,5
buffalo neck,Buffalo Neck,Eastern Cape,-30.837724,28.884214,5
buffalo nek,Buffalo Nek,Eastern Cape,-30.837724,28.884214,5
buffalo thorns,Buffalo Thorns,Eastern Cape,-31.613039,26.905875,5
buffelsbadden,Buffelsbadden,Eastern Cape,-30.715395,26.714518,5
buffelsdoorn,Buffelsdoorn,Eastern Cape,-31.6,27.05,5
buffelsdoring,Buffelsdoring,Eastern Cape,-31.588612,26.940893,5
buhlanyanga,Buhlanyanga,Eastern Cape,-31.222054,29.598472,5
bukaza,Bukaza,Eastern Cape,-31.171661,29.456719,5
bukazi,Bukazi,Eastern Cape,-31.171661,29.456719,5
bulawa,Bulawa,Eastern Cape,-31.78127,29.311034,5
bulembu,Bulembu,Eastern Cape,-31.068408,29.39794,5
bultfontein,Bultfontein,Eastern Cape,-30.761891,25.539734,5
bulungulu,Bulungulu,Eastern Cape,-32.117857,28.997457,5
bulvlei,Bulvlei,Eastern Cape,-33.7,25.533333,5
bumazi,Bumazi,Eastern Cape,-31.113882,29.622248,5
bumbana,Bumbana,Eastern Cape,-30.800557,28.706353,5
bumbane,Bumbane,Eastern Cape,-31.571677,28.248402,5
bumbeni,Bumbeni,Eastern Cape,-30.975178,28.904853,5
bunga,Bunga,Eastern Cape,-32.316667,28.15,5
bunkers hill,Bunkers Hill,Eastern Cape,-32.983333,27.916667,5
buntingville,Buntingville,Eastern Cape,-31.640088,28.88045,5
burgersdorf,Burgersdorf,Eastern Cape,-30.997659,26.328623,5
burgersdorp,Burgersdorp,Eastern Cape,-30.997659,26.328623,5
burghersdorp,Burghersdorp,Eastern Cape,-30.997659,26.328623,5
burnley,Burnley,Eastern Cape,-31.547008,26.339957,5
burnshill,Burnshill,Eastern Cape,-32.766667,27.066667,5
bushmans river village,Bushmans River Village,Eastern Cape,-33.686305,26.656043,5
busila,Busila,Eastern Cape,-32.316999,28.351469,5
buto,Buto,Eastern Cape,-31.65311,29.348271,5
butsheni,Butsheni,Eastern Cape,-30.840661,29.054026,5
butterworth,Butterworth,Eastern Cape,-32.330833,28.149808,5
buttville,Buttville,Eastern Cape,-30.936376,29.617768,5
butulo,Butulo,Eastern Cape,-31.607185,29.301681,5
buwa,Buwa,Eastern Cape,-31.884135,28.583248,5
buyskloof,Buyskloof,Eastern Cape,-33.597023,26.082825,5
buziba,Buziba,Eastern Cape,-31.212454,29.299308,5
buzisa,Buzisa,Eastern Cape,-31.883333,28.866667,5
bylletrs,Bylletrs,Eastern Cape,-32.833528,28.048293,5
caba,Caba,Eastern Cape,-31.079812,28.623117,5
caba vale,Caba Vale,Eastern Cape,-31.07453,28.599465,5
cabane,Cabane,Eastern Cape,-30.146368,29.845146,5
cabase,Cabase,Eastern Cape,-30.835,28.998097,5
cabazana,Cabazana,Eastern Cape,-30.687439,29.407294,5
cabhane,Cabhane,Eastern Cape,-30.625092,28.927543,5
cacadu,Cacadu,Eastern Cape,-30.93843,29.131943,5
cafutweni,Cafutweni,Eastern Cape,-32.260252,28.304173,5
cala,Cala,Eastern Cape,-30.965069,28.836926,5
cala pass,Cala Pass,Eastern Cape,-31.474685,27.717376,5
caledonia,Caledonia,Eastern Cape,-30.92695,26.62193,5
calucalu,Calucalu,Eastern Cape,-30.814349,28.5626,5
camama,Camama,Eastern Cape,-32.044628,27.555811,5
cambria,Cambria,Eastern Cape,-33.664554,24.568093,5
cambridge,Cambridge,Eastern Cape,-32.978457,27.887341,5
camerondale,Camerondale,Eastern Cape,-31.593024,29.5261,5
camsha,Camsha,Eastern Cape,-32.300137,28.703632,5
cancele,Cancele,Eastern Cape,-30.816625,28.813267,5
cane,Cane,Eastern Cape,-31.255672,29.632164,5
cannon rocks,Cannon Rocks,Eastern Cape,-33.747635,26.54288,5
cannonvale,Cannonvale,Eastern Cape,-33.706746,25.804331,5
canzibe,Canzibe,Eastern Cape,-31.8,29.066667,5
cape saint francis,Cape Saint Francis,Eastern Cape,-34.207896,24.833186,5
caphu,Caphu,Eastern Cape,-32.183333,28.333333,5
carleen,Carleen,Eastern Cape,-32.839311,28.077394,5
carnarvon,Carnarvon,Eastern Cape,-31.585712,26.73707,5
carrghmore,Carrghmore,Eastern Cape,-31.46895,25.682788,5
carrickmoor,Carrickmoor,Eastern Cape,-31.931115,26.388285,5
castleton,Castleton,Eastern Cape,-31.488402,26.260755,5
cata,Cata,Eastern Cape,-32.55,27.116667,5
catana,Catana,Eastern Cape,-30.634562,29.040002,5
cathcart,Cathcart,Eastern Cape,-32.298497,27.143616,5
cat's pass,Cat's Pass,Eastern Cape,-32.431096,28.416585,5
caweni,Caweni,Eastern Cape,-30.919485,28.472721,5
cebano,Cebano,Eastern Cape,-30.535075,27.562358,5
cebe,Cebe,Eastern Cape,-32.503246,28.518144,5
cebe trading station,Cebe Trading Station,Eastern Cape,-32.5,28.516667,5
cedarville,Cedarville,Eastern Cape,-30.867891,29.137104,5
cefane,Cefane,Eastern Cape,-31.683333,28.2,5
cegcuwana,Cegcuwana,Eastern Cape,-32.341765,28.076771,5
ceka,Ceka,Eastern Cape,-31.367337,28.643496,5
celetyuma,Celetyuma,Eastern Cape,-33.273122,27.144891,5
cendani,Cendani,Eastern Cape,-32.459348,28.282801,5
cendini,Cendini,Eastern Cape,-32.491067,28.405935,5
centane,Centane,Eastern Cape,-32.507815,28.317894,5
centani,Centani,Eastern Cape,-32.459348,28.282801,5
centerton,Centerton,Eastern Cape,-33.829209,24.861716,5
centule,Centule,Eastern Cape,-30.820267,28.931366,5
centuli,Centuli,Eastern Cape,-30.820267,28.931366,5
centuti,Centuti,Eastern Cape,-32.427459,28.354021,5
cenyu,Cenyu,Eastern Cape,-32.551833,27.449509,5
cepeni,Cepeni,Eastern Cape,-31.492671,29.406971,5
cetha,Cetha,Eastern Cape,-31.824661,26.359177,5
cezu,Cezu,Eastern Cape,-31.769927,28.706467,5
chachu,Chachu,Eastern Cape,-31.862102,27.209319,5
chamisse,Chamisse,Eastern Cape,-30.885583,28.193895,5
chamisso,Chamisso,Eastern Cape,-30.885583,28.193895,5
charnwood,Charnwood,Eastern Cape,-31.352364,26.248666,5
chasant,Chasant,Eastern Cape,-31.6,26.266667,5
cheddar hill,Cheddar Hill,Eastern Cape,-30.72973,26.311114,5
cheviotdale,Cheviotdale,Eastern Cape,-30.81184,25.972595,5
chevy chase,Chevy Chase,Eastern Cape,-30.81323,28.515354,5
chisira,Chisira,Eastern Cape,-33.165129,27.149095,5
christiana,Christiana,Eastern Cape,-31.813829,26.042431,5
christmas vale,Christmas Vale,Eastern Cape,-33.194127,27.611347,5
chumbi,Chumbi,Eastern Cape,-31.633333,28.783333,5
cibeni,Cibeni,Eastern Cape,-31.53531,29.275415,5
cibini,Cibini,Eastern Cape,-31.004641,29.596569,5
cicira,Cicira,Eastern Cape,-31.267417,28.448945,5
ciko,Ciko,Eastern Cape,-32.25195,28.581689,5
cilleria,Cilleria,Eastern Cape,-31.747195,25.5954,5
cingweni,Cingweni,Eastern Cape,-32.016667,28.383333,5
cintsa,Cintsa,Eastern Cape,-32.833333,28.083333,5
cintsa mouth,Cintsa Mouth,Eastern Cape,-32.830975,28.11139,5
cintsa mouth east,Cintsa Mouth East,Eastern Cape,-32.830975,28.11139,5
cintsa mouth west,Cintsa Mouth West,Eastern Cape,-32.845225,28.115976,5
cintsa skool,Cintsa Skool,Eastern Cape,-32.833333,28.083333,5
cintsa west,Cintsa West,Eastern Cape,-32.845225,28.115976,5
cirira opleidingskool,Cirira Opleidingskool,Eastern Cape,-31.558641,28.704944,5
cizele,Cizele,Eastern Cape,-31.818218,28.862668,5
clanville,Clanville,Eastern Cape,-30.993825,27.222842,5
clarkbury,Clarkbury,Eastern Cape,-31.785549,28.287791,5
clarkebury,Clarkebury,Eastern Cape,-31.785549,28.287791,5
clarkeson,Clarkeson,Eastern Cape,-34.010177,24.346794,5
clarksdale,Clarksdale,Eastern Cape,-31.357906,26.877127,5
clarkson,Clarkson,Eastern Cape,-34.010177,24.346794,5
clarkson village,Clarkson Village,Eastern Cape,-34.010177,24.346794,5
clarkville,Clarkville,Eastern Cape,-30.779149,29.675638,5
cliffdale,Cliffdale,Eastern Cape,-30.935181,29.450284,5
clifford,Clifford,Eastern Cape,-31.081479,27.448531,5
clifton,Clifton,Eastern Cape,-30.560642,26.078522,5
clifton vale,Clifton Vale,Eastern Cape,-31.834726,26.929615,5
clumber,Clumber,Eastern Cape,-33.449786,26.852687,5
clydesdale,Clydesdale,Eastern Cape,-30.298313,29.93772,5
cobosi,Cobosi,Eastern Cape,-31.795832,28.139773,5
coega,Coega,Eastern Cape,-33.760675,25.645706,5
coffee bar,Coffee Bar,Eastern Cape,-31.980885,29.144534,5
coffee bay,Coffee Bay,Eastern Cape,-31.980885,29.144534,5
cofimvaba,Cofimvaba,Eastern Cape,-32.001149,27.580451,5
coghlan,Coghlan,Eastern Cape,-31.663689,28.229109,5
cokomfini,Cokomfini,Eastern Cape,-31.060802,28.767673,5
cola,Cola,Eastern Cape,-30.992619,29.248485,5
colan,Colan,Eastern Cape,-30.800551,28.37803,5
colana,Colana,Eastern Cape,-30.634562,29.040002,5
coldstream,Coldstream,Eastern Cape,-31.489667,26.734546,5
collingham,Collingham,Eastern Cape,-31.318834,26.233839,5
collywobbles,Collywobbles,Eastern Cape,-32.008995,28.570501,5
colon,Colon,Eastern Cape,-30.800551,28.37803,5
colona,Colona,Eastern Cape,-30.634562,29.040002,5
coloti,Coloti,Eastern Cape,-30.680908,28.606588,5
columba,Columba,Eastern Cape,-32.483976,28.365878,5
combeni,Combeni,Eastern Cape,-31.4,29.066667,5
combleigh,Combleigh,Eastern Cape,-31.981448,26.712112,5
committee,Committee,Eastern Cape,-33.157813,26.832588,5
committeedrift,Committeedrift,Eastern Cape,-33.157813,26.832588,5
committees,Committees,Eastern Cape,-33.157813,26.832588,5
committees drift,Committees Drift,Eastern Cape,-33.157813,26.832588,5
commons valley,Commons Valley,Eastern Cape,-30.525868,29.845349,5
commonsvale,Commonsvale,Eastern Cape,-30.525868,29.845349,5
content,Content,Eastern Cape,-30.77081,25.866701,5
conubie mouth,Conubie Mouth,Eastern Cape,-32.94433,28.014955,5
conway,Conway,Eastern Cape,-31.733843,25.302315,5
cookhouse,Cookhouse,Eastern Cape,-32.743222,25.80037,5
cooperdale,Cooperdale,Eastern Cape,-32.15,28.966667,5
corbetts hope,Corbetts Hope,Eastern Cape,-30.616667,26.35,5
cotswold,Cotswold,Eastern Cape,-33.938851,25.547539,5
cotyeni,Cotyeni,Eastern Cape,-31.966667,27.833333,5
coville,Coville,Eastern Cape,-30.621795,27.126501,5
cradock,Cradock,Eastern Cape,-32.164221,25.619176,5
cransmoor,Cransmoor,Eastern Cape,-30.840214,28.201503,5
crediton,Crediton,Eastern Cape,-32.694462,28.019557,5
crocodilevlei,Crocodilevlei,Eastern Cape,-31.986878,29.030975,5
crossroads,Crossroads,Eastern Cape,-33.16972,27.289249,5
croston,Croston,Eastern Cape,-30.834417,26.135225,5
croxteth,Croxteth,Eastern Cape,-30.954846,26.823046,5
cuba,Cuba,Eastern Cape,-31.85,27.5,5
culandoda,Culandoda,Eastern Cape,-31.614948,28.103062,5
cullendale,Cullendale,Eastern Cape,-32.65946,26.18832,5
culunca,Culunca,Eastern Cape,-31.144209,28.728686,5
cumakala,Cumakala,Eastern Cape,-31.655783,27.235735,5
cumngce,Cumngce,Eastern Cape,-31.454287,29.212824,5
cungwana,Cungwana,Eastern Cape,-31.767413,27.463441,5
cungweni,Cungweni,Eastern Cape,-32.116667,28.816667,5
cutini,Cutini,Eastern Cape,-31.410067,29.755177,5
cutweni,Cutweni,Eastern Cape,-31.410067,29.755177,5
cuylerville,Cuylerville,Eastern Cape,-31.795959,26.946546,5
cwaka,Cwaka,Eastern Cape,-31.136988,29.178944,5
cwebe,Cwebe,Eastern Cape,-32.193558,28.930171,5
cwebe bos,Cwebe Bos,Eastern Cape,-32.212181,28.938572,5
cwebeni,Cwebeni,Eastern Cape,-31.662148,29.431655,5
cwecweni,Cwecweni,Eastern Cape,-31.939224,28.048699,5
cwehaland,Cwehaland,Eastern Cape,-31.05,29.1,5
cweraland,Cweraland,Eastern Cape,-31.05,29.1,5
cwili,Cwili,Eastern Cape,-32.673256,28.36009,5
cynsen,Cynsen,Eastern Cape,-31.028622,26.963559,5
cyprus dale,Cyprus Dale,Eastern Cape,-32.9,28,5
cyprusdale,Cyprusdale,Eastern Cape,-31.009094,26.000767,5
dabane,Dabane,Eastern Cape,-32.066667,28.783333,5
dadamba,Dadamba,Eastern Cape,-32.25,28.333333,5
dadeni,Dadeni,Eastern Cape,-33.114045,27.077608,5
dadiyane,Dadiyane,Eastern Cape,-32.25,28.283333,5
dagbreek,Dagbreek,Eastern Cape,-30.773742,26.645219,5
dahabe,Dahabe,Eastern Cape,-31.89116,28.648637,5
dalkeith,Dalkeith,Eastern Cape,-31.660506,26.286731,5
dallas,Dallas,Eastern Cape,-32.546261,28.162535,5
dalmanutha,Dalmanutha,Eastern Cape,-30.899268,26.493964,5
damanskraal,Damanskraal,Eastern Cape,-31.505383,25.858814,5
damarusfontein,Damarusfontein,Eastern Cape,-30.843855,25.657295,5
dambeni,Dambeni,Eastern Cape,-30.891236,29.338017,5
dambisa,Dambisa,Eastern Cape,-30.861131,29.013894,5
damboni,Damboni,Eastern Cape,-30.891236,29.338017,5
damdam,Damdam,Eastern Cape,-33.155472,27.2115,5
damplaas,Damplaas,Eastern Cape,-30.762234,26.069813,5
dangers hoek,Dangers Hoek,Eastern Cape,-30.621043,27.783252,5
dangwana,Dangwana,Eastern Cape,-31.586456,29.267776,5
dangwani,Dangwani,Eastern Cape,-31.183807,29.573349,5
daninge,Daninge,Eastern Cape,-33.285357,27.332494,5
dankeni,Dankeni,Eastern Cape,-31.96522,28.648053,5
darabe,Darabe,Eastern Cape,-31.89116,28.648637,5
davidsfontein,Davidsfontein,Eastern Cape,-31.098711,26.298076,5
dawn,Dawn,Eastern Cape,-31.094311,26.53525,5
daymani,Daymani,Eastern Cape,-30.829968,28.772216,5
de dam,De Dam,Eastern Cape,-31.299351,25.947887,5
de heim,De Heim,Eastern Cape,-30.797203,26.171504,5
de hoek,De Hoek,Eastern Cape,-31.83854,26.282844,5
de hoop,De Hoop,Eastern Cape,-30.859655,26.964675,5
de hoops,De Hoops,Eastern Cape,-30.602002,25.989474,5
de kloof,De Kloof,Eastern Cape,-31.033333,25.566667,5
de kuien,De Kuien,Eastern Cape,-31.786239,25.729477,5
de leegte,De Leegte,Eastern Cape,-31.753791,26.09576,5
de mistkraal,De Mistkraal,Eastern Cape,-33.742779,24.710102,5
de mistkraal nedersetting,De Mistkraal Nedersetting,Eastern Cape,-33.743509,24.710426,5
de rust,De Rust,Eastern Cape,-30.859586,26.289223,5
de vlakte,De Vlakte,Eastern Cape,-33.45,23.583333,5
de weg,De Weg,Eastern Cape,-33.233333,24.183333,5
de wicht,De Wicht,Eastern Cape,-33.233333,24.183333,5
deal party,Deal Party,Eastern Cape,-33.895262,25.615859,5
debe marela,Debe Marela,Eastern Cape,-32.893433,27.009825,5
debe nek,Debe Nek,Eastern Cape,-32.816667,27.15,5
debera,Debera,Eastern Cape,-31.788493,28.070661,5
deckert's hill,Deckert's Hill,Eastern Cape,-31.970134,27.509001,5
deelspruit,Deelspruit,Eastern Cape,-30.610192,26.207495,5
deep dale grange,Deep Dale Grange,Eastern Cape,-30.548175,29.905594,5
deepdale,Deepdale,Eastern Cape,-30.548175,29.905594,5
delarey,Delarey,Eastern Cape,-33.8,25.616667,5
delila,Delila,Eastern Cape,-31.133333,26.7,5
den haag,Den Haag,Eastern Cape,-31.343954,26.555008,5
dengwane,Dengwane,Eastern Cape,-30.308412,28.743481,5
denhaga,Denhaga,Eastern Cape,-31.256533,26.796191,5
dennie park,Dennie Park,Eastern Cape,-31.659275,25.827004,5
deochandorris,Deochandorris,Eastern Cape,-31.383333,27.583333,5
depus,Depus,Eastern Cape,-33.616667,25.6,5
derrington,Derrington,Eastern Cape,-31.233333,26.35,5
despatch,Despatch,Eastern Cape,-33.801721,25.462838,5
detyana,Detyana,Eastern Cape,-31.829021,29.074936,5
devon house,Devon House,Eastern Cape,-31.335314,25.616252,5
dickenstone,Dickenstone,Eastern Cape,-31.976438,26.802009,5
didi,Didi,Eastern Cape,-31.707403,28.285779,5
didimana,Didimana,Eastern Cape,-32.150906,26.573075,5
die draai,Die Draai,Eastern Cape,-30.747763,26.788523,5
die viel,Die Viel,Eastern Cape,-31.133333,26.933333,5
die vlak,Die Vlak,Eastern Cape,-31.416667,25.766667,5
die vlakte,Die Vlakte,Eastern Cape,-31.433333,25.8,5
die vlei,Die Vlei,Eastern Cape,-31.048875,26.21115,5
die wilge,Die Wilge,Eastern Cape,-31.138457,26.680087,5
diepfontein,Diepfontein,Eastern Cape,-30.738687,26.01737,5
dikelo,Dikelo,Eastern Cape,-31.386797,29.20901,5
dikeni,Dikeni,Eastern Cape,-31.766667,28.883333,5
dimbasa,Dimbasa,Eastern Cape,-32.834831,27.217424,5
dimbaza,Dimbaza,Eastern Cape,-32.834831,27.217424,5
dindini,Dindini,Eastern Cape,-31.326019,29.842604,5
dinkelo,Dinkelo,Eastern Cape,-31.386797,29.20901,5
diova,Diova,Eastern Cape,-31.68473,28.57619,5
diphini,Diphini,Eastern Cape,-30.841115,28.620075,5
dipini,Dipini,Eastern Cape,-30.768939,28.467704,5
diva,Diva,Eastern Cape,-32.5,28.166667,5
dlabheneni,Dlabheneni,Eastern Cape,-30.78983,28.726566,5
dlakatweni,Dlakatweni,Eastern Cape,-31.702363,28.337952,5
dlepu,Dlepu,Eastern Cape,-32.47925,28.032389,5
dludlu,Dludlu,Eastern Cape,-30.766667,28.616667,5
dobo,Dobo,Eastern Cape,-30.796752,26.736296,5
dohne,Dohne,Eastern Cape,-32.529461,27.450902,5
dokodela,Dokodela,Eastern Cape,-31.372575,29.053666,5
dondashe,Dondashe,Eastern Cape,-32.483333,28.466667,5
dondi,Dondi,Eastern Cape,-31.099139,29.349259,5
dondolo,Dondolo,Eastern Cape,-30.456529,27.354401,5
dongwe,Dongwe,Eastern Cape,-32.93977,27.561806,5
dongweni,Dongweni,Eastern Cape,-31.733333,27.35,5
donkinvale,Donkinvale,Eastern Cape,-33.883333,25.6,5
donnington,Donnington,Eastern Cape,-32.70416,27.398275,5
donny-brook,Donny-brook,Eastern Cape,-32.914973,28.005253,5
doonside,Doonside,Eastern Cape,-33.416667,25.366667,5
doornbosch,Doornbosch,Eastern Cape,-31.828344,26.142869,5
doornfontein,Doornfontein,Eastern Cape,-33.1,24.266667,5
doornhoek,Doornhoek,Eastern Cape,-31.400106,26.063403,5
doornkloof,Doornkloof,Eastern Cape,-31.786902,26.057825,5
doornkop,Doornkop,Eastern Cape,-31.793763,25.762313,5
doornlaagte,Doornlaagte,Eastern Cape,-31.702509,27.288547,5
doornylei,Doornylei,Eastern Cape,-31.739992,25.506357,5
dordrecht,Dordrecht,Eastern Cape,-31.371997,27.048779,5
doringkloof,Doringkloof,Eastern Cape,-33.616667,26,5
doringkraal,Doringkraal,Eastern Cape,-31.033333,26.433333,5
doringrivier,Doringrivier,Eastern Cape,-31.75,25.966667,5
dorringtonlokasie,Dorringtonlokasie,Eastern Cape,-32.773851,26.658652,5
dorset,Dorset,Eastern Cape,-33.583333,26.65,5
double falls,Double Falls,Eastern Cape,-31.628147,29.203923,5
double mouth,Double Mouth,Eastern Cape,-32.72354,28.313536,5
dovedale,Dovedale,Eastern Cape,-30.555518,29.866862,5
dowerville,Dowerville,Eastern Cape,-33.933333,25.583333,5
downley,Downley,Eastern Cape,-31.781266,25.672637,5
dragospoortjie,Dragospoortjie,Eastern Cape,-31.483333,25.95,5
driefontein,Driefontein,Eastern Cape,-31.068673,25.531514,5
driehoek,Driehoek,Eastern Cape,-31.207146,26.598716,5
driekoppen,Driekoppen,Eastern Cape,-33.521476,26.263261,5
driversdrift,Driversdrift,Eastern Cape,-31.817181,27.050229,5
droefontein,Droëfontein,Eastern Cape,-31.666667,25.8,5
drummond gate,Drummond Gate,Eastern Cape,-31.998163,26.363682,5
dube,Dube,Eastern Cape,-33.1,27.383333,5
dube location,Dube Location,Eastern Cape,-33.1,27.383333,5
dudumashe,Dudumashe,Eastern Cape,-31.898061,27.350193,5
dudumeni,Dudumeni,Eastern Cape,-30.929484,29.58324,5
duff bank,Duff Bank,Eastern Cape,-32.09137,28.402706,5
dukulweni,Dukulweni,Eastern Cape,-31.519577,29.426075,5
dulcies nek,Dulcies Nek,Eastern Cape,-30.483333,27.45,5
dulwane,Dulwane,Eastern Cape,-31.3,28.066667,5
dulwini,Dulwini,Eastern Cape,-31.983333,28.533333,5
dumasi,Dumasi,Eastern Cape,-31.33374,29.568667,5
dumasini,Dumasini,Eastern Cape,-30.376619,28.666568,5
dumdum,Dumdum,Eastern Cape,-31.675967,26.812629,5
dumisa,Dumisa,Eastern Cape,-30.238677,29.740514,5
duncan village,Duncan Village,Eastern Cape,-33.012259,27.863319,5
duneden,Duneden,Eastern Cape,-31.637977,26.40247,5
dungu,Dungu,Eastern Cape,-31.224985,29.206292,5
dunvegan,Dunvegan,Eastern Cape,-31.301039,27.599209,5
durban mission location,Durban Mission Location,Eastern Cape,-33.204456,27.140256,5
dutyini,Dutyini,Eastern Cape,-30.824909,29.297813,5
dwaleni,Dwaleni,Eastern Cape,-31.719474,28.433017,5
dwesa,Dwesa,Eastern Cape,-32.283333,28.783333,5
dwessa,Dwessa,Eastern Cape,-32.283333,28.783333,5
dyamala,Dyamala,Eastern Cape,-32.202504,26.763849,5
dyam-dyam,Dyam-Dyam,Eastern Cape,-33.207038,27.536803,5
dyashi,Dyashi,Eastern Cape,-32.536804,28.48132,5
dyivini,Dyivini,Eastern Cape,-31.070891,29.201669,5
dyobhudaka,Dyobhudaka,Eastern Cape,-31.1,27.166667,5
dyushu,Dyushu,Eastern Cape,-32.361784,28.048356,5
east bank,East Bank,Eastern Cape,-33.583333,25.883333,5
east london,East London,Eastern Cape,-33.011051,27.910049,5
eastlands,Eastlands,Eastern Cape,-30.50903,29.827747,5
ebenda,Ebenda,Eastern Cape,-32.151377,28.460126,5
ebende,Ebende,Eastern Cape,-32.151377,28.460126,5
ebenezer,Ebenezer,Eastern Cape,-31.068727,30.164404,5
ebenezer mhlambiso's,Ebenezer Mhlambiso's,Eastern Cape,-32.666667,27,5
ebufumbe,Ebufumbe,Eastern Cape,-31.97557,28.935247,5
ebufumbu,Ebufumbu,Eastern Cape,-31.97557,28.935247,5
ebulawa,Ebulawa,Eastern Cape,-31.78127,29.311034,5
ecani,Ecani,Eastern Cape,-31.255672,29.632164,5
echodale,Echodale,Eastern Cape,-31.810905,25.934687,5
edenfield,Edenfield,Eastern Cape,-31.983955,25.526235,5
edgeton,Edgeton,Eastern Cape,-30.104545,29.661095,5
edrayini,eDrayini,Eastern Cape,-33.241249,27.149741,5
edrom,Edrom,Eastern Cape,-31.113518,25.737122,5
edulawa,Edulawa,Eastern Cape,-31.78127,29.311034,5
eenbult,Eenbult,Eastern Cape,-31.039173,25.813009,5
eendrag,Eendrag,Eastern Cape,-31.074369,26.796559,5
eensaam,Eensaam,Eastern Cape,-31.426071,28.094345,5
eensgevonden,Eensgevonden,Eastern Cape,-30.955174,26.214286,5
eerstegeluk,Eerstegeluk,Eastern Cape,-30.936301,26.230682,5
eersterivier,Eersterivier,Eastern Cape,-34.061971,24.241147,5
eersterivierstrand,Eersterivierstrand,Eastern Cape,-34.061971,24.241147,5
egaso,Egaso,Eastern Cape,-31.823451,28.022276,5
egoso,Egoso,Eastern Cape,-31.823451,28.022276,5
eiffel,Eiffel,Eastern Cape,-31.616667,27.383333,5
ekhethekhethe,eKhethekhethe,Eastern Cape,-30.801407,28.753368,5
ekolweni,Ekolweni,Eastern Cape,-30.630555,28.858128,5
ekron,Ekron,Eastern Cape,-31.347283,25.866265,5
el alamen,El Alamen,Eastern Cape,-30.897508,25.956117,5
el alemein,El Alemein,Eastern Cape,-31.292567,25.531877,5
elabafazi,Elabafazi,Eastern Cape,-31.531849,28.189767,5
elalini,eLalini,Eastern Cape,-33.133333,27.1,5
elands height,Elands Height,Eastern Cape,-30.804165,28.224977,5
elands heights,Elands Heights,Eastern Cape,-30.804165,28.224977,5
elandsberg,Elandsberg,Eastern Cape,-31.88524,25.68141,5
elandskop,Elandskop,Eastern Cape,-31.929733,26.127204,5
elandslaagte,Elandslaagte,Eastern Cape,-31,26.466667,5
elandsrivier poort,Elandsrivier Poort,Eastern Cape,-31.799691,26.180393,5
elberveld,Elberveld,Eastern Cape,-30.824275,26.019613,5
eldorado,Eldorado,Eastern Cape,-30.977856,26.782665,5
element,Element,Eastern Cape,-30.811536,26.780161,5
elim,Elim,Eastern Cape,-30.756301,26.183155,5
elima soga,Elima Soga,Eastern Cape,-31.683333,27.45,5
elliot,Elliot,Eastern Cape,-31.333333,27.85,5
elliotdale,Elliotdale,Eastern Cape,-31.962916,28.684009,5
elubaleko,Elubaleko,Eastern Cape,-30.696002,29.364534,5
elucwecwe,Elucwecwe,Eastern Cape,-31.734702,27.881401,5
eluheweni,Eluheweni,Eastern Cape,-31.698205,28.106176,5
eluhewieni,Eluhewieni,Eastern Cape,-31.698205,28.106176,5
elujecweni,Elujecweni,Eastern Cape,-31.260373,28.589657,5
elukolweni,eLukolweni,Eastern Cape,-30.44981,29.992862,5
elukoweni,Elukoweni,Eastern Cape,-30.630555,28.858128,5
elundi,eLundi,Eastern Cape,-30.908515,28.682553,5
elundini,Elundini,Eastern Cape,-33.883333,25.6,5
eluqolweni,eLuqolweni,Eastern Cape,-33.142804,27.03695,5
elutubeni,Elutubeni,Eastern Cape,-31.405251,28.936444,5
emabaleni,eMabaleni,Eastern Cape,-33.366667,27.05,5
emablubini,eMablubini,Eastern Cape,-33.237697,27.125268,5
emagusheni,Emagusheni,Eastern Cape,-30.856093,29.60489,5
emandleni,Emandleni,Eastern Cape,-31.65,28.983333,5
embangweni,Embangweni,Eastern Cape,-32.133523,28.110724,5
embotyi,Embotyi,Eastern Cape,-31.461308,29.739816,5
emboutyi river mouth,Emboutyi River Mouth,Eastern Cape,-31.461308,29.739816,5
embugwini,Embugwini,Eastern Cape,-32.116667,28.183333,5
emerald hill,Emerald Hill,Eastern Cape,-33.997694,25.550374,5
emexegweni,Emexegweni,Eastern Cape,-30.7,28.733333,5
emfanta,Emfanta,Eastern Cape,-30.718236,28.546822,5
emfundisweni,Emfundisweni,Eastern Cape,-30.90295,29.522905,5
emfundusweni,Emfundusweni,Eastern Cape,-30.90295,29.522905,5
emgcwe,Emgcwe,Eastern Cape,-32.133333,28.233333,5
emjanyana,Emjanyana,Eastern Cape,-31.837746,28.100546,5
emkanzi,Emkanzi,Eastern Cape,-31.663677,27.93237,5
emmanuel,Emmanuel,Eastern Cape,-30.758191,26.460422,5
emnexe,Emnexe,Eastern Cape,-31.560669,27.611957,5
emnxe,Emnxe,Eastern Cape,-31.529571,27.620097,5
emqokolweni,Emqokolweni,Eastern Cape,-31.119028,28.550543,5
emtabazo,Emtabazo,Eastern Cape,-32.183333,26.75,5
emxaxa,eMxaxa,Eastern Cape,-33.136637,27.015485,5
enca,Enca,Eastern Cape,-31.25,28.583333,5
encenjane,eNcenjane,Eastern Cape,-30.86791,30.038835,5
enduku,Enduku,Eastern Cape,-31.746445,28.025385,5
enduleni,Enduleni,Eastern Cape,-31.373482,29.346903,5
endwe,Endwe,Eastern Cape,-31.765652,27.388504,5
engabeni,Engabeni,Eastern Cape,-30.166667,29.5,5
engcobo,Engcobo,Eastern Cape,-31.666667,28,5
engwaqa,Engwaqa,Eastern Cape,-30.167981,29.651502,5
engwekazana,Engwekazana,Eastern Cape,-30.755507,29.12342,5
engxogi,Engxogi,Eastern Cape,-31.664472,28.155564,5
enon,Enon,Eastern Cape,-33.396082,25.546528,5
enqobokeni,Enqobokeni,Eastern Cape,-32.164508,26.72207,5
entafufu,Entafufu,Eastern Cape,-31.491315,29.521597,5
entsimekweni,Entsimekweni,Eastern Cape,-30.611881,27.200929,5
entsimkeni,Entsimkeni,Eastern Cape,-30.611881,27.200929,5
envis,Envis,Eastern Cape,-30.885247,29.706355,5
enyandeni,eNyandeni,Eastern Cape,-30.840594,28.886229,5
enyanisweni,Enyanisweni,Eastern Cape,-30.117445,29.677396,5
enzongisini,Enzongisini,Eastern Cape,-30.766449,29.33411,5
enzongizni,Enzongizni,Eastern Cape,-30.766449,29.33411,5
eqeto,eQeto,Eastern Cape,-33.325811,27.099937,5
eqokama,eQokama,Eastern Cape,-31.925922,28.292356,5
equmrha,eQumrha,Eastern Cape,-30.935068,29.059581,5
erasmusdal,Erasmusdal,Eastern Cape,-30.98162,26.604148,5
erfdeel,Erfdeel,Eastern Cape,-30.915514,25.999916,5
erinmore,Erinmore,Eastern Cape,-31.124027,26.199255,5
esehlabeni,Esehlabeni,Eastern Cape,-30.169766,28.8952,5
esikhobeni,Esikhobeni,Eastern Cape,-32.416667,28.233333,5
esikobeni,Esikobeni,Eastern Cape,-32.0181,28.07162,5
esinquineni,Esinquineni,Eastern Cape,-32.002765,28.251228,5
esinxago,Esinxago,Eastern Cape,-31.110184,28.60008,5
esitangameni,Esitangameni,Eastern Cape,-31.035208,28.81015,5
eskweleni,Eskweleni,Eastern Cape,-31.807987,28.904038,5
esperanza,Esperanza,Eastern Cape,-31.575947,26.647523,5
eswana,Eswana,Eastern Cape,-30.946627,29.649401,5
eswane,Eswane,Eastern Cape,-30.946627,29.649401,5
etempen,Etempen,Eastern Cape,-33.233333,27.15,5
etyene,Etyene,Eastern Cape,-31.334265,28.713032,5
etyeni,Etyeni,Eastern Cape,-31.334265,28.713032,5
evelon,Evelon,Eastern Cape,-32.767166,28.050004,5
eveneser,Eveneser,Eastern Cape,-31.767411,25.944987,5
everton,Everton,Eastern Cape,-31.864383,26.950062,5
ewanrigg,Ewanrigg,Eastern Cape,-32.651019,28.278022,5
excelsior,Excelsior,Eastern Cape,-30.98124,26.466379,5
exeni,Exeni,Eastern Cape,-32.02028,28.408657,5
expectations,Expectations,Eastern Cape,-30.359604,29.720407,5
ezandikwane,Ezandikwane,Eastern Cape,-31.380062,28.838693,5
ezelsklip,Ezelsklip,Eastern Cape,-30.933333,26.633333,5
fahla,Fahla,Eastern Cape,-31.343528,29.674741,5
fairfield,Fairfield,Eastern Cape,-31.311146,26.581547,5
fairview,Fairview,Eastern Cape,-31.290201,27.063969,5
falakahla,Falakahla,Eastern Cape,-32.083333,28.466667,5
faluku,Faluku,Eastern Cape,-30.751637,28.527822,5
fama,Fama,Eastern Cape,-31.706412,28.470784,5
farmer field m,Farmer Field M,Eastern Cape,-33.491673,26.547215,5
fathershome,Fathershome,Eastern Cape,-30.931551,26.49013,5
felleng,Felleng,Eastern Cape,-30.25,28.65,5
feltham,Feltham,Eastern Cape,-31.086237,28.207407,5
feni,Feni,Eastern Cape,-33.204446,27.181458,5
ferguson,Ferguson,Eastern Cape,-33.916667,25.583333,5
fernglen,Fernglen,Eastern Cape,-33.95,25.533333,5
ferreiratown,Ferreiratown,Eastern Cape,-34.039017,24.928618,5
fieldmoor,Fieldmoor,Eastern Cape,-30.742597,26.134971,5
figiso,Figiso,Eastern Cape,-31.984041,28.985685,5
finne,Finne,Eastern Cape,-30.965511,26.821164,5
fish river camping site,Fish River Camping Site,Eastern Cape,-33.498452,27.130813,5
fish river mouth,Fish River Mouth,Eastern Cape,-33.498452,27.130813,5
flaauwkraal,Flaauwkraal,Eastern Cape,-30.995317,27.057598,5
flagstaff,Flagstaff,Eastern Cape,-31.080419,29.49522,5
fletcherville,Fletcherville,Eastern Cape,-30.607672,28.419434,5
floukraal,Floukraal,Eastern Cape,-30.995317,27.057598,5
fokoxo,Fokoxo,Eastern Cape,-31.00617,29.425992,5
fontana,Fontana,Eastern Cape,-31.156241,28.102884,5
fonteinkloof,Fonteinkloof,Eastern Cape,-30.736518,26.656971,5
fonteinplaas,Fonteinplaas,Eastern Cape,-31.515889,25.576985,5
fonteintjie,Fonteintjie,Eastern Cape,-31.410333,25.643376,5
fordini,Fordini,Eastern Cape,-32.361319,28.229368,5
fort beaufort,Fort Beaufort,Eastern Cape,-32.774769,26.633756,5
fort brown,Fort Brown,Eastern Cape,-33.133333,26.616667,5
fort cox,Fort Cox,Eastern Cape,-32.767669,27.034571,5
fort donald,Fort Donald,Eastern Cape,-30.756733,29.557128,5
fort grey,Fort Grey,Eastern Cape,-33.031175,27.777929,5
fort harrison,Fort Harrison,Eastern Cape,-31.566667,29.433333,5
fort hook,Fort Hook,Eastern Cape,-30.59021,27.595991,5
fort ivor,Fort Ivor,Eastern Cape,-31.98214,27.937413,5
fort malan,Fort Malan,Eastern Cape,-32.152765,28.522421,5
fort murray,Fort Murray,Eastern Cape,-32.940878,27.488423,5
fort warden,Fort Warden,Eastern Cape,-32.560482,28.006923,5
fort warden outspan,Fort Warden Outspan,Eastern Cape,-32.560482,28.006923,5
fowlds,Fowlds,Eastern Cape,-33.533333,26.066667,5
fowlds halt,Fowlds Halt,Eastern Cape,-33.533333,26.066667,5
frankfort,Frankfort,Eastern Cape,-32.729847,27.466441,5
frankstead,Frankstead,Eastern Cape,-31.004693,28.3744,5
freemantle,Freemantle,Eastern Cape,-31.708751,27.186879,5
fullarton,Fullarton,Eastern Cape,-33.183333,23.833333,5
futye,Futye,Eastern Cape,-31.9938,28.72682,5
gabazi,Gabazi,Eastern Cape,-31.137474,28.975037,5
gabeni,Gabeni,Eastern Cape,-31.666667,29.15,5
gabheni,Gabheni,Eastern Cape,-30.864325,29.662664,5
gaduka,Gaduka,Eastern Cape,-31.466667,28.6,5
gala,Gala,Eastern Cape,-30.916918,28.965534,5
galane,Galane,Eastern Cape,-30.695181,28.771486,5
galatyeni,Galatyeni,Eastern Cape,-30.9,28.583333,5
galili,Galili,Eastern Cape,-31.443262,27.616825,5
gamtoos mouth,Gamtoos Mouth,Eastern Cape,-33.961706,25.04689,5
gamtoosriviermond,Gamtoosriviermond,Eastern Cape,-33.961706,25.04689,5
ganda,Ganda,Eastern Cape,-32.733333,26.766667,5
gangeni,Gangeni,Eastern Cape,-31.2,29.316667,5
garner's drift,Garner's Drift,Eastern Cape,-31.966667,27.783333,5
garrick,Garrick,Eastern Cape,-32.333333,28.766667,5
garryowen,Garryowen,Eastern Cape,-31.507953,27.494032,5
gass hill,Gass Hill,Eastern Cape,-31.525733,29.102678,5
gatacre,Gatacre,Eastern Cape,-31.276607,26.945582,5
gatberg,Gatberg,Eastern Cape,-30.483333,27.4,5
gately,Gately,Eastern Cape,-33.03136,27.883166,5
gatyana,Gatyana,Eastern Cape,-32.265883,28.507275,5
gawesa,Gawesa,Eastern Cape,-30.8943,28.742831,5
gazini,Gazini,Eastern Cape,-31.944751,29.12324,5
gciala,Gciala,Eastern Cape,-32.468938,28.621911,5
gcina,Gcina,Eastern Cape,-30.416667,27.516667,5
gcuwa,Gcuwa,Eastern Cape,-32.330833,28.149808,5
gcwaleni,Gcwaleni,Eastern Cape,-31.7166,29.369936,5
geduldfontein,Geduldfontein,Eastern Cape,-31.104742,25.834272,5
geelhout,Geelhout,Eastern Cape,-34.083333,24.283333,5
geluk,Geluk,Eastern Cape,-31.89322,25.779203,5
gelukshof,Gelukshof,Eastern Cape,-31.170814,26.715865,5
geluksoord,Geluksoord,Eastern Cape,-30.966667,26.8,5
geluksvlei,Geluksvlei,Eastern Cape,-31.665329,26.542496,5
gelukwaarts,Gelukwaarts,Eastern Cape,-31.05249,26.914708,5
gelvandale,Gelvandale,Eastern Cape,-33.916244,25.553534,5
gelykfontein,Gelykfontein,Eastern Cape,-30.757428,25.714388,5
gemfana,Gemfana,Eastern Cape,-31.096551,28.546421,5
gemfane,Gemfane,Eastern Cape,-31.096551,28.546421,5
gempana,Gempana,Eastern Cape,-31.096551,28.546421,5
gemvale,Gemvale,Eastern Cape,-31.539265,29.543811,5
geneva,Geneva,Eastern Cape,-32.825319,28.095482,5
genggeleka,Genggeleka,Eastern Cape,-31.933333,28.166667,5
gengqe,Gengqe,Eastern Cape,-31.931786,28.688744,5
gerluk,Gerluk,Eastern Cape,-31.916667,26.233333,5
gertplaas,Gertplaas,Eastern Cape,-31.6,27.416667,5
gesini,Gesini,Eastern Cape,-31.869665,27.762953,5
gibralter,Gibralter,Eastern Cape,-33.479547,27.1358,5
gingqi,Gingqi,Eastern Cape,-31.652885,28.150146,5
gladstone,Gladstone,Eastern Cape,-30.287582,28.419491,5
gladswood,Gladswood,Eastern Cape,-31.568364,26.221404,5
glandale,Glandale,Eastern Cape,-33.027601,24.815333,5
glassridge,Glassridge,Eastern Cape,-33.341023,27.281052,5
gleenmoor,Gleenmoor,Eastern Cape,-31.2,26.466667,5
glen adelaide,Glen Adelaide,Eastern Cape,-31.734196,27.149693,5
glen alfa,Glen Alfa,Eastern Cape,-31.911939,25.513139,5
glen alphen,Glen Alphen,Eastern Cape,-31.364543,28.157018,5
glen ambrose,Glen Ambrose,Eastern Cape,-33.216667,26.383333,5
glen avice,Glen Avice,Eastern Cape,-30.789665,28.190224,5
glen cave,Glen Cave,Eastern Cape,-31.35,26.5,5
glen cliff,Glen Cliff,Eastern Cape,-32.829337,26.148398,5
glen eden,Glen Eden,Eastern Cape,-32.9,28.1,5
glen ewan,Glen Ewan,Eastern Cape,-31.84379,26.373024,5
glen gray,Glen Gray,Eastern Cape,-31.755426,27.019669,5
glen gray hospital,Glen Gray Hospital,Eastern Cape,-31.720049,27.198739,5
glen gregor,Glen Gregor,Eastern Cape,-32.633333,26.116667,5
glen grey,Glen Grey,Eastern Cape,-31.755426,27.019669,5
glen grey hospital,Glen Grey Hospital,Eastern Cape,-31.720049,27.198739,5
glen holey,Glen Holey,Eastern Cape,-30.799924,29.091022,5
glen holey store,Glen Holey Store,Eastern Cape,-30.799924,29.091022,5
glen holy,Glen Holy,Eastern Cape,-30.799924,29.091022,5
glen kobus,Glen Kobus,Eastern Cape,-31.689359,26.789366,5
glen lynden,Glen Lynden,Eastern Cape,-32.535159,25.995312,5
glen muir,Glen Muir,Eastern Cape,-32.877901,28.09907,5
glen rae,Glen Rae,Eastern Cape,-31.498451,26.248643,5
glenconnor,Glenconnor,Eastern Cape,-33.401826,25.172025,5
glendinningvale,Glendinningvale,Eastern Cape,-33.95,25.583333,5
gleneric,Gleneric,Eastern Cape,-30.644268,28.917334,5
glengariff,Glengariff,Eastern Cape,-32.894599,28.089504,5
glengarry,Glengarry,Eastern Cape,-30.405544,29.680551,5
glengazi,Glengazi,Eastern Cape,-31.624355,29.33366,5
glenhurd,Glenhurd,Eastern Cape,-33.95,25.566667,5
glenlynden,Glenlynden,Eastern Cape,-30.922133,29.17495,5
glenretha,Glenretha,Eastern Cape,-33.540746,26.700872,5
glenridge,Glenridge,Eastern Cape,-30.671908,26.201434,5
glenrock,Glenrock,Eastern Cape,-31.5,26.216667,5
glenthorn,Glenthorn,Eastern Cape,-32.471097,26.238507,5
glenview,Glenview,Eastern Cape,-33.566667,26.4,5
gloria,Gloria,Eastern Cape,-31.064541,26.93741,5
gnogqora,Gnogqora,Eastern Cape,-31.466667,28.533333,5
goboti,Goboti,Eastern Cape,-31.746168,28.051926,5
godini,Godini,Eastern Cape,-31.26903,28.719623,5
godzi,Godzi,Eastern Cape,-31.310489,28.704351,5
goedehoop,Goedehoop,Eastern Cape,-30.822279,26.90589,5
goedemoed,Goedemoed,Eastern Cape,-30.849888,26.901777,5
goedgedag,Goedgedag,Eastern Cape,-31.566214,25.719274,5
goedvenwag,Goedvenwag,Eastern Cape,-31.63114,26.200565,5
goedverwacht,Goedverwacht,Eastern Cape,-30.828812,25.578964,5
gogwane,Gogwane,Eastern Cape,-31.445481,29.458814,5
goji,Goji,Eastern Cape,-30.889078,28.62519,5
gola hashe's location,Gola Hashe's Location,Eastern Cape,-33.016667,27.033333,5
golden valley,Golden Valley,Eastern Cape,-32.810204,25.795826,5
golomane,Golomane,Eastern Cape,-30.894207,28.546352,5
golomi,Golomi,Eastern Cape,-31.780001,28.863257,5
gongo,Gongo,Eastern Cape,-31.301486,29.066439,5
gonubie,Gonubie,Eastern Cape,-32.925013,27.975956,5
gonubie manor,Gonubie Manor,Eastern Cape,-32.925013,27.975956,5
gonubie mouth,Gonubie Mouth,Eastern Cape,-32.94433,28.014955,5
gonubie park,Gonubie Park,Eastern Cape,-32.947115,28.010372,5
good hope,Good Hope,Eastern Cape,-30.562532,28.678912,5
goode hoop,Goode Hoop,Eastern Cape,-30.770047,26.366702,5
goodhope,Goodhope,Eastern Cape,-33.047843,27.140709,5
goodi location,Goodi Location,Eastern Cape,-33.016667,27.283333,5
goqwana,Goqwana,Eastern Cape,-31.445481,29.458814,5
gosara,Gosara,Eastern Cape,-32.3,28.5,5
goso,Goso,Eastern Cape,-30.836536,29.248703,5
gosshill,Gosshill,Eastern Cape,-31.525733,29.102678,5
gotyibe,Gotyibe,Eastern Cape,-31.25,29.066667,5
gotyibene,Gotyibene,Eastern Cape,-32.016667,28.716667,5
gotyibeni,Gotyibeni,Eastern Cape,-31.970024,28.804196,5
gougednik,Gougednik,Eastern Cape,-30.91675,26.170472,5
goxe,Goxe,Eastern Cape,-30.697539,29.60332,5
gqabati,Gqabati,Eastern Cape,-31.552806,28.594719,5
gqaga,Gqaga,Eastern Cape,-31.553917,28.210587,5
gqaka,Gqaka,Eastern Cape,-31.553917,28.210587,5
gqaqala,Gqaqala,Eastern Cape,-31.275246,28.422504,5
gqiba,Gqiba,Eastern Cape,-32.293342,28.686302,5
gqobonco,Gqobonco,Eastern Cape,-31.623649,28.255605,5
gqogqora,Gqogqora,Eastern Cape,-31.466667,28.533333,5
gqola,Gqola,Eastern Cape,-33.175137,27.52234,5
gqoloma,Gqoloma,Eastern Cape,-30.881152,28.845627,5
gqora,Gqora,Eastern Cape,-33.116667,27.05,5
gqubeni,Gqubeni,Eastern Cape,-31.886576,29.055966,5
gqubonco,Gqubonco,Eastern Cape,-31.616963,28.193974,5
gqukangqa,Gqukangqa,Eastern Cape,-31.019779,28.604282,5
gqukungqa,Gqukungqa,Eastern Cape,-31.019779,28.604282,5
gqukunqa,Gqukunqa,Eastern Cape,-31.019779,28.604282,5
gqunce,Gqunce,Eastern Cape,-32.295741,28.379101,5
gqunge,Gqunge,Eastern Cape,-32.450818,28.53111,5
gqunge trading store,Gqunge Trading Store,Eastern Cape,-32.466667,28.55,5
gqunqe,Gqunqe,Eastern Cape,-32.45,28.45,5
gqutyini,Gqutyini,Eastern Cape,-31.626616,27.881495,5
gqwesa,Gqwesa,Eastern Cape,-30.8943,28.742831,5
graaf reinet,Graaf Reinet,Eastern Cape,-32.25,24.55,5
graaff-reinet,Graaff-Reinet,Eastern Cape,-32.25,24.55,5
grahamstad,Grahamstad,Eastern Cape,-33.304216,26.53276,5
grahamstown,Grahamstown,Eastern Cape,-33.304216,26.53276,5
grassdale,Grassdale,Eastern Cape,-31.398824,26.510452,5
grasslands,Grasslands,Eastern Cape,-31.327672,26.306253,5
grassridge,Grassridge,Eastern Cape,-31.785588,25.452898,5
greenfields,Greenfields,Eastern Cape,-33.033298,27.862158,5
greenfontein,Greenfontein,Eastern Cape,-31.416667,25.9,5
greenlands,Greenlands,Eastern Cape,-33.083333,26.766667,5
greystone,Greystone,Eastern Cape,-31.899608,26.04517,5
griebdale,Griebdale,Eastern Cape,-31.483973,28.608894,5
groenedal,Groenedal,Eastern Cape,-31.666667,27.366667,5
groenfontein,Groenfontein,Eastern Cape,-31.639395,26.133002,5
groenkloof,Groenkloof,Eastern Cape,-31.780887,25.509056,5
groenvlei,Groenvlei,Eastern Cape,-31.021026,26.403782,5
groot strydpoort,Groot Strydpoort,Eastern Cape,-31.381062,25.947006,5
groot umgazi,Groot Umgazi,Eastern Cape,-31.614246,29.42367,5
grootdam,Grootdam,Eastern Cape,-31.482609,26.20689,5
grootrivierdrif,Grootrivierdrif,Eastern Cape,-33.416667,24.666667,5
groot-samenkomst,Groot-Samenkomst,Eastern Cape,-32.181022,25.275928,5
grootschuur,Grootschuur,Eastern Cape,-31.743034,26.395126,5
groot-umngazi,Groot-Umngazi,Eastern Cape,-31.614246,29.42367,5
grootvlei,Grootvlei,Eastern Cape,-31.343612,25.694423,5
groxozayo,Groxozayo,Eastern Cape,-32.566667,28.483333,5
gruisklip,Gruisklip,Eastern Cape,-31.612843,25.771031,5
guba,Guba,Eastern Cape,-31.562801,27.366575,5
gubahoek,Gubahoek,Eastern Cape,-31.516423,27.306259,5
gubeni,Gubeni,Eastern Cape,-32.733333,28.083333,5
gubenxa,Gubenxa,Eastern Cape,-31.35446,28.148033,5
gubenxa kroon,Gubenxa Kroon,Eastern Cape,-31.35446,28.148033,5
gubhuzi,Gubhuzi,Eastern Cape,-30.631194,28.968407,5
gubuzi,Gubuzi,Eastern Cape,-30.740639,29.145715,5
gudeka,Gudeka,Eastern Cape,-31.121759,29.332161,5
guduse,Guduse,Eastern Cape,-31.900911,28.55746,5
gugwini,Gugwini,Eastern Cape,-30.501519,29.940445,5
gulandoda,Gulandoda,Eastern Cape,-31.59792,28.035232,5
gulu,Gulu,Eastern Cape,-33.114725,27.725931,5
gumdale,Gumdale,Eastern Cape,-31.167539,26.55582,5
gume,Gume,Eastern Cape,-32.333333,28.816667,5
gumzana,Gumzana,Eastern Cape,-31.025883,29.984492,5
gungululu,Gungululu,Eastern Cape,-31.429524,28.860576,5
gura,Gura,Eastern Cape,-31.028961,28.83599,5
guse,Guse,Eastern Cape,-31.82693,27.465655,5
guwini,Guwini,Eastern Cape,-30.735568,29.436895,5
guxuxu,Guxuxu,Eastern Cape,-32.319148,28.557515,5
gwadana,Gwadana,Eastern Cape,-32.214563,28.292797,5
gwadu,Gwadu,Eastern Cape,-32.183333,28.616667,5
gwalana,Gwalana,Eastern Cape,-33.271336,27.112032,5
gwili gwili,Gwili Gwili,Eastern Cape,-32.680489,27.20232,5
gxaha,Gxaha,Eastern Cape,-32.599707,28.377149,5
gxaku,Gxaku,Eastern Cape,-30.683333,28.633333,5
gxara,Gxara,Eastern Cape,-31.999355,28.288117,5
gxara trading station,Gxara Trading Station,Eastern Cape,-32.599707,28.377149,5
gxokoza,Gxokoza,Eastern Cape,-31.587855,29.268228,5
gxulu,Gxulu,Eastern Cape,-33.114725,27.725931,5
gxwaleni,Gxwaleni,Eastern Cape,-30.738915,29.528272,5
haarlem,Haarlem,Eastern Cape,-31.044591,26.569909,5
haasfonteindorings,Haasfonteindorings,Eastern Cape,-31.956656,26.353478,5
haaspoort,Haaspoort,Eastern Cape,-31.157645,26.112934,5
hackney,Hackney,Eastern Cape,-32.317199,26.645061,5
hackney and cibini,Hackney and Cibini,Eastern Cape,-32.333333,26.65,5
hadi,Hadi,Eastern Cape,-31.5503,28.8258,5
hadiaho,Hadiaho,Eastern Cape,-30.266667,28.583333,5
haga-haga,Haga-Haga,Eastern Cape,-32.763495,28.246455,5
haga-haga bay,Haga-Haga Bay,Eastern Cape,-32.763495,28.246455,5
haisaka,Haisaka,Eastern Cape,-30.25,28.583333,5
hallack rock,Hallack Rock,Eastern Cape,-33.966667,25.6,5
halseton,Halseton,Eastern Cape,-31.533333,26.816667,5
ha-majoro,Ha-Majoro,Eastern Cape,-30.348432,28.456346,5
hamburg,Hamburg,Eastern Cape,-33.284099,27.452699,5
ha-mothibisi,Ha-Mothibisi,Eastern Cape,-30.36058,28.35087,5
hamsini,Hamsini,Eastern Cape,-31.794713,29.084882,5
hankey,Hankey,Eastern Cape,-33.833079,24.883586,5
ha-nokholoko,Ha-Nokholoko,Eastern Cape,-30.616638,28.228445,5
hanover,Hanover,Eastern Cape,-32.818993,27.480597,5
happy home,Happy Home,Eastern Cape,-32.854591,28.07809,5
happy valley,Happy Valley,Eastern Cape,-32.477756,27.074449,5
ha-qhadi,Ha-Qhadi,Eastern Cape,-30.613586,28.468414,5
ha-ramarolong,Ha-Ramarolong,Eastern Cape,-30.238564,28.413374,5
hardale,Hardale,Eastern Cape,-31.166216,28.476003,5
hardeveld,Hardeveld,Eastern Cape,-31.683333,27.35,5
hardop,Hardop,Eastern Cape,-31.733333,25.933333,5
harefield,Harefield,Eastern Cape,-32.678884,28.005673,5
harmonie,Harmonie,Eastern Cape,-31.202501,25.782556,5
hart dale,Hart Dale,Eastern Cape,-31.379367,28.269888,5
hartbeesnek,Hartbeesnek,Eastern Cape,-31.3,26.15,5
hartebeesfontein,Hartebeesfontein,Eastern Cape,-31.633333,26.166667,5
hartebeesnek,Hartebeesnek,Eastern Cape,-31.966667,26.7,5
hartsdale,Hartsdale,Eastern Cape,-31.379367,28.269888,5
ha-sefoko,Ha-Sefoko,Eastern Cape,-30.404078,28.360523,5
hasetati,Hasetati,Eastern Cape,-30.454433,28.516239,5
hatchley,Hatchley,Eastern Cape,-32.643075,28.166121,5
hatchleydene,Hatchleydene,Eastern Cape,-32.643075,28.166121,5
ha-tlhakanelo,Ha-Tlhakanelo,Eastern Cape,-30.240377,28.435974,5
hazeldene,Hazeldene,Eastern Cape,-31.963123,25.690542,5
healdton fingo,Healdton Fingo,Eastern Cape,-32.733333,26.666667,5
healdtown,Healdtown,Eastern Cape,-32.716667,26.716667,5
heathfield,Heathfield,Eastern Cape,-31.846545,26.003817,5
hebehebe,Hebehebe,Eastern Cape,-32.236075,27.830299,5
hebron,Hebron,Eastern Cape,-30.675327,26.436019,5
heckel,Heckel,Eastern Cape,-32.450664,27.538772,5
heights,Heights,Eastern Cape,-33.854513,23.976492,5
heilbron,Heilbron,Eastern Cape,-31.695219,26.06337,5
helena,Helena,Eastern Cape,-31.239782,26.794242,5
helmekaal,Helmekaal,Eastern Cape,-30.7545,26.424464,5
helmekaar,Helmekaar,Eastern Cape,-31.869349,26.358301,5
helpmekaar,Helpmekaar,Eastern Cape,-30.726216,26.897854,5
hely grove,Hely Grove,Eastern Cape,-31.811274,28.554561,5
herberg,Herberg,Eastern Cape,-31.874291,25.825946,5
herbou,Herbou,Eastern Cape,-31.9,25.766667,5
hercules,Hercules,Eastern Cape,-33.310119,27.425127,5
hermiston,Hermiston,Eastern Cape,-33.539069,25.681775,5
herschel,Herschel,Eastern Cape,-30.615347,27.164076,5
hessiesdeel,Hessiesdeel,Eastern Cape,-30.683333,26.083333,5
heynsrus,Heynsrus,Eastern Cape,-33.683333,25.033333,5
heynsrust,Heynsrust,Eastern Cape,-33.683333,25.033333,5
high view,High View,Eastern Cape,-30.758002,29.637692,5
highlands,Highlands,Eastern Cape,-30.333815,29.951982,5
hilda heath,Hilda Heath,Eastern Cape,-30.319149,28.366524,5
hillcrest,Hillcrest,Eastern Cape,-31.891228,26.814847,5
hillcroft,Hillcroft,Eastern Cape,-31.426845,26.413046,5
hillhead,Hillhead,Eastern Cape,-30.854218,26.62674,5
hillside,Hillside,Eastern Cape,-30.561423,27.578066,5
hilltop,Hilltop,Eastern Cape,-30.217794,29.540134,5
hillview,Hillview,Eastern Cape,-31.40963,27.211907,5
hillvue,Hillvue,Eastern Cape,-31.184275,26.001341,5
hiwahlwazi,Hiwahlwazi,Eastern Cape,-31.141701,29.649018,5
hkankweni,Hkankweni,Eastern Cape,-31.107975,28.713211,5
hlabati,Hlabati,Eastern Cape,-31.179102,29.111181,5
hlabatini,Hlabatini,Eastern Cape,-31.188144,29.723733,5
hlabatshane,Hlabatshane,Eastern Cape,-31.72587,28.838828,5
hlabeni,Hlabeni,Eastern Cape,-32.15,28.083333,5
hlabiti,Hlabiti,Eastern Cape,-31.179102,29.111181,5
hlakoane,Hlakoane,Eastern Cape,-30.266667,28.8,5
hlane,Hlane,Eastern Cape,-30.917084,29.059809,5
hlangalane,Hlangalane,Eastern Cape,-30.972853,28.583332,5
hlangani,Hlangani,Eastern Cape,-32.316667,28.3,5
hlani,Hlani,Eastern Cape,-30.649743,28.962316,5
hlanjwa,Hlanjwa,Eastern Cape,-30.55,27.283333,5
hlankomo,Hlankomo,Eastern Cape,-30.902097,29.371396,5
hlapabomvu,Hlapabomvu,Eastern Cape,-31.273802,29.359579,5
hlobo,Hlobo,Eastern Cape,-32.048814,28.193699,5
hlomendlini,Hlomendlini,Eastern Cape,-30.583333,27.266667,5
hluleka,Hluleka,Eastern Cape,-31.82523,29.301843,5
hlwahlwazi,Hlwahlwazi,Eastern Cape,-31.162414,29.603722,5
hlwanlwazi,Hlwanlwazi,Eastern Cape,-31.162414,29.603722,5
hobeni,Hobeni,Eastern Cape,-32.166667,28.883333,5
hode,Hode,Eastern Cape,-30.823855,29.138587,5
hoekskraal,Hoekskraal,Eastern Cape,-33.1,25.25,5
hofisi,Hofisi,Eastern Cape,-30.858701,28.788929,5
hofmeyr,Hofmeyr,Eastern Cape,-31.653492,25.803656,5
hogsback,Hogsback,Eastern Cape,-32.59527,26.940195,5
hohane,Hohane,Eastern Cape,-30.965078,28.914046,5
hohobeng,Hohobeng,Eastern Cape,-30.456281,27.528878,5
hole in the wall,Hole in the Wall,Eastern Cape,-32.032939,29.110702,5
holela,Holela,Eastern Cape,-32.333333,28.316667,5
holland park,Holland Park,Eastern Cape,-33.933333,25.583333,5
holy cross,Holy Cross,Eastern Cape,-31.149845,29.672465,5
holy cross mission,Holy Cross Mission,Eastern Cape,-31.149845,29.672465,5
home park,Home Park,Eastern Cape,-31.935978,26.895954,5
honeyville,Honeyville,Eastern Cape,-33.15,23.116667,5
hoogland,Hoogland,Eastern Cape,-30.815299,26.258602,5
hoogstede,Hoogstede,Eastern Cape,-30.760202,26.215946,5
hope vale,Hope Vale,Eastern Cape,-31.407462,26.553274,5
hope well,Hope Well,Eastern Cape,-30.527931,29.852497,5
hopefield,Hopefield,Eastern Cape,-31.615774,26.545208,5
hopeleigh,Hopeleigh,Eastern Cape,-31.849664,25.990367,5
hopevale,Hopevale,Eastern Cape,-30.527931,29.852497,5
hopewell,Hopewell,Eastern Cape,-30.914534,26.83511,5
hopwood,Hopwood,Eastern Cape,-31.594024,26.525456,5
horseshoe,Horseshoe,Eastern Cape,-32.7,27.116667,5
horton,Horton,Eastern Cape,-33.098214,27.015802,5
hota,Hota,Eastern Cape,-31.640685,27.681357,5
hota-mbeule,Hota-Mbeule,Eastern Cape,-31.679627,27.71392,5
hotolos,Hotolos,Eastern Cape,-30.646834,28.912792,5
hototo,Hototo,Eastern Cape,-30.646834,28.912792,5
hottentotspoort,Hottentotspoort,Eastern Cape,-33.516667,24.483333,5
houtkloof,Houtkloof,Eastern Cape,-33.626941,24.894851,5
howieson's poort,Howieson's Poort,Eastern Cape,-33.35,26.5,5
hughenden,Hughenden,Eastern Cape,-31.597303,26.759758,5
huguenot,Huguenot,Eastern Cape,-31.095287,26.611119,5
hukuwa,Hukuwa,Eastern Cape,-32.155555,26.665362,5
hukwini,Hukwini,Eastern Cape,-30.997074,28.647062,5
hulele,Hulele,Eastern Cape,-32.333333,28.316667,5
humansdorp,Humansdorp,Eastern Cape,-34.029029,24.769122,5
humewood,Humewood,Eastern Cape,-33.977675,25.64119,5
ida,Ida,Eastern Cape,-31.403274,27.556263,5
idutywa,Idutywa,Eastern Cape,-32.096185,28.304888,5
idutywa river,Idutywa River,Eastern Cape,-32.05,28.416667,5
igoda mouth,Igoda Mouth,Eastern Cape,-33.083333,27.766667,5
ilinge,Ilinge,Eastern Cape,-31.976764,27.042674,5
imbotje,Imbotje,Eastern Cape,-31.461308,29.739816,5
impaka,Impaka,Eastern Cape,-31.943778,28.977657,5
impetu,Impetu,Eastern Cape,-32.632973,28.135557,5
impisi,Impisi,Eastern Cape,-31.079612,29.889016,5
imvani,Imvani,Eastern Cape,-32.030897,27.07636,5
indawana,Indawana,Eastern Cape,-29.983333,29.45,5
indwana,Indwana,Eastern Cape,-31.61818,27.496124,5
indwe,Indwe,Eastern Cape,-31.466667,27.333333,5
inhoek,Inhoek,Eastern Cape,-31.2,25.816667,5
innistore,Innistore,Eastern Cape,-31.368696,27.614758,5
insikeni,Insikeni,Eastern Cape,-30.143576,29.585878,5
insizwa,Insizwa,Eastern Cape,-30.738171,29.24748,5
intsimbini,Intsimbini,Eastern Cape,-31.600124,29.332122,5
inxu drift,Inxu Drift,Eastern Cape,-31.225958,28.640539,5
irisdale,Irisdale,Eastern Cape,-32.762098,28.2213,5
ironstone,Ironstone,Eastern Cape,-31.770163,28.80288,5
isidenge bosboustasie,Isidenge Bosboustasie,Eastern Cape,-32.672744,27.283273,5
isihlite,Isihlite,Eastern Cape,-31.399154,29.464558,5
isihlito,Isihlito,Eastern Cape,-31.399154,29.464558,5
isilindini,Isilindini,Eastern Cape,-31.083333,29.166667,5
isinuka,Isinuka,Eastern Cape,-31.601647,29.486833,5
isityam,Isityam,Eastern Cape,-32.25,28.116667,5
isnuka,Isnuka,Eastern Cape,-31.601647,29.486833,5
ivanhoe,Ivanhoe,Eastern Cape,-31.467214,26.695207,5
izeleni,Izeleni,Eastern Cape,-32.744301,27.377433,5
jabula,Jabula,Eastern Cape,-31.734458,28.622102,5
jafta's,Jafta's,Eastern Cape,-32.766667,27.266667,5
jakkals pos,Jakkals Pos,Eastern Cape,-31.349371,26.021689,5
jakkalsbank,Jakkalsbank,Eastern Cape,-31.266667,26.95,5
jakkalspoort,Jakkalspoort,Eastern Cape,-31.744032,25.83909,5
jalamba,Jalamba,Eastern Cape,-32.033333,28.733333,5
jamestown,Jamestown,Eastern Cape,-31.121093,26.806866,5
jansenville,Jansenville,Eastern Cape,-32.943056,24.672178,5
jeffrey's bay,Jeffrey's Bay,Eastern Cape,-34.050645,24.919499,5
jeffreysbaai,Jeffreysbaai,Eastern Cape,-34.050645,24.919499,5
jenca,Jenca,Eastern Cape,-31.297388,28.564946,5
jengce,Jengce,Eastern Cape,-31.297388,28.564946,5
jericho,Jericho,Eastern Cape,-31.507534,25.602613,5
joewyns park,Joewyns Park,Eastern Cape,-31.603714,26.544572,5
jojweni,Jojweni,Eastern Cape,-31.693567,27.857169,5
jokwenus location,Jokwenus Location,Eastern Cape,-33.366667,27.083333,5
josanas hoek,Josanas Hoek,Eastern Cape,-30.613713,27.36581,5
josefsdeel,Josefsdeel,Eastern Cape,-30.581568,26.21751,5
joubertina,Joubertina,Eastern Cape,-30.861049,26.689711,5
jozannas nek,Jozannas Nek,Eastern Cape,-30.616336,27.336302,5
jozannashoek,Jozannashoek,Eastern Cape,-30.613713,27.36581,5
jujura,Jujura,Eastern Cape,-32.379406,28.644384,5
junction ferry,Junction Ferry,Eastern Cape,-31.186574,28.694954,5
kaalplaas,Kaalplaas,Eastern Cape,-31.6,25.816667,5
kaap sint francis,Kaap Sint Francis,Eastern Cape,-34.207896,24.833186,5
kabeljous-on-sea,Kabeljous-on-Sea,Eastern Cape,-34.008584,24.929763,5
kabeljousriviermond,Kabeljousriviermond,Eastern Cape,-34.008584,24.929763,5
kabonqaba,Kabonqaba,Eastern Cape,-32.569146,28.501434,5
kaffelskraal,Kaffelskraal,Eastern Cape,-30.889344,26.140389,5
kalalo,Kalalo,Eastern Cape,-31.985946,28.672949,5
kalana location,Kalana Location,Eastern Cape,-33.058863,27.265378,5
kalinyanga,Kalinyanga,Eastern Cape,-31.684484,28.051667,5
kalkfontein,Kalkfontein,Eastern Cape,-31.897807,26.745012,5
kama's,Kama's,Eastern Cape,-32.933333,26.95,5
kamas location,Kamas Location,Eastern Cape,-33,27.116667,5
kamastone,Kamastone,Eastern Cape,-32.05,26.633333,5
kambe,Kambe,Eastern Cape,-31.485949,28.657513,5
kambi,Kambi,Eastern Cape,-31.485949,28.657513,5
kamp,Kamp,Eastern Cape,-30.733333,26.683333,5
kampplek,Kampplek,Eastern Cape,-32.233333,28.9,5
kanossa,Kanossa,Eastern Cape,-30.575236,26.15603,5
kanya,Kanya,Eastern Cape,-31.165524,29.83248,5
kanyayo,Kanyayo,Eastern Cape,-31.078769,29.791081,5
kanye,Kanye,Eastern Cape,-31.631848,28.046066,5
kaponveni,Kaponveni,Eastern Cape,-31.060802,28.767673,5
kappiesfontein,Kappiesfontein,Eastern Cape,-31.0461,26.288053,5
karberg,Karberg,Eastern Cape,-32.488369,26.681511,5
kareebosleegte,Kareebosleegte,Eastern Cape,-31.625641,25.866392,5
kareedouw,Kareedouw,Eastern Cape,-30.791598,25.858298,5
kareehoek,Kareehoek,Eastern Cape,-31.583333,25.666667,5
kareekloof,Kareekloof,Eastern Cape,-31.867197,25.704063,5
kareekloot,Kareekloot,Eastern Cape,-31.601325,25.714255,5
kariega,Kariega,Eastern Cape,-33.684209,26.670361,5
karreedouw,Karreedouw,Eastern Cape,-33.952802,24.290534,5
kasa,Kasa,Eastern Cape,-32.066667,28.65,5
kasouga,Kasouga,Eastern Cape,-33.635717,26.738158,5
kasouga road,Kasouga Road,Eastern Cape,-33.635717,26.738158,5
kasouga-weg,Kasouga-Weg,Eastern Cape,-33.635717,26.738158,5
kasuka,Kasuka,Eastern Cape,-33.648016,26.736097,5
kasuka road,Kasuka Road,Eastern Cape,-33.635717,26.738158,5
kasukaweg,Kasukaweg,Eastern Cape,-33.635717,26.738158,5
katinyanga,Katinyanga,Eastern Cape,-31.684484,28.051667,5
katkop,Katkop,Eastern Cape,-30.866667,28.533333,5
kaulela location,Kaulela Location,Eastern Cape,-33.15,27.15,5
kayser's beach,Kayser's Beach,Eastern Cape,-33.207717,27.60984,5
kayser's beach road,Kayser's Beach Road,Eastern Cape,-33.207717,27.60984,5
kefani,Kefani,Eastern Cape,-32.809475,28.132743,5
kei and bulhoek,Kei and Bulhoek,Eastern Cape,-32.05,26.583333,5
kei bridge,Kei Bridge,Eastern Cape,-32.505294,27.980436,5
kei mouth,Kei Mouth,Eastern Cape,-32.65,28.366667,5
kei road,Kei Road,Eastern Cape,-32.705479,27.546966,5
keibrug,Keibrug,Eastern Cape,-32.505294,27.980436,5
keilands,Keilands,Eastern Cape,-32.183333,27.5,5
keimond,Keimond,Eastern Cape,-32.681971,28.376315,5
kei-mouth village,Kei-mouth Village,Eastern Cape,-32.681971,28.376315,5
keiskamahoek,Keiskamahoek,Eastern Cape,-32.682483,27.15027,5
keiskammahoek,Keiskammahoek,Eastern Cape,-32.682483,27.15027,5
keiweg,Keiweg,Eastern Cape,-32.705479,27.546966,5
kellswood,Kellswood,Eastern Cape,-32.746219,28.015201,5
kelswood,Kelswood,Eastern Cape,-32.746219,28.015201,5
kendrew,Kendrew,Eastern Cape,-32.507976,24.484147,5
kenega drift,Kenega Drift,Eastern Cape,-30.482735,28.618794,5
kenegapoort,Kenegapoort,Eastern Cape,-30.483333,28.55,5
keneghadrift,Keneghadrift,Eastern Cape,-30.482735,28.618794,5
keneghapoort,Keneghapoort,Eastern Cape,-30.483333,28.55,5
kenilworth,Kenilworth,Eastern Cape,-31.89781,25.920902,5
kenmore,Kenmore,Eastern Cape,-31.187169,28.130806,5
kensington,Kensington,Eastern Cape,-31.25,26.183333,5
kentani,Kentani,Eastern Cape,-32.507815,28.317894,5
kentani village,Kentani Village,Eastern Cape,-32.507815,28.317894,5
kenton,Kenton,Eastern Cape,-33.666667,26.65,5
kenton on sea,Kenton on Sea,Eastern Cape,-33.684209,26.670361,5
kepisini,Kepisini,Eastern Cape,-30.055914,29.011863,5
kerrera,Kerrera,Eastern Cape,-31.344634,27.598672,5
keti,Keti,Eastern Cape,-32.033333,28.083333,5
kettershoek,Kettershoek,Eastern Cape,-31.686108,26.683175,5
keurbos,Keurbos,Eastern Cape,-33.4,23.366667,5
keurpos,Keurpos,Eastern Cape,-33.4,23.366667,5
keylock,Keylock,Eastern Cape,-31.992893,27.267599,5
khalankomo,Khalankomo,Eastern Cape,-30.935439,28.703805,5
khiba,Khiba,Eastern Cape,-30.552752,27.15055,5
khiwane,Khiwane,Eastern Cape,-33.164837,27.471045,5
khohlong,Khohlong,Eastern Cape,-30.308768,28.863831,5
kholweni,Kholweni,Eastern Cape,-30.063701,29.066888,5
khwabo,Khwabo,Eastern Cape,-30.533333,27.666667,5
khwetshe,Khwetshe,Eastern Cape,-32.365794,28.358076,5
kidd's beach,Kidd's Beach,Eastern Cape,-33.151829,27.698219,5
kildare,Kildare,Eastern Cape,-30.903668,26.745726,5
killarney,Killarney,Eastern Cape,-30.341745,28.308172,5
kilroe beach,Kilroe Beach,Eastern Cape,-31.359313,29.93271,5
king neptune,King Neptune,Eastern Cape,-33.805755,25.678685,5
king william's town,King William's Town,Eastern Cape,-32.88031,27.394544,5
kings glen,Kings Glen,Eastern Cape,-31.52716,26.378816,5
kings heights,Kings Heights,Eastern Cape,-33.433333,26.616667,5
kings lynn,Kings Lynn,Eastern Cape,-33.130164,27.225701,5
kings ride,Kings Ride,Eastern Cape,-31.581409,29.472403,5
kingscofe,Kingscofe,Eastern Cape,-33.23516,27.403716,5
kingslyn,Kingslyn,Eastern Cape,-33.130164,27.225701,5
kingslynn,Kingslynn,Eastern Cape,-31.319717,25.597881,5
kini bay,Kini Bay,Eastern Cape,-34.020287,25.37732,5
kinibaai,Kinibaai,Eastern Cape,-34.020287,25.37732,5
kinira,Kinira,Eastern Cape,-30.753642,29.004847,5
kinira drift,Kinira Drift,Eastern Cape,-30.482735,28.618794,5
kinira poort,Kinira Poort,Eastern Cape,-30.514804,28.531569,5
kinirapoort,Kinirapoort,Eastern Cape,-30.483333,28.55,5
kirby's post,Kirby's Post,Eastern Cape,-31.016667,28.9,5
kirkwood,Kirkwood,Eastern Cape,-33.398287,25.442785,5
kiwane,Kiwane,Eastern Cape,-33.246181,27.538198,5
klein camp,Klein Camp,Eastern Cape,-33.666667,26.283333,5
klein kareepoort,Klein Kareepoort,Eastern Cape,-30.661509,25.932983,5
klein mayburgsdam,Klein Mayburgsdam,Eastern Cape,-31.516667,25.783333,5
klein strydpoort,Klein Strydpoort,Eastern Cape,-31.433333,25.966667,5
klein withoek,Klein Withoek,Eastern Cape,-30.884671,25.688914,5
kleinbos,Kleinbos,Eastern Cape,-33.974323,23.824941,5
kleinemonde,Kleinemonde,Eastern Cape,-33.516667,26.916667,5
kleingeluk,Kleingeluk,Eastern Cape,-31.255166,26.49139,5
kleinmonde,Kleinmonde,Eastern Cape,-33.541726,27.043179,5
kleinpoort,Kleinpoort,Eastern Cape,-33.330259,24.882016,5
kleinskool,Kleinskool,Eastern Cape,-33.849292,25.515677,5
kleinvie,Kleinvie,Eastern Cape,-30.906702,25.76999,5
kleinvlei,Kleinvlei,Eastern Cape,-30.694457,26.347928,5
kliodrift,Kliodrift,Eastern Cape,-31.558896,25.934059,5
klipbaken,Klipbaken,Eastern Cape,-31.16842,26.877514,5
klipdam,Klipdam,Eastern Cape,-31.77414,26.174802,5
klipfontein,Klipfontein,Eastern Cape,-31.241873,25.7316,5
klipgat,Klipgat,Eastern Cape,-33.098084,24.162085,5
klipheuwel,Klipheuwel,Eastern Cape,-33.986773,24.911064,5
klipkraal,Klipkraal,Eastern Cape,-31.388909,26.707737,5
klipkuil,Klipkuil,Eastern Cape,-30.882812,26.004638,5
kliplaat,Kliplaat,Eastern Cape,-33.095086,27.061467,5
klipplaat,Klipplaat,Eastern Cape,-31.326944,26.608207,5
klipspruit,Klipspruit,Eastern Cape,-30.507307,29.68151,5
klondyke,Klondyke,Eastern Cape,-31.21683,29.508041,5
knapdale,Knapdale,Eastern Cape,-31.306856,27.561057,5
knapps hope,Knapps Hope,Eastern Cape,-32.866667,26.966667,5
knoetze,Knoetze,Eastern Cape,-33.216667,23.8,5
knole park,Knole Park,Eastern Cape,-30.656887,26.349637,5
knowsley,Knowsley,Eastern Cape,-32.137787,26.325913,5
kobongaba,Kobongaba,Eastern Cape,-32.569146,28.501434,5
kobonqaba,Kobonqaba,Eastern Cape,-32.466667,28.416667,5
koentekraal,Koentekraal,Eastern Cape,-33.083333,24.016667,5
koffiebaai,Koffiebaai,Eastern Cape,-31.980885,29.144534,5
kohla,Kohla,Eastern Cape,-31.556635,29.380121,5
kohlo,Kohlo,Eastern Cape,-31.950825,29.056718,5
kohlogolo,Kohlogolo,Eastern Cape,-31.566667,29.4,5
kohloqolo,Kohloqolo,Eastern Cape,-31.566667,29.4,5
koloni,Koloni,Eastern Cape,-31.196679,29.213873,5
kom nader,Kom Nader,Eastern Cape,-33.075502,27.715123,5
komanas,Komanas,Eastern Cape,-31.568478,26.977345,5
komga,Komga,Eastern Cape,-32.577036,27.891997,5
komgha,Komgha,Eastern Cape,-32.577036,27.891997,5
komhlulu,Komhlulu,Eastern Cape,-33.05,27.416667,5
komkhulu,Komkhulu,Eastern Cape,-30.166369,29.052365,5
komkulu,Komkulu,Eastern Cape,-30.835501,28.31385,5
kommandantskop,Kommandantskop,Eastern Cape,-31.059793,26.52075,5
kommandokraal,Kommandokraal,Eastern Cape,-33.133333,25.083333,5
komweer,Komweer,Eastern Cape,-30.730944,25.730995,5
kongeni,Kongeni,Eastern Cape,-31.683333,28.45,5
konqeni,Konqeni,Eastern Cape,-31.706199,28.461451,5
kookhuis,Kookhuis,Eastern Cape,-32.743222,25.80037,5
kopfontein,Kopfontein,Eastern Cape,-30.973945,26.248875,5
koppiesfontein,Koppiesfontein,Eastern Cape,-30.949367,25.900379,5
korenhof,Korenhof,Eastern Cape,-30.766667,26.516667,5
korenthi,Korenthi,Eastern Cape,-30.1,29.75,5
korhaansdrif,Korhaansdrif,Eastern Cape,-33.566667,25.35,5
korsten,Korsten,Eastern Cape,-33.928948,25.569428,5
kotana,Kotana,Eastern Cape,-32.148811,28.146406,5
kote,Kote,Eastern Cape,-31.77564,29.301414,5
kothana,Kothana,Eastern Cape,-32.148811,28.146406,5
kotishini,Kotishini,Eastern Cape,-31.777049,28.574032,5
kotyana,Kotyana,Eastern Cape,-32.044956,29.00239,5
kougadam,Kougadam,Eastern Cape,-33.733333,24.6,5
kowie,Kowie,Eastern Cape,-33.590572,26.891037,5
kraaifontein,Kraaifontein,Eastern Cape,-31.205584,26.879353,5
kraaiplaas,Kraaiplaas,Eastern Cape,-31.489332,25.609474,5
kraal,Kraal,Eastern Cape,-33,27.433333,5
kraalfontein,Kraalfontein,Eastern Cape,-31.107181,26.609272,5
krakeel,Krakeel,Eastern Cape,-33.817061,23.735962,5
krakeel river,Krakeel River,Eastern Cape,-33.817061,23.735962,5
krakeelrivier,Krakeelrivier,Eastern Cape,-33.817061,23.735962,5
kransplaat,Kransplaat,Eastern Cape,-31.366667,26.25,5
kransvoelleegte,Kransvoëlleegte,Eastern Cape,-31.726892,25.677457,5
krauses beach,Krauses Beach,Eastern Cape,-32.888592,28.095338,5
kromhoek,Kromhoek,Eastern Cape,-30.357773,29.992901,5
kromriver,Kromriver,Eastern Cape,-33.343101,25.865213,5
kromriviermond,Kromriviermond,Eastern Cape,-34.13704,24.834275,5
kromspruit,Kromspruit,Eastern Cape,-30.543873,27.420471,5
kroonberg,Kroonberg,Eastern Cape,-31.551583,26.297863,5
kroonhoek,Kroonhoek,Eastern Cape,-30.268007,28.92646,5
kroonvale,Kroonvale,Eastern Cape,-32.256267,24.560513,5
kroonviel,Kroonviel,Eastern Cape,-30.568867,26.152982,5
kruisfontein,Kruisfontein,Eastern Cape,-34.003333,24.731417,5
kruithoring,Kruithoring,Eastern Cape,-33.55,25.283333,5
kuamanzimnyama,KuAmanzimnyama,Eastern Cape,-32.118066,29.022576,5
kubangqo,KuBangqo,Eastern Cape,-32.307272,28.683563,5
kubeka,Kubeka,Eastern Cape,-31.880591,28.824344,5
kubeke,KuBeke,Eastern Cape,-31.642885,28.328922,5
kubeyele,KuBeyele,Eastern Cape,-31.75,27.933333,5
kubhobhodla,KuBhobhodla,Eastern Cape,-30.709513,29.46495,5
kubhukazi,KuBhukazi,Eastern Cape,-30.951491,28.855782,5
kubilatye,KuBilatye,Eastern Cape,-31.93933,27.341623,5
kubojane,KuBojane,Eastern Cape,-31.69149,27.951724,5
kubom,KuBom,Eastern Cape,-32.116667,28.583333,5
kuboniswa,KuBoniswa,Eastern Cape,-31.5,27.233333,5
ku-buka,Ku-Buka,Eastern Cape,-31.962805,28.613517,5
ku-bungu,Ku-Bungu,Eastern Cape,-31.433413,29.140308,5
kubusie woolwash,Kubusie Woolwash,Eastern Cape,-32.58748,27.459431,5
kucabazana,KuCabazana,Eastern Cape,-30.673335,29.456114,5
kucane,KuCane,Eastern Cape,-30.865483,29.053371,5
ku-canti,Ku-Canti,Eastern Cape,-31.830649,28.620927,5
kucitwayo,KuCitwayo,Eastern Cape,-30.85468,29.700695,5
kucwalinkungu,KuCwalinkungu,Eastern Cape,-30.895644,29.049727,5
kudidi,KuDidi,Eastern Cape,-31.707403,28.285779,5
kudlabhane,KuDlabhane,Eastern Cape,-30.95,28.75,5
kudlakavu,KuDlakavu,Eastern Cape,-31.970856,27.251869,5
kudubeni,KuDubeni,Eastern Cape,-31.740972,27.020759,5
kududumashe,KuDudumashe,Eastern Cape,-31.898061,27.350193,5
ku-duka,Ku-Duka,Eastern Cape,-31.587091,28.421921,5
ku-dupu,Ku-Dupu,Eastern Cape,-31.185233,29.415818,5
ku-dyobhudaka,Ku-Dyobhudaka,Eastern Cape,-31.571835,27.19605,5
kufani,KuFani,Eastern Cape,-31.698752,26.921997,5
ku-fefa,Ku-Fefa,Eastern Cape,-31.226356,28.567261,5
kufundakubi,KuFundakubi,Eastern Cape,-32.116667,28.633333,5
kugambushe,KuGambushe,Eastern Cape,-32.016667,28.933333,5
ku-gcobane,Ku-Gcobane,Eastern Cape,-31.459115,29.53439,5
ku-gengqe,Ku-Gengqe,Eastern Cape,-31.870413,28.687695,5
ku-gilandoda,Ku-Gilandoda,Eastern Cape,-31.901466,28.248958,5
kugilanqodo,KuGilanqodo,Eastern Cape,-31.57272,27.986879,5
kugodola,KuGodola,Eastern Cape,-30.766667,28.916667,5
ku-goeyana,Ku-Goeyana,Eastern Cape,-31.251788,28.610136,5
kugqangushe,KuGqangushe,Eastern Cape,-32.031178,29.085112,5
kugqaza,KuGqaza,Eastern Cape,-30.800959,29.507803,5
kugroxo,KuGroxo,Eastern Cape,-32.30388,28.635794,5
kugudlintaba,KuGudlintaba,Eastern Cape,-30.75351,29.158057,5
kugunjana,KuGunjana,Eastern Cape,-31.813564,28.435443,5
kugwabeni,KuGwabeni,Eastern Cape,-30.91744,29.632157,5
ku-gwexintaba,Ku-Gwexintaba,Eastern Cape,-31.451449,29.630749,5
kugxara,KuGxara,Eastern Cape,-31.999355,28.288117,5
ku-hlaba,Ku-Hlaba,Eastern Cape,-31.54543,28.184817,5
ku-hlope,Ku-Hlope,Eastern Cape,-31.858494,28.677896,5
kuhota,KuHota,Eastern Cape,-31.640685,27.681357,5
kujaho,KuJaho,Eastern Cape,-31.512184,27.156447,5
ku-jonga,Ku-Jonga,Eastern Cape,-31.971227,29.154813,5
kukavara,KuKavara,Eastern Cape,-31.738725,27.102363,5
ku-kombe,Ku-Kombe,Eastern Cape,-31.814328,29.014925,5
kukose,KuKose,Eastern Cape,-31.95,27.9,5
kuku,Kuku,Eastern Cape,-32.683333,28.166667,5
kulambeni,Kulambeni,Eastern Cape,-31.625254,29.208347,5
kulanganci,KuLanganci,Eastern Cape,-31.666667,27.566667,5
ku-liweni,Ku-Liweni,Eastern Cape,-31.733333,27.316667,5
kulofumbata,KuLofumbata,Eastern Cape,-32.375878,28.679413,5
kulogongoto,KuLogongoto,Eastern Cape,-32.369099,28.563695,5
kulogqogqa,KuLogqogqa,Eastern Cape,-32.36353,28.608732,5
kulohopana,KuLohopana,Eastern Cape,-32.36632,28.534554,5
kulojingqi,KuLojingqi,Eastern Cape,-32.419377,28.692201,5
kulombete,KuLombete,Eastern Cape,-32.033333,28.616667,5
kulombombo,KuLombombo,Eastern Cape,-32.116667,28.766667,5
kulo-ngqa,Kulo-Ngqa,Eastern Cape,-31.767556,27.815309,5
kuloqolo,KuLoqolo,Eastern Cape,-31.976807,27.344287,5
kulotshazi,KuLotshazi,Eastern Cape,-32.383794,28.5349,5
kulovulandi,KuLovulandi,Eastern Cape,-32.31672,28.622187,5
ku-lozulu,Ku-Lozulu,Eastern Cape,-31.868203,28.758519,5
kuludondola,KuLudondola,Eastern Cape,-31.933333,28.483333,5
kuludondolo,KuLudondolo,Eastern Cape,-31.933333,28.483333,5
ku-ludondolo,Ku-Ludondolo,Eastern Cape,-31.943144,28.498754,5
kuludwele,KuLudwele,Eastern Cape,-30.9,28.916667,5
kulufini,Kulufini,Eastern Cape,-31.876956,27.576002,5
kulutsheko,KuLutsheko,Eastern Cape,-30.889316,29.207743,5
kuluxomo,KuLuxomo,Eastern Cape,-31.733333,28.4,5
kumabangula,KuMabangula,Eastern Cape,-31.762614,27.562241,5
kumabhikiji,KuMabhikiji,Eastern Cape,-30.974013,29.260929,5
kumabula,KuMabula,Eastern Cape,-30.955205,29.968948,5
kumacibini,KuMacibini,Eastern Cape,-30.65255,29.255359,5
ku-madukuda,Ku-Madukuda,Eastern Cape,-31.081007,28.96789,5
ku-magubu,Ku-Magubu,Eastern Cape,-31.821222,28.571768,5
kumagwala,KuMagwala,Eastern Cape,-31.966667,27.583333,5
kumahamane,KuMahamane,Eastern Cape,-30.975179,28.98437,5
kumahasana,KuMahasana,Eastern Cape,-32.2,28.666667,5
kumahlungulu,KuMahlungulu,Eastern Cape,-31.729002,27.671258,5
kumajaba,Kumajaba,Eastern Cape,-31.28538,28.545617,5
kumakwababa,KuMakwababa,Eastern Cape,-31.883333,27.916667,5
ku-malongwe,Ku-Malongwe,Eastern Cape,-31.802794,28.834767,5
ku-mankazana,Ku-Mankazana,Eastern Cape,-31.920031,28.701941,5
ku-mankenkeza,Ku-Mankenkeza,Eastern Cape,-31.019649,30.066455,5
kumanyisani,KuManyisani,Eastern Cape,-31.654596,28.257885,5
kumanzamnyama,KuManzamnyama,Eastern Cape,-30.872908,29.17448,5
kumanzana,KuManzana,Eastern Cape,-31.551568,27.646337,5
kumanzimahle,KuManzimahle,Eastern Cape,-31.62711,27.552712,5
ku-manzimdaka,Ku-Manzimdaka,Eastern Cape,-31.443844,28.118228,5
ku-mapahla,Ku-Mapahla,Eastern Cape,-31.934857,28.627011,5
kumapiko,KuMapiko,Eastern Cape,-33.213883,27.166008,5
kumaqanda,KuMaqanda,Eastern Cape,-31.748871,28.179053,5
kumaqashu,KuMaqashu,Eastern Cape,-31.666667,27.316667,5
ku-maqebevu,Ku-Maqebevu,Eastern Cape,-31.7,29.25,5
ku-masadala,Ku-Masadala,Eastern Cape,-31.360243,29.639322,5
kumate,KuMate,Eastern Cape,-30.965275,29.535247,5
ku-mate,Ku-Mate,Eastern Cape,-31.012724,29.519327,5
kumathumbu,KuMathumbu,Eastern Cape,-30.774719,28.613312,5
kumaya,KuMaya,Eastern Cape,-31.993012,27.382032,5
kumayibe,KuMayibe,Eastern Cape,-31.533669,28.484674,5
ku-mayima,Ku-Mayima,Eastern Cape,-31.366667,28.366667,5
kumbaxa,KuMbaxa,Eastern Cape,-31.791749,27.71298,5
kumbonda,KuMbonda,Eastern Cape,-32.048879,28.545084,5
kumbozwana,KuMbozwana,Eastern Cape,-31.657244,28.477739,5
kumbulunga,KuMbulunga,Eastern Cape,-30.890181,28.458732,5
kumembesi,KuMembesi,Eastern Cape,-32.28276,28.594572,5
kumgawuli,KuMgawuli,Eastern Cape,-31.598277,28.472777,5
kumgedezi,KuMgedezi,Eastern Cape,-30.867645,29.224856,5
ku-mhlabubomvu,Ku-Mhlabubomvu,Eastern Cape,-31.906558,28.695381,5
kumjane,Kumjane,Eastern Cape,-31.025883,29.984492,5
kumkulu,KuMkulu,Eastern Cape,-32.266667,28.8,5
kumlandena,KuMlandena,Eastern Cape,-30.844423,29.34177,5
kumnxekazi,KuMnxekazi,Eastern Cape,-30.959542,29.100085,5
kumpurwana,KuMpurwana,Eastern Cape,-30.825715,28.854172,5
ku-msikiti,Ku-Msikiti,Eastern Cape,-31.98071,28.59586,5
kumtala,KuMtala,Eastern Cape,-31.638901,27.927724,5
kumtukuma,KuMtukuma,Eastern Cape,-31.698305,28.281587,5
ku-mtwebula,Ku-Mtwebula,Eastern Cape,-31.816667,29.183333,5
kumtyamde,KuMtyamde,Eastern Cape,-31.896464,27.663587,5
ku-mvezo,Ku-Mvezo,Eastern Cape,-31.960034,28.498273,5
kuncalolo,KuNcalolo,Eastern Cape,-31.723637,28.466127,5
ku-ncengana,Ku-Ncengana,Eastern Cape,-31.846348,28.478972,5
kuncityana,KuNcityana,Eastern Cape,-32.05,28.8,5
kuncwana,KuNcwana,Eastern Cape,-31.898896,27.728098,5
ku-ndaca,Ku-Ndaca,Eastern Cape,-31.658527,28.205326,5
kundayingana,KuNdayingana,Eastern Cape,-30.775376,29.798889,5
ku-ndile,Ku-Ndile,Eastern Cape,-31.142042,29.314157,5
kundindini,KuNdindini,Eastern Cape,-30.700885,28.88788,5
ku-ndlazi,Ku-Ndlazi,Eastern Cape,-31.237815,29.411429,5
ku-ndlunkulu,Ku-Ndlunkulu,Eastern Cape,-31.75,28.916667,5
ku-ndoda,Ku-Ndoda,Eastern Cape,-31.274977,28.380172,5
kundonga,KuNdonga,Eastern Cape,-31.686027,27.423181,5
kundulu,Kundulu,Eastern Cape,-31.872498,27.088175,5
kungcaca,KuNgcaca,Eastern Cape,-31.831057,27.706791,5
ku-ngcengane,Ku-Ngcengane,Eastern Cape,-31.316667,28.383333,5
kungcoti,KuNgcoti,Eastern Cape,-30.999074,28.568883,5
kungcuka,KuNgcuka,Eastern Cape,-31.728977,27.255313,5
kungqane,KuNgqane,Eastern Cape,-30.90547,29.424609,5
kungqovu,KuNgqovu,Eastern Cape,-31.595569,28.415245,5
kungqungqumbe,KuNgqungqumbe,Eastern Cape,-32.141972,28.863154,5
kungqutu,KuNgqutu,Eastern Cape,-32.077443,28.494328,5
kungqwaru,KuNgqwaru,Eastern Cape,-31.845547,27.828566,5
ku-nikwe,Ku-Nikwe,Eastern Cape,-31.365356,29.614931,5
kunjemane,KuNjemane,Eastern Cape,-31.865548,28.380615,5
ku-njombela,Ku-Njombela,Eastern Cape,-31.724934,28.375235,5
kunkazana,KuNkazana,Eastern Cape,-32.405116,28.630373,5
kunkolonga,KuNkolonga,Eastern Cape,-31.860479,27.261612,5
ku-nkongolo,Ku-Nkongolo,Eastern Cape,-31.200138,29.482888,5
kunkumba,KuNkumba,Eastern Cape,-32.043781,29.034808,5
kunkundla,KuNkundla,Eastern Cape,-30.943425,29.713255,5
kunkunzimbini,KuNkunzimbini,Eastern Cape,-31.790025,29.02358,5
ku-nokana,Ku-Nokana,Eastern Cape,-31.800166,28.730791,5
kunomadamba,KuNomadamba,Eastern Cape,-31.716965,27.771416,5
ku-nomadambe,Ku-Nomadambe,Eastern Cape,-31.61699,27.70652,5
kunomadolo,KuNomadolo,Eastern Cape,-31.5,29.283333,5
ku-nomadolo,Ku-Nomadolo,Eastern Cape,-31.284724,28.647803,5
kunomcamba,KuNomcamba,Eastern Cape,-31.75,29.216667,5
ku-nomcamba,Ku-Nomcamba,Eastern Cape,-31.710606,29.173963,5
kunomxhathalala,KuNomxhathalala,Eastern Cape,-30.974063,29.087353,5
ku-nongcwengana,Ku-Nongcwengana,Eastern Cape,-31.480845,28.644319,5
ku-nonyentu,Ku-Nonyentu,Eastern Cape,-31.648896,28.083277,5
kunonyongothi,KuNonyongothi,Eastern Cape,-30.971026,29.216694,5
kunoxhungutshe,KuNoxhungutshe,Eastern Cape,-30.924624,29.193412,5
kunozolisa,KuNozolisa,Eastern Cape,-30.935071,29.206918,5
kunqumakala,KuNqumakala,Eastern Cape,-31.711468,27.805205,5
kunqwati,KuNqwati,Eastern Cape,-31.7,28.35,5
ku-nqwati,Ku-Nqwati,Eastern Cape,-31.709507,28.360192,5
kuntabankulu,KuNtabankulu,Eastern Cape,-30.45,28.55,5
ku-ntabo sigogo,Ku-Ntabo Sigogo,Eastern Cape,-31.016576,28.648818,5
kuntlamvukazi,KuNtlamvukazi,Eastern Cape,-30.772525,29.608826,5
kuntlonze,KuNtlonze,Eastern Cape,-31.922467,27.415799,5
ku-ntlotshe,Ku-Ntlotshe,Eastern Cape,-31.001561,28.666393,5
kuntsimba,KuNtsimba,Eastern Cape,-31.868007,28.218878,5
ku-nyokinala,Ku-Nyokinala,Eastern Cape,-31.64949,28.471781,5
kunyongwane,KuNyongwane,Eastern Cape,-31.927466,27.480392,5
ku-nyongwane,Ku-Nyongwane,Eastern Cape,-31.158907,29.164946,5
kupapana,KuPapana,Eastern Cape,-30.896821,28.954469,5
kupapane,KuPapane,Eastern Cape,-30.983333,29.016667,5
kuphahla,KuPhahla,Eastern Cape,-31.67275,27.890651,5
kuqengqeleka,KuQengqeleka,Eastern Cape,-31.933333,28.166667,5
kuqoba,KuQoba,Eastern Cape,-31.757912,27.885027,5
ku-qudu,Ku-Qudu,Eastern Cape,-31.3,28.616667,5
kuquilikawa,KuQuilikawa,Eastern Cape,-30.806174,28.807685,5
ku-qwebeqwebe,Ku-Qwebeqwebe,Eastern Cape,-31.89049,27.968643,5
kuqwempe,KuQwempe,Eastern Cape,-31.533333,27.55,5
ku-qwempe,Ku-Qwempe,Eastern Cape,-31.6,27.066667,5
ku-raxa,Ku-Raxa,Eastern Cape,-31.767041,28.729773,5
ku-rebu,Ku-Rebu,Eastern Cape,-31.766667,29.35,5
kusauti,KuSauti,Eastern Cape,-31.616667,27.533333,5
ku-sigiba,Ku-Sigiba,Eastern Cape,-31.789484,28.710322,5
kusikulume,KuSikulume,Eastern Cape,-32.033333,28.766667,5
ku-sinxuzula,Ku-Sinxuzula,Eastern Cape,-31.887053,28.723363,5
kusipusipu,KuSipusipu,Eastern Cape,-31.459968,29.317549,5
kusitana,KuSitana,Eastern Cape,-30.74261,28.848885,5
kusiwisa,KuSiwisa,Eastern Cape,-30.848849,29.688622,5
kusosiba,KuSosiba,Eastern Cape,-30.95,29.016667,5
kusunduza,KuSunduza,Eastern Cape,-32.139268,28.686231,5
kususa,KuSusa,Eastern Cape,-30.979803,29.034841,5
kutela,KuTela,Eastern Cape,-30.737352,29.464744,5
ku-tikitiki,Ku-Tikitiki,Eastern Cape,-31.40977,28.712534,5
kutsembeyi,KuTsembeyi,Eastern Cape,-31.614444,27.008535,5
kutshatshu,KuTshatshu,Eastern Cape,-31.677842,27.839314,5
kutshulu,KuTshulu,Eastern Cape,-30.791921,29.019948,5
ku-tsolokazi,Ku-Tsolokazi,Eastern Cape,-31.533333,27.166667,5
kutyawana,KuTyawana,Eastern Cape,-31.944789,27.574267,5
kuvulindawo,KuVulindawo,Eastern Cape,-32.166667,28.683333,5
kuwelakabini,KuWelakabini,Eastern Cape,-30.639698,29.225521,5
kuwohlo,KuWohlo,Eastern Cape,-31.910663,27.602293,5
kuxama,KuXama,Eastern Cape,-32.066667,28.75,5
ku-xawuka,Ku-Xawuka,Eastern Cape,-31.85,28.266667,5
kuxenge,KuXenge,Eastern Cape,-31.608401,28.342789,5
kuxolo,KuXolo,Eastern Cape,-30.910069,28.922315,5
ku-zangqokwe,Ku-Zangqokwe,Eastern Cape,-32.075324,26.574481,5
kuzele,KuZele,Eastern Cape,-31.521528,29.207754,5
ku-zikonkwane,Ku-Zikonkwane,Eastern Cape,-31.428033,27.730428,5
kuzingqutu,KuZingqutu,Eastern Cape,-31.763041,26.856533,5
ku-zitungu,Ku-Zitungu,Eastern Cape,-32.1,26.566667,5
kwa lubilo,Kwa Lubilo,Eastern Cape,-33.316667,27.116667,5
kwaaiman,Kwaaiman,Eastern Cape,-31.918726,28.979203,5
kwaairivier,Kwaairivier,Eastern Cape,-31.947241,25.551968,5
kwaalman,Kwaalman,Eastern Cape,-31.918726,28.979203,5
kwa-altile,Kwa-Altile,Eastern Cape,-33.123222,27.468368,5
kwa-bala,Kwa-Bala,Eastern Cape,-31.197222,29.6847,5
kwabanqo,KwaBanqo,Eastern Cape,-32.066667,28.716667,5
kwabawu,KwaBawu,Eastern Cape,-32.092236,29.009365,5
kwa-beja,Kwa-Beja,Eastern Cape,-31.093656,29.035425,5
kwabhaca,Kwabhaca,Eastern Cape,-30.901728,28.992385,5
kwabhala,KwaBhala,Eastern Cape,-30.911497,29.48309,5
kwa-bhumbuta,Kwa-Bhumbuta,Eastern Cape,-31.301962,29.716314,5
kwabhushula,KwaBhushula,Eastern Cape,-31.274031,29.484121,5
kwabiba,KwaBiba,Eastern Cape,-30.857577,29.519511,5
kwabinca,KwaBinca,Eastern Cape,-31.638025,27.764727,5
kwabipa,KwaBipa,Eastern Cape,-30.889389,29.674672,5
kwabitsha,KwaBitsha,Eastern Cape,-32.35,28.75,5
kwaboto,KwaBoto,Eastern Cape,-32.058448,29.06766,5
kwacawu,KwaCawu,Eastern Cape,-31.911815,29.002632,5
kwacetshe,KwaCetshe,Eastern Cape,-30.865822,29.479004,5
kwacingane,KwaCingane,Eastern Cape,-32.533333,28.383333,5
kwa-cita,Kwa-Cita,Eastern Cape,-31.166684,29.812224,5
kwa-citwayo,Kwa-Citwayo,Eastern Cape,-31.092665,29.755583,5
kwacoka,KwaCoka,Eastern Cape,-31.149213,29.764404,5
kwa-coka,Kwa-Coka,Eastern Cape,-31.190585,29.619303,5
kwa-dabula,Kwa-Dabula,Eastern Cape,-31.980093,28.140859,5
kwadebese,KwaDebese,Eastern Cape,-32.598622,28.452334,5
kwadesi,KwaDesi,Eastern Cape,-32.147956,28.874909,5
kwa-dick,Kwa-Dick,Eastern Cape,-31.312709,29.539201,5
kwadilatashe,KwaDilatashe,Eastern Cape,-31.720538,28.353295,5
kwadlambula,KwaDlambula,Eastern Cape,-31.224137,29.832819,5
kwadlomo,KwaDlomo,Eastern Cape,-31.718058,27.868592,5
kwadudumashe,KwaDudumashe,Eastern Cape,-31.901018,27.32455,5
kwa-dukatole,Kwa-Dukatole,Eastern Cape,-31.889428,28.611483,5
kwadulathi,KwaDulathi,Eastern Cape,-30.175305,29.555313,5
kwa-dumba,Kwa-Dumba,Eastern Cape,-31.210032,29.055435,5
kwadungu,KwaDungu,Eastern Cape,-30.94579,28.951081,5
kwa-dunjane,Kwa-Dunjane,Eastern Cape,-31.077668,28.799569,5
kwafane,KwaFane,Eastern Cape,-31.617077,28.282555,5
kwafeni,KwaFeni,Eastern Cape,-32.6,28.25,5
kwagambu,KwaGambu,Eastern Cape,-31.883333,27.616667,5
kwa-gambushe,Kwa-Gambushe,Eastern Cape,-31.415148,29.433519,5
kwa-gangata,Kwa-Gangata,Eastern Cape,-31.437772,29.520932,5
kwa-gcaleka,Kwa-Gcaleka,Eastern Cape,-31.486283,28.677198,5
kwagcina,KwaGcina,Eastern Cape,-31.516667,27.55,5
kwagcina,KwaGcina,Eastern Cape,-31.871832,27.285628,5
kwa-gcina,Kwa-Gcina,Eastern Cape,-31.676979,28.090579,5
kwagcwabe,KwaGcwabe,Eastern Cape,-30.87397,28.543479,5
kwaggasvalkte,Kwaggasvalkte,Eastern Cape,-31.637727,25.771674,5
kwa-gininda,Kwa-Gininda,Eastern Cape,-31.4,29.166667,5
kwaginiswayo,KwaGiniswayo,Eastern Cape,-30.991354,29.658852,5
kwagomatana,KwaGomatana,Eastern Cape,-31.9,28.833333,5
kwa-gomatana,Kwa-Gomatana,Eastern Cape,-31.901958,28.846384,5
kwa-gora,Kwa-Gora,Eastern Cape,-31.65,29.3,5
kwa-gqwaru,Kwa-Gqwaru,Eastern Cape,-31.278748,29.490092,5
kwagubevu,KwaGubevu,Eastern Cape,-31.665788,28.379763,5
kwaguga,KwaGuga,Eastern Cape,-30.920868,29.139609,5
kwa-gulwa,Kwa-Gulwa,Eastern Cape,-31.688919,29.130818,5
kwa-guqaza,Kwa-Guqaza,Eastern Cape,-31.703154,29.048641,5
kwagwalani,KwaGwalani,Eastern Cape,-33.315284,27.060133,5
kwagxubana,KwaGxubana,Eastern Cape,-31.771987,27.970413,5
kwahadi,KwaHadi,Eastern Cape,-32.392404,28.613651,5
kwahala,KwaHala,Eastern Cape,-31.731503,27.600404,5
kwa-herman,Kwa-Herman,Eastern Cape,-31.675008,28.529081,5
kwahlati,KwaHlati,Eastern Cape,-31.130689,29.851239,5
kwahlombe,KwaHlombe,Eastern Cape,-30.662818,29.16641,5
kwahlomendlwini,KwaHlomendlwini,Eastern Cape,-30.331307,28.746264,5
kwahome,KwaHome,Eastern Cape,-31.208581,29.75612,5
kwa-hoyi,Kwa-Hoyi,Eastern Cape,-33.216877,27.297213,5
kwa-hoza,Kwa-Hoza,Eastern Cape,-33.177553,26.906979,5
kwajaji,KwaJaji,Eastern Cape,-33.378691,27.132725,5
kwajozana,KwaJozana,Eastern Cape,-30.855139,28.681134,5
kwa-kahla,Kwa-Kahla,Eastern Cape,-31.569487,28.496695,5
kwakanya,KwaKanya,Eastern Cape,-30.654961,29.109348,5
kwakati,KwaKati,Eastern Cape,-30.912175,29.720622,5
kwakesa,KwaKesa,Eastern Cape,-30.613737,28.809815,5
kwakotilitye,KwaKotilitye,Eastern Cape,-32.123806,26.590724,5
kwa-kumba,Kwa-Kumba,Eastern Cape,-31.023727,29.19464,5
kwakwebulana,KwaKwebulana,Eastern Cape,-32.01279,27.696459,5
kwalanga,KwaLanga,Eastern Cape,-30.85949,28.689903,5
kwalibalele,KwaLibalele,Eastern Cape,-33.169829,27.018196,5
kwa-lutiko,Kwa-Lutiko,Eastern Cape,-33.35,27.016667,5
kwaluvundu,KwaLuvundu,Eastern Cape,-32.293577,28.574743,5
kwam,Kwam,Eastern Cape,-31.283155,29.039369,5
kwama,Kwama,Eastern Cape,-31.283155,29.039369,5
kwamacibe,KwaMacibe,Eastern Cape,-32.5,28.4,5
kwa-madiba,Kwa-Madiba,Eastern Cape,-31.192301,29.04263,5
kwamagadla,KwaMagadla,Eastern Cape,-30.356974,28.697563,5
kwamagcakini,KwaMagcakini,Eastern Cape,-30.276409,29.735237,5
kwa-magcude,Kwa-Magcude,Eastern Cape,-31.258176,29.337483,5
kwa-magqadazeni,Kwa-Magqadazeni,Eastern Cape,-31.133885,29.130367,5
kwamahlazeka,KwaMahlazeka,Eastern Cape,-30.782676,28.668959,5
kwamahomba,KwaMahomba,Eastern Cape,-32.70995,28.039008,5
kwamajija,KwaMajija,Eastern Cape,-31.640334,28.291373,5
kwa-mampengeni,Kwa-Mampengeni,Eastern Cape,-31.246077,29.06486,5
kwamanci,KwaManci,Eastern Cape,-30.931214,29.485894,5
kwamanzikraka,KwaManzikraka,Eastern Cape,-32.121704,26.710806,5
kwa-maqosha,Kwa-Maqosha,Eastern Cape,-33.159384,27.075981,5
kwa-maradede,Kwa-Maradede,Eastern Cape,-31.779609,28.81063,5
kwamaxaka,KwaMaxaka,Eastern Cape,-31.553642,29.01936,5
kwamaya,KwaMaya,Eastern Cape,-31.666953,29.168419,5
kwamayijl,KwaMayijl,Eastern Cape,-32.307841,28.76711,5
kwamazamisa,KwaMazamisa,Eastern Cape,-32.233333,28.7,5
kwa-mbanyaru,Kwa-Mbanyaru,Eastern Cape,-31.933333,29.016667,5
kwambekeni,KwaMbekeni,Eastern Cape,-31.77987,28.009907,5
kwambhali,KwaMbhali,Eastern Cape,-31.651546,26.958698,5
kwambiba,KwaMbiba,Eastern Cape,-30.873251,29.582623,5
kwambobo,KwaMbobo,Eastern Cape,-30.237526,28.661848,5
kwa-mbokotwebomvu,Kwa-Mbokotwebomvu,Eastern Cape,-31.4,29.65,5
kwambombela,KwaMbombela,Eastern Cape,-31.939955,27.836337,5
kwambongendlu,KwaMbongendlu,Eastern Cape,-32.508068,28.056193,5
kwamcatuve,KwaMcatuve,Eastern Cape,-31.866667,27.633333,5
kwamdange,KwaMdange,Eastern Cape,-32.505248,28.247717,5
kwamganu,KwaMganu,Eastern Cape,-32.1,28.916667,5
kwamgcodo,KwaMgcodo,Eastern Cape,-31.489678,27.555189,5
kwamhaga,KwaMhaga,Eastern Cape,-31.720407,28.407036,5
kwamhlaza,KwaMhlaza,Eastern Cape,-31.343127,29.349598,5
kwamhlekwa,KwaMhlekwa,Eastern Cape,-33.305066,27.12122,5
kwamiya,KwaMiya,Eastern Cape,-31.618952,28.651729,5
kwamjanyane,KwaMjanyane,Eastern Cape,-31.795674,29.238031,5
kwamjo,KwaMjo,Eastern Cape,-32.583333,28.366667,5
kwamkololwana,KwaMkololwana,Eastern Cape,-30.823115,29.936227,5
kwa-mkontwana,Kwa-Mkontwana,Eastern Cape,-33.366667,27.016667,5
kwamlawu,KwaMlawu,Eastern Cape,-31.899009,29.097002,5
kwa-mlawu,Kwa-Mlawu,Eastern Cape,-31.842287,28.934836,5
kwamleko,KwaMleko,Eastern Cape,-30.487577,28.536336,5
kwa-mnqanqeni,Kwa-Mnqanqeni,Eastern Cape,-31.766667,27.533333,5
kwamnyamana,KwaMnyamana,Eastern Cape,-30.644313,28.768622,5
kwampeko,KwaMpeko,Eastern Cape,-33.376847,27.092849,5
kwampisi,KwaMpisi,Eastern Cape,-31.079612,29.889016,5
kwampotulo,KwaMpotulo,Eastern Cape,-32.04075,27.701546,5
kwamtebele,KwaMtebele,Eastern Cape,-32.183333,28.116667,5
kwamtintsilana,KwaMtintsilana,Eastern Cape,-32.4,28.05,5
kwamtonjana,KwaMtonjana,Eastern Cape,-31.65,27.316667,5
kwa-mtyatyamba,Kwa-Mtyatyamba,Eastern Cape,-31.783333,27.916667,5
kwamvemve,KwaMvemve,Eastern Cape,-33.207798,27.175574,5
kwamyataza,KwaMyataza,Eastern Cape,-32.183333,28.766667,5
kwanaqutywa,KwaNaqutywa,Eastern Cape,-31.766667,29.233333,5
kwancani,KwaNcani,Eastern Cape,-31.662502,26.801601,5
kwancwane,KwaNcwane,Eastern Cape,-33.120475,27.048227,5
kwa-ndaba,Kwa-Ndaba,Eastern Cape,-33.256805,27.325053,5
kwandarana,KwaNdarana,Eastern Cape,-30.65326,29.186553,5
kwa-ndata,Kwa-Ndata,Eastern Cape,-31.857251,29.229075,5
kwandavini,KwaNdavini,Eastern Cape,-30.870068,29.433828,5
kwandesane,KwaNdesane,Eastern Cape,-32.55,28.283333,5
kwandibaniso,KwaNdibaniso,Eastern Cape,-31.92197,27.927996,5
kwandima,KwaNdima,Eastern Cape,-31.639142,28.304483,5
kwa-ndinja,Kwa-Ndinja,Eastern Cape,-31.893807,28.940797,5
kwanditya,KwaNditya,Eastern Cape,-32.071732,28.950732,5
kwa-ndlankomo,Kwa-Ndlankomo,Eastern Cape,-32.702235,26.965838,5
kwa-ndovelana,Kwa-Ndovelana,Eastern Cape,-31.446876,29.616438,5
kwanduku,KwaNduku,Eastern Cape,-32.416667,28.566667,5
kwangali,KwaNgali,Eastern Cape,-31.916151,27.759759,5
kwa-ngcamama,Kwa-Ngcamama,Eastern Cape,-33.2,27.466667,5
kwa-ngcanasa,Kwa-Ngcanasa,Eastern Cape,-31.04044,28.761199,5
kwangcanase,KwaNgcanase,Eastern Cape,-30.887868,28.707375,5
kwangezana,KwaNgezana,Eastern Cape,-32.066667,28.733333,5
kwangquwa,KwaNgquwa,Eastern Cape,-33.130923,27.029279,5
kwangudle,KwaNgudle,Eastern Cape,-31.916218,27.744661,5
kwangutyana,KwaNgutyana,Eastern Cape,-30.930174,29.723743,5
kwa-ngxabane,Kwa-Ngxabane,Eastern Cape,-31.057127,28.800621,5
kwangxuthu,KwaNgxuthu,Eastern Cape,-31.95,27.5,5
kwanikwe,KwaNikwe,Eastern Cape,-30.890222,29.878311,5
kwa-ninwayo,Kwa-Ninwayo,Eastern Cape,-31.891669,28.901727,5
kwanjana,KwaNjana,Eastern Cape,-32.312657,28.492902,5
kwa-njeya,Kwa-Njeya,Eastern Cape,-31.037196,29.445985,5
kwankau,KwaNkau,Eastern Cape,-30.25,28.533333,5
kwanobhokwe,KwaNobhokwe,Eastern Cape,-31.9,27.85,5
kwanobhule,KwaNobhule,Eastern Cape,-33.817557,25.388413,5
kwanobuhle,KwaNobuhle,Eastern Cape,-33.817557,25.388413,5
kwanokatana,KwaNokatana,Eastern Cape,-32.152522,28.505171,5
kwanokepeyi,KwaNokepeyi,Eastern Cape,-31.599544,27.698458,5
kwa-nolokoza,Kwa-Nolokoza,Eastern Cape,-31.35,29.116667,5
kwa-nomadola,Kwa-Nomadola,Eastern Cape,-32.664645,26.944747,5
kwa-nomsenge,Kwa-Nomsenge,Eastern Cape,-31.542439,29.454201,5
kwanongxeke,KwaNongxeke,Eastern Cape,-32.133333,28.466667,5
kwanontsinga,KwaNontsinga,Eastern Cape,-32.616667,28.366667,5
kwa-notaza,Kwa-Notaza,Eastern Cape,-31.023892,29.04965,5
kwa-nozizityana,Kwa-Nozizityana,Eastern Cape,-31.069319,28.735381,5
kwanqana,KwaNqana,Eastern Cape,-30.769525,28.652122,5
kwa-ntabezulu,Kwa-Ntabezulu,Eastern Cape,-31.94518,28.545882,5
kwa-ntambula,Kwa-Ntambula,Eastern Cape,-31.194049,29.446107,5
kwantandayo,KwaNtandayo,Eastern Cape,-31.416667,29.333333,5
kwa-ntiskwe,Kwa-Ntiskwe,Eastern Cape,-31.124514,28.785915,5
kwantloko,KwaNtloko,Eastern Cape,-32.287577,28.739833,5
kwa-ntshoma,Kwa-Ntshoma,Eastern Cape,-31.853482,29.002452,5
kwa-nyabeni,Kwa-Nyabeni,Eastern Cape,-31.125347,29.097657,5
kwanyana,Kwanyana,Eastern Cape,-31.666667,29.266667,5
kwanyathi,KwaNyathi,Eastern Cape,-30.939505,29.185439,5
kwa-nyembezi,Kwa-Nyembezi,Eastern Cape,-31.45659,28.625974,5
kwa-nyokana,Kwa-Nyokana,Eastern Cape,-31.092016,29.01252,5
kwanzolo,KwaNzolo,Eastern Cape,-31.646184,28.185143,5
kwa-nzolo,Kwa-Nzolo,Eastern Cape,-31.594957,28.213265,5
kwa-pahla,Kwa-Pahla,Eastern Cape,-31.687633,28.442033,5
kwapalani,KwaPalani,Eastern Cape,-30.665042,28.873266,5
kwapewuta,KwaPewuta,Eastern Cape,-32.066667,28.7,5
kwa-pikoli,Kwa-Pikoli,Eastern Cape,-33.194414,26.973343,5
kwapita,KwaPita,Eastern Cape,-32.883333,26.966667,5
kwaposi,KwaPosi,Eastern Cape,-33.2,27.566667,5
kwaqala,KwaQala,Eastern Cape,-31.332018,28.486461,5
kwa-qala,Kwa-Qala,Eastern Cape,-31.316667,28.466667,5
kwa-qeda,Kwa-Qeda,Eastern Cape,-31.105641,29.801311,5
kwaqiya,KwaQiya,Eastern Cape,-31.683333,28.433333,5
kwaqoba,KwaQoba,Eastern Cape,-31.716667,27.966667,5
kwa-qoboshendlini,Kwa-Qoboshendlini,Eastern Cape,-31.526334,29.403552,5
kwaqukuswayo,KwaQukuswayo,Eastern Cape,-31.541809,29.355962,5
kwaqungebe,KwaQungebe,Eastern Cape,-30.785668,29.655996,5
kwarasi,KwaRasi,Eastern Cape,-32.2,28.9,5
kwarela,KwaRela,Eastern Cape,-31.616177,29.374716,5
kwasaba,KwaSaba,Eastern Cape,-31.689462,28.481675,5
kwasandile,KwaSandile,Eastern Cape,-33.15,27.533333,5
kwashwini,KwaShwini,Eastern Cape,-31.909304,27.526767,5
kwasibonda,KwaSibonda,Eastern Cape,-30.17626,29.025941,5
kwasidumo,KwaSidumo,Eastern Cape,-31.883333,29.016667,5
kwasilatsha,KwaSilatsha,Eastern Cape,-32.737061,28.071188,5
kwasogula,KwaSogula,Eastern Cape,-32.05,28.583333,5
kwasongwevu,KwaSongwevu,Eastern Cape,-32.25,28.816667,5
kwatanda,KwaTanda,Eastern Cape,-31.65,27.033333,5
kwatshatshu,KwaTshatshu,Eastern Cape,-31.851191,27.329619,5
kwa-tshezi,Kwa-Tshezi,Eastern Cape,-31.920236,28.857921,5
kwatsita,KwaTsita,Eastern Cape,-30.916531,29.160438,5
kwatuba,KwaTuba,Eastern Cape,-33.316667,27.15,5
kwatwalo,KwaTwalo,Eastern Cape,-32.11159,26.608606,5
kwavelelo,KwaVelelo,Eastern Cape,-32.010936,28.719874,5
kwavikinduku,KwaVikinduku,Eastern Cape,-30.183333,28.983333,5
kwawezo,KwaWezo,Eastern Cape,-32.220393,27.668241,5
kwa-xego,Kwa-Xego,Eastern Cape,-31.619033,28.50595,5
kwaxokoshe,KwaXokoshe,Eastern Cape,-31.615824,28.470262,5
kwa-xoxo,Kwa-Xoxo,Eastern Cape,-31.74107,28.108995,5
kwaxusha,KwaXusha,Eastern Cape,-31.716906,26.917123,5
kwayimani,KwaYimani,Eastern Cape,-32.15313,28.233529,5
kwayoba,KwaYoba,Eastern Cape,-30.924867,29.026568,5
kwazakele,KwaZakele,Eastern Cape,-33.875934,25.574323,5
kwazakhele,KwaZakhele,Eastern Cape,-33.875934,25.574323,5
kwazengele,KwaZengele,Eastern Cape,-30.677372,28.860281,5
kwazibunu,KwaZibunu,Eastern Cape,-32.50444,28.410699,5
kwazulu,KwaZulu,Eastern Cape,-30.945279,29.260732,5
kwa-zulu,Kwa-Zulu,Eastern Cape,-31.446096,29.412798,5
kwa-zwelinzima,Kwa-Zwelinzima,Eastern Cape,-31.631574,28.214264,5
kwelega,Kwelega,Eastern Cape,-32.84937,28.006566,5
kwelegha,Kwelegha,Eastern Cape,-32.84937,28.006566,5
kwelera,Kwelera,Eastern Cape,-32.8,27.966667,5
kwelesha,Kwelesha,Eastern Cape,-31.819439,28.06294,5
kwenxuha,Kwenxuha,Eastern Cape,-32.717338,28.109198,5
kwenxura,Kwenxura,Eastern Cape,-31.68817,28.763758,5
kwenyana,Kwenyana,Eastern Cape,-31.687937,29.248008,5
kwezana,Kwezana,Eastern Cape,-31.983333,27.7,5
kwilini,Kwilini,Eastern Cape,-32.239789,28.671666,5
la mascotte,La Mascotte,Eastern Cape,-30.736203,26.979188,5
la motte,La Motte,Eastern Cape,-31.404958,26.187496,5
lady frere,Lady Frere,Eastern Cape,-31.703118,27.232904,5
lady grey,Lady Grey,Eastern Cape,-30.710845,27.216129,5
lafuta,Lafuta,Eastern Cape,-31.667035,27.655922,5
lahlangubo,Lahlangubo,Eastern Cape,-30.793097,28.541124,5
lalini,Lalini,Eastern Cape,-31.337668,28.701664,5
lana,Lana,Eastern Cape,-31.173395,26.642779,5
lands end,Lands End,Eastern Cape,-31.57601,28.620447,5
landwane,Landwane,Eastern Cape,-31.042434,28.887856,5
langanci,Langanci,Eastern Cape,-31.691074,27.603294,5
langdon,langdon,Eastern Cape,-31.65,28.15,5
langeni,Langeni,Eastern Cape,-31.346293,29.457848,5
langfontein,Langfontein,Eastern Cape,-31.049267,26.691802,5
langkloof,Langkloof,Eastern Cape,-31.609966,25.898835,5
langley,Langley,Eastern Cape,-33.465895,26.04905,5
langpoort,Langpoort,Eastern Cape,-31.616667,27.416667,5
langverwacht,Langverwacht,Eastern Cape,-30.688479,26.509474,5
langverwag,Langverwag,Eastern Cape,-31.091719,26.561473,5
lanti,Lanti,Eastern Cape,-31.877463,27.402847,5
lantu,Lantu,Eastern Cape,-31.877463,27.402847,5
lapesini,Lapesini,Eastern Cape,-31.666072,26.976959,5
larochelle,Larochelle,Eastern Cape,-31.95319,26.42722,5
laughing waters,Laughing Waters,Eastern Cape,-33.308536,23.454002,5
lavinia,Lavinia,Eastern Cape,-31.65214,26.923401,5
lawudini,Lawudini,Eastern Cape,-31.766667,27.75,5
le bron,Le Bron,Eastern Cape,-30.939736,26.304103,5
leach bay,Leach Bay,Eastern Cape,-33.066667,27.866667,5
leachbaai,Leachbaai,Eastern Cape,-33.066667,27.866667,5
leaches bay,Leaches Bay,Eastern Cape,-33.066667,27.866667,5
leeukop,Leeukop,Eastern Cape,-30.741085,26.207803,5
leeukuil,Leeukuil,Eastern Cape,-31.733333,25.5,5
leeuwfontein,Leeuwfontein,Eastern Cape,-31.297218,26.930734,5
leeuwkop,Leeuwkop,Eastern Cape,-31.275419,26.801887,5
leeuwkuil,Leeuwkuil,Eastern Cape,-31.44165,26.2997,5
leevdrift,Leevdrift,Eastern Cape,-32.862332,26.304267,5
lehlakaneng,Lehlakaneng,Eastern Cape,-30.48878,28.570356,5
lehlangubu,Lehlangubu,Eastern Cape,-30.793097,28.541124,5
lehlohonola,Lehlohonola,Eastern Cape,-30.224566,28.882864,5
lehlohonolo,Lehlohonolo,Eastern Cape,-30.224566,28.882864,5
lehlonono,Lehlonono,Eastern Cape,-30.224566,28.882864,5
lehmansdrif,Lehmansdrif,Eastern Cape,-31.907267,26.640832,5
lekgwareng,Lekgwareng,Eastern Cape,-30.755856,28.43639,5
lekhalaneng,Lekhalaneng,Eastern Cape,-30.433333,28.6,5
lekhalong,Lekhalong,Eastern Cape,-30.385814,28.463775,5
lekhoba,Lekhoba,Eastern Cape,-30.539236,28.507215,5
lemaenfontein,Lemaenfontein,Eastern Cape,-31.398565,26.812688,5
lemoen kloof,Lemoen Kloof,Eastern Cape,-31.267853,25.611412,5
lemoendontein,Lemoendontein,Eastern Cape,-30.717051,26.917609,5
lemoenfontein,Lemoenfontein,Eastern Cape,-32.754314,28.032451,5
lemoenkloof,Lemoenkloof,Eastern Cape,-31.01935,26.714466,5
lemoenkloof,Lemoenkloof,Eastern Cape,-31.481268,26.990976,5
lentelus,Lentelus,Eastern Cape,-30.766701,26.939084,5
lesfontein,Lesfontein,Eastern Cape,-31.567735,25.689702,5
lesseyton,Lesseyton,Eastern Cape,-31.850315,26.777607,5
lewuswood,Lewuswood,Eastern Cape,-33.254138,27.079342,5
libode,Libode,Eastern Cape,-31.543315,29.016396,5
liebendal,Liebendal,Eastern Cape,-31.717733,25.925149,5
liepsfontein,Liepsfontein,Eastern Cape,-31.013281,25.664148,5
likamoreng,Likamoreng,Eastern Cape,-30.266667,28.433333,5
likhetlane,Likhetlane,Eastern Cape,-30.349059,28.514083,5
lily vale,Lily Vale,Eastern Cape,-31.990616,26.952187,5
lilyvale,Lilyvale,Eastern Cape,-33.016155,26.974978,5
lindesdal,Lindesdal,Eastern Cape,-31.817919,25.599156,5
lindini,Lindini,Eastern Cape,-31.601693,28.716445,5
lindsay,Lindsay,Eastern Cape,-32.216667,28.15,5
lingeni,Lingeni,Eastern Cape,-31.346826,29.64014,5
linotsing,Linotsing,Eastern Cape,-30.55597,28.597789,5
lismore,Lismore,Eastern Cape,-31.604539,26.557907,5
liviersrust,Liviersrust,Eastern Cape,-31.1,26.666667,5
lixeni,Lixeni,Eastern Cape,-30.977353,28.54213,5
liyengweni,Liyengweni,Eastern Cape,-30.633876,28.775901,5
locke moore,Locke Moore,Eastern Cape,-33.583333,26.75,5
loerie,Loerie,Eastern Cape,-33.87256,25.030801,5
lokasie,Lokasie,Eastern Cape,-31.466667,27.35,5
lokishini,Lokishini,Eastern Cape,-30.853447,28.496802,5
lombards post,Lombards Post,Eastern Cape,-33.549032,26.696546,5
lombardy,Lombardy,Eastern Cape,-31.707578,26.320385,5
lonci,Lonci,Eastern Cape,-30.814633,28.971159,5
lone tree,Lone Tree,Eastern Cape,-32.816608,28.086675,5
lonely,Lonely,Eastern Cape,-31.738201,25.646489,5
longden,Longden,Eastern Cape,-31.316667,28.333333,5
longdens,Longdens,Eastern Cape,-31.316667,28.333333,5
longlands,Longlands,Eastern Cape,-31.316667,28.333333,5
longlee,Longlee,Eastern Cape,-33.465895,26.04905,5
longmore,Longmore,Eastern Cape,-33.856335,25.113391,5
longsought,Longsought,Eastern Cape,-30.578229,27.181797,5
lookout,Lookout,Eastern Cape,-31.857437,28.103434,5
loququeni,Loququeni,Eastern Cape,-31.437705,29.53046,5
lorraine,Lorraine,Eastern Cape,-33.967234,25.515454,5
loskop,Loskop,Eastern Cape,-30.858122,26.840756,5
lota,Lota,Eastern Cape,-31.865307,28.338568,5
lotana,Lotana,Eastern Cape,-31.280415,28.92558,5
lottering,Lottering,Eastern Cape,-33.966567,23.734774,5
louden,Louden,Eastern Cape,-31.015362,28.469131,5
louidale,Louidale,Eastern Cape,-32.772592,26.833979,5
louis botha,Louis Botha,Eastern Cape,-30.916667,26.133333,5
lourdes,Lourdes,Eastern Cape,-30.199223,29.683724,5
louterwater,Louterwater,Eastern Cape,-33.800087,23.663818,5
louwsrust,Louwsrust,Eastern Cape,-31.017677,26.678553,5
love dale,Love Dale,Eastern Cape,-31.663601,26.216539,5
lovedale,Lovedale,Eastern Cape,-32.772592,26.833979,5
lovedale college,Lovedale College,Eastern Cape,-32.772592,26.833979,5
lovemore park,Lovemore Park,Eastern Cape,-34.015439,25.527133,5
lower bolotwa,Lower Bolotwa,Eastern Cape,-31.848,28.274389,5
lower cala,Lower Cala,Eastern Cape,-31.51785,27.622598,5
lower culunca,Lower Culunca,Eastern Cape,-31.144209,28.728686,5
lower didimana,Lower Didimana,Eastern Cape,-32.1,26.583333,5
lower elucwecwe,Lower Elucwecwe,Eastern Cape,-31.734702,27.881401,5
lower flucwecwe,Lower Flucwecwe,Eastern Cape,-31.7,27.883333,5
lower gqobonco,Lower Gqobonco,Eastern Cape,-31.607403,28.257022,5
lower gqubonco,Lower Gqubonco,Eastern Cape,-31.607403,28.257022,5
lower gretna,Lower Gretna,Eastern Cape,-31.529877,26.635669,5
lower gubonco,Lower Gubonco,Eastern Cape,-31.607403,28.257022,5
lower mcambalala,Lower Mcambalala,Eastern Cape,-31.847693,27.491816,5
lower mdumbi,Lower Mdumbi,Eastern Cape,-31.770711,28.998245,5
lower mkata,Lower Mkata,Eastern Cape,-31.371894,29.399997,5
lower mkate,Lower Mkate,Eastern Cape,-31.371894,29.399997,5
lower mnyolo,Lower Mnyolo,Eastern Cape,-31.584993,28.284314,5
lower mtingwevu,Lower Mtingwevu,Eastern Cape,-31.740452,27.596675,5
lower mvemyana,Lower Mvemyana,Eastern Cape,-30.695315,29.113703,5
lower mvenyane,Lower Mvenyane,Eastern Cape,-30.695315,29.113703,5
lower qoha,Lower Qoha,Eastern Cape,-32.314992,28.29599,5
lower qora,Lower Qora,Eastern Cape,-32.314992,28.29599,5
lower rabula,Lower Rabula,Eastern Cape,-32.766667,27.15,5
lower rainy,Lower Rainy,Eastern Cape,-31.793718,29.1631,5
lower sabelele,Lower Sabelele,Eastern Cape,-32.117363,27.437439,5
lower tsitana,Lower Tsitana,Eastern Cape,-30.882346,28.360332,5
lower tsitsana,Lower Tsitsana,Eastern Cape,-30.874995,28.341743,5
lower tyira,Lower Tyira,Eastern Cape,-31.179965,28.811404,5
lower tyola,Lower Tyola,Eastern Cape,-31.94892,28.76603,5
lower tyolo,Lower Tyolo,Eastern Cape,-31.94892,28.76603,5
lower wolf river,Lower Wolf River,Eastern Cape,-32.71852,27.099263,5
lower xangora,Lower Xangora,Eastern Cape,-31.65436,28.400103,5
lower-ngqwara,Lower-Ngqwara,Eastern Cape,-31.79966,28.779316,5
lowlands,Lowlands,Eastern Cape,-31.914478,25.506492,5
lubacweni,Lubacweni,Eastern Cape,-30.90265,29.016033,5
lubaleko,Lubaleko,Eastern Cape,-30.183333,28.983333,5
lubalekweni,Lubalekweni,Eastern Cape,-31.850454,28.737806,5
lubanzi,Lubanzi,Eastern Cape,-31.438544,29.069444,5
lubisi,Lubisi,Eastern Cape,-31.583547,27.98894,5
lubisini,Lubisini,Eastern Cape,-30.545726,28.476928,5
lubomnini,Lubomnini,Eastern Cape,-32.2,28.566667,5
lubomvini,Lubomvini,Eastern Cape,-32.197017,28.572849,5
lucerna,Lucerna,Eastern Cape,-33.942966,24.318644,5
lucernedale,Lucernedale,Eastern Cape,-31.470337,25.606957,5
lucwecwe,Lucwecwe,Eastern Cape,-31.734702,27.881401,5
ludadasi,Ludadasi,Eastern Cape,-31.650097,29.286978,5
ludaka,Ludaka,Eastern Cape,-31.843036,29.190669,5
ludakeni,Ludakeni,Eastern Cape,-31.443325,27.624307,5
ludalasi,Ludalasi,Eastern Cape,-31.650097,29.286978,5
ludeka,Ludeka,Eastern Cape,-30.816077,29.720257,5
ludeke,Ludeke,Eastern Cape,-30.816077,29.720257,5
luderitzbucht,Luderitzbucht,Eastern Cape,-31.101925,26.064199,5
ludiza,Ludiza,Eastern Cape,-32.15,28.616667,5
ludlameni,Ludlameni,Eastern Cape,-31.083333,29.05,5
ludondolo,Ludondolo,Eastern Cape,-31.933333,28.483333,5
ludonga,Ludonga,Eastern Cape,-31.387144,29.308401,5
ludongo,Ludongo,Eastern Cape,-31.387144,29.308401,5
luembo,Luembo,Eastern Cape,-31.711772,27.89386,5
lufafa,Lufafa,Eastern Cape,-30.883333,29.033333,5
lufefeni,Lufefeni,Eastern Cape,-30.119275,29.10938,5
lufuta,Lufuta,Eastern Cape,-31.667035,27.655922,5
lugada,Lugada,Eastern Cape,-30.404021,28.665328,5
lugado,Lugado,Eastern Cape,-30.404021,28.665328,5
lugalakaxa,Lugalakaxa,Eastern Cape,-30.937089,29.075927,5
lugaqweni,Lugaqweni,Eastern Cape,-31.565954,29.436877,5
lugcadweni,Lugcadweni,Eastern Cape,-30.584418,28.444132,5
lugogweni,Lugogweni,Eastern Cape,-31.437705,29.53046,5
lugolweni,Lugolweni,Eastern Cape,-30.883849,29.043386,5
lugolwenie,Lugolwenie,Eastern Cape,-31.616667,28.133333,5
lugongqoso,Lugongqoso,Eastern Cape,-31.75,29.266667,5
lugongqozo,Lugongqozo,Eastern Cape,-31.203883,29.250716,5
luhasheni,Luhasheni,Eastern Cape,-31.429524,28.860576,5
luhewini,Luhewini,Eastern Cape,-31.698205,28.106176,5
luhlalwini,Luhlalwini,Eastern Cape,-31.592378,27.560474,5
lujecweni,Lujecweni,Eastern Cape,-31.059916,29.567372,5
lujiza,Lujiza,Eastern Cape,-33.266805,27.466029,5
lujizweni,Lujizweni,Eastern Cape,-31.75,28.95,5
lukahlambeni,Lukahlambeni,Eastern Cape,-31.098748,29.635964,5
lukanyisweni,Lukanyisweni,Eastern Cape,-31.037982,29.766809,5
lukeni,Lukeni,Eastern Cape,-31.42043,29.223207,5
lukolweni,Lukolweni,Eastern Cape,-32.166667,28.55,5
lukuni,Lukuni,Eastern Cape,-31.42043,29.223207,5
lukwetu,Lukwetu,Eastern Cape,-31.659471,28.612087,5
lulwalweni,Lulwalweni,Eastern Cape,-31.75,28.8,5
luna,Luna,Eastern Cape,-30.869796,29.993491,5
lunda,Lunda,Eastern Cape,-30.330656,28.692912,5
lunda gate,Lunda Gate,Eastern Cape,-30.330656,28.692912,5
lundean's nek,Lundean's Nek,Eastern Cape,-30.658721,27.734174,5
lundie,Lundie,Eastern Cape,-32.22597,28.631339,5
lundini,Lundini,Eastern Cape,-30.860897,28.964316,5
lundin's nek,Lundin's Nek,Eastern Cape,-30.658721,27.734174,5
lundwana,Lundwana,Eastern Cape,-30.855393,29.51803,5
lundzwana,Lundzwana,Eastern Cape,-30.855393,29.51803,5
lunyingweni,Lunyingweni,Eastern Cape,-30.97734,29.157539,5
lupatana,Lupatana,Eastern Cape,-31.42101,29.85225,5
lupilisweni,Lupilisweni,Eastern Cape,-30.869999,29.61955,5
lupindo,Lupindo,Eastern Cape,-30.498888,28.668008,5
lupindos,Lupindos,Eastern Cape,-30.498888,28.668008,5
lupindweni,Lupindweni,Eastern Cape,-31.627091,26.951319,5
lupondweni,Lupondweni,Eastern Cape,-31.965796,28.56538,5
luqaqeni,Luqaqeni,Eastern Cape,-30.168482,29.057271,5
luqolweni,Luqolweni,Eastern Cape,-30.934494,28.732993,5
luqoqweni,Luqoqweni,Eastern Cape,-31.437705,29.53046,5
luququweni,Luququweni,Eastern Cape,-31.437705,29.53046,5
luraseni,Luraseni,Eastern Cape,-31.429524,28.860576,5
lusasa,Lusasa,Eastern Cape,-32.692683,28.078275,5
lushington,Lushington,Eastern Cape,-33.15,27.7,5
lushof,Lushof,Eastern Cape,-31.16747,26.280643,5
lusiki,Lusiki,Eastern Cape,-32.458428,28.488466,5
lusikisiki,Lusikisiki,Eastern Cape,-31.361987,29.573285,5
lusizi,Lusizi,Eastern Cape,-32.458428,28.488466,5
lusizini,Lusizini,Eastern Cape,-31.04371,28.975082,5
lusthof,Lusthof,Eastern Cape,-30.653641,26.191215,5
lusuthu,Lusuthu,Eastern Cape,-30.784888,29.228399,5
lutambeko,Lutambeko,Eastern Cape,-30.839529,29.550899,5
lutanibebo,Lutanibebo,Eastern Cape,-31.166667,29.216667,5
lutateni,Lutateni,Eastern Cape,-30.750832,29.052386,5
lutengela,Lutengela,Eastern Cape,-31.492671,29.406971,5
lutengele,Lutengele,Eastern Cape,-31.492671,29.406971,5
lutha,Lutha,Eastern Cape,-31.432234,27.611672,5
lutoli,Lutoli,Eastern Cape,-31.527391,28.824916,5
lutshatsheni,Lutshatsheni,Eastern Cape,-31.383333,29.2,5
lutsheni,Lutsheni,Eastern Cape,-31.263046,29.452271,5
lutshikini,Lutshikini,Eastern Cape,-30.751922,29.089759,5
lutshini,Lutshini,Eastern Cape,-31.236479,28.721241,5
lututu,Lututu,Eastern Cape,-32.077258,28.624517,5
lutwayizo,Lutwayizo,Eastern Cape,-32.220512,28.842598,5
lutwisa,Lutwisa,Eastern Cape,-32.220512,28.842598,5
luvundu,Luvundu,Eastern Cape,-32.283333,28.566667,5
luwandlana,Luwandlana,Eastern Cape,-31.042434,28.887856,5
luwandlane,Luwandlane,Eastern Cape,-31.042434,28.887856,5
luxeni,Luxeni,Eastern Cape,-30.417364,28.69431,5
luxhomo,Luxhomo,Eastern Cape,-32.211435,28.175179,5
luxwesa,Luxwesa,Eastern Cape,-30.841152,29.206216,5
luyengweni,Luyengweni,Eastern Cape,-30.633876,28.775901,5
luzi,Luzi,Eastern Cape,-30.76833,28.476974,5
luzupu,Luzupu,Eastern Cape,-31.355968,29.43637,5
lwandile,Lwandile,Eastern Cape,-31.86548,29.216195,5
lwandili,Lwandili,Eastern Cape,-31.86548,29.216195,5
lwandlana,Lwandlana,Eastern Cape,-31.173838,29.402942,5
lyndhurst,Lyndhurst,Eastern Cape,-30.747201,26.507238,5
lyngdal,Lyngdal,Eastern Cape,-31.616667,27.366667,5
ma-africa,Ma-Africa,Eastern Cape,-32.283333,28.75,5
mabandla's,Mabandla's,Eastern Cape,-32.7,26.916667,5
mabandla's location,Mabandla's Location,Eastern Cape,-32.743361,26.910308,5
mabbalane,Mabbalane,Eastern Cape,-30.844991,28.339939,5
mabehana,Mabehana,Eastern Cape,-31.914663,29.071162,5
mabele,Mabele,Eastern Cape,-30.6,27.733333,5
mabetsha,Mabetsha,Eastern Cape,-31.716667,29.05,5
mabetshe,Mabetshe,Eastern Cape,-31.716667,29.05,5
mabheleni,Mabheleni,Eastern Cape,-30.786648,28.637603,5
mabhetsha,Mabhetsha,Eastern Cape,-31.722314,29.038503,5
mabofolweni,Mabofolweni,Eastern Cape,-33.25,27.05,5
mabofu,Mabofu,Eastern Cape,-30.900698,29.464151,5
mabongo location,Mabongo Location,Eastern Cape,-33.05,27.333333,5
mabongweni,Mabongweni,Eastern Cape,-30.783255,28.853396,5
mabugulu,Mabugulu,Eastern Cape,-30.883333,28.383333,5
mabula,Mabula,Eastern Cape,-30.203359,28.602772,5
macabini,Macabini,Eastern Cape,-31.906584,27.036568,5
macacuma,Macacuma,Eastern Cape,-30.473037,27.352729,5
macangceni,Macangceni,Eastern Cape,-31.44736,27.733141,5
maceneni,Maceneni,Eastern Cape,-30.664194,29.080754,5
macheleni,Macheleni,Eastern Cape,-30.75479,29.042244,5
machibini,Machibini,Eastern Cape,-31.065632,28.703503,5
macibini,Macibini,Eastern Cape,-30.728292,28.718782,5
macireni,Macireni,Eastern Cape,-32.028378,28.557528,5
macivini,Macivini,Eastern Cape,-30.728292,28.718782,5
macleantown,Macleantown,Eastern Cape,-32.78858,27.746866,5
maclear,Maclear,Eastern Cape,-31.071043,28.351833,5
macubeni,Macubeni,Eastern Cape,-31.566667,27.2,5
madada,Madada,Eastern Cape,-31.069688,29.700229,5
madadana,Madadana,Eastern Cape,-30.935298,30.009561,5
madakeni,Madakeni,Eastern Cape,-31.95,29.15,5
madela,Madela,Eastern Cape,-31.772143,28.068823,5
madladleni,Madladleni,Eastern Cape,-31.680048,27.941463,5
madlangeni,Madlangeni,Eastern Cape,-30.635411,28.584236,5
madlotsheni,Madlotsheni,Eastern Cape,-31.993629,27.851518,5
madokodeni,Madokodeni,Eastern Cape,-31.029722,28.837525,5
madotyeni,Madotyeni,Eastern Cape,-31.142922,29.424072,5
maduna,Maduna,Eastern Cape,-30.529284,28.708928,5
madwakazana,Madwakazana,Eastern Cape,-31.066423,29.384947,5
madwaleni,Madwaleni,Eastern Cape,-30.771479,28.470014,5
madweleni,Madweleni,Eastern Cape,-31.770579,28.791765,5
maerman,Maerman,Eastern Cape,-31.6,27.75,5
mafini,Mafini,Eastern Cape,-31.561863,29.081156,5
mafube,Mafube,Eastern Cape,-30.179758,28.717665,5
mafukeni,Mafukeni,Eastern Cape,-31.433333,29.016667,5
mafusini,Mafusini,Eastern Cape,-30.866511,28.361338,5
magadla,Magadla,Eastern Cape,-30.606803,27.314864,5
magashu,Magashu,Eastern Cape,-31.733333,27.333333,5
magazana,Magazana,Eastern Cape,-32.129201,28.767658,5
magcakin,Magcakin,Eastern Cape,-31.511217,28.942381,5
magda,Magda,Eastern Cape,-31.433333,25.683333,5
magdala,Magdala,Eastern Cape,-31.633613,26.182465,5
magdalena,Magdalena,Eastern Cape,-30.64411,26.381265,5
magezimeni,Magezimeni,Eastern Cape,-31.277684,28.606119,5
maghatseng,Maghatseng,Eastern Cape,-30.546663,28.539889,5
magjuan,Magjuan,Eastern Cape,-31.91548,25.799291,5
magombeni,Magombeni,Eastern Cape,-30.88834,29.655186,5
magontsini,Magontsini,Eastern Cape,-31.224339,28.664063,5
magqabasini,Magqabasini,Eastern Cape,-30.928492,29.52583,5
magqabi,Magqabi,Eastern Cape,-32.166667,28.383333,5
magqagqeni,Magqagqeni,Eastern Cape,-30.928035,29.227572,5
magqazeni,Magqazeni,Eastern Cape,-33.200249,27.152494,5
magqubeni,Magqubeni,Eastern Cape,-31.255714,28.550415,5
magunyeni,Magunyeni,Eastern Cape,-30.701186,28.633084,5
magusheni,Magusheni,Eastern Cape,-30.856093,29.60489,5
magutyubeni,Magutyubeni,Eastern Cape,-30.883258,28.402538,5
magutywa,Magutywa,Eastern Cape,-31.227812,28.665972,5
magwaca,Magwaca,Eastern Cape,-30.906773,28.54559,5
magwateni,Magwateni,Eastern Cape,-31.524189,27.461123,5
magwigi,Magwigi,Eastern Cape,-30.64893,27.363414,5
magxeni,Magxeni,Eastern Cape,-30.542474,29.047475,5
mahaneng,Mahaneng,Eastern Cape,-30.483333,28.416667,5
mahasana,Mahasana,Eastern Cape,-32.333333,28.7,5
mahasane,Mahasane,Eastern Cape,-32.333333,28.7,5
mahemeng,Mahemeng,Eastern Cape,-30.646158,28.471789,5
mahlaba,Mahlaba,Eastern Cape,-31.017452,29.754828,5
mahlake,Mahlake,Eastern Cape,-30.630253,28.620453,5
mahlatini,Mahlatini,Eastern Cape,-31.045802,30.124646,5
mahlenhlanzi,Mahlenhlanzi,Eastern Cape,-32.316667,28.233333,5
mahliwane,Mahliwane,Eastern Cape,-32.234333,28.289689,5
mahlubini,Mahlubini,Eastern Cape,-31.633333,27.833333,5
mahlungulu,Mahlungulu,Eastern Cape,-31.073658,28.837476,5
mahobe,Mahobe,Eastern Cape,-30.674476,28.56319,5
main,Main,Eastern Cape,-31.898529,27.945893,5
maipase,Maipase,Eastern Cape,-32.859932,27.198531,5
maitland,Maitland,Eastern Cape,-33.436035,27.224695,5
majamanini,Majamanini,Eastern Cape,-33,27.183333,5
majavu,Majavu,Eastern Cape,-30.832299,29.711744,5
majodini,Majodini,Eastern Cape,-31.121195,28.8234,5
majolantaba,Majolantaba,Eastern Cape,-31.498256,29.324728,5
majuba,Majuba,Eastern Cape,-32.798296,27.373209,5
majuba nek,Majuba Nek,Eastern Cape,-30.578835,27.510026,5
majulumani,Majulumani,Eastern Cape,-30.852852,29.299571,5
makaka,Makaka,Eastern Cape,-32.116667,28.533333,5
makasi,Makasi,Eastern Cape,-31.783333,27.033333,5
makelekete,Makelekete,Eastern Cape,-31.087296,29.222067,5
makeng,Makeng,Eastern Cape,-30.763572,28.494374,5
makeswa,Makeswa,Eastern Cape,-31.75,29.316667,5
makhaba,Makhaba,Eastern Cape,-30.619477,27.787998,5
makhegwini,Makhegwini,Eastern Cape,-30.902245,29.068949,5
makhetheng,Makhetheng,Eastern Cape,-30.916667,29.433333,5
makholweni,Makholweni,Eastern Cape,-30.092797,29.091433,5
makhumsha,Makhumsha,Eastern Cape,-30.552151,27.670068,5
makomareng,Makomareng,Eastern Cape,-30.184848,28.594777,5
makomereng,Makomereng,Eastern Cape,-30.184848,28.594777,5
makuleni,Makuleni,Eastern Cape,-30.901262,28.674486,5
makwababa,Makwababa,Eastern Cape,-31.883333,27.916667,5
makwanteni,Makwanteni,Eastern Cape,-31.10663,29.983642,5
makwatlane,Makwatlane,Eastern Cape,-30.606957,28.358224,5
maladini,Maladini,Eastern Cape,-30.936104,28.603342,5
malepelepe,Malepelepe,Eastern Cape,-31.2122,28.755587,5
malfontein,Malfontein,Eastern Cape,-31.683333,25.65,5
malindini,Malindini,Eastern Cape,-31.820325,28.468761,5
maliwa,Maliwa,Eastern Cape,-31.145997,29.534983,5
malmaison,Malmaison,Eastern Cape,-33.4,25.4,5
malo,Malo,Eastern Cape,-31.666667,27.4,5
malongwana,Malongwana,Eastern Cape,-31.028393,29.609272,5
malongwe,Malongwe,Eastern Cape,-30.804039,28.944874,5
malpas,Malpas,Eastern Cape,-30.752506,28.017623,5
malulwane,Malulwane,Eastern Cape,-32.216667,28.7,5
mama,Mama,Eastern Cape,-32.883333,27.116667,5
mamata,Mamata,Eastern Cape,-32.852451,27.252408,5
mambebevini,Mambebevini,Eastern Cape,-30.811522,29.427039,5
mamfeneni,Mamfeneni,Eastern Cape,-31.566667,27.1,5
mamfengwini,Mamfengwini,Eastern Cape,-31.642772,28.275739,5
mamfenweni,Mamfenweni,Eastern Cape,-31.85,29.25,5
mampingeni,Mampingeni,Eastern Cape,-31.595068,28.485973,5
mampola,Mampola,Eastern Cape,-30.057937,29.033861,5
mampondomisini,Mampondomisini,Eastern Cape,-31.622072,29.099425,5
mampondweni,Mampondweni,Eastern Cape,-31.097266,29.211898,5
mamre,Mamre,Eastern Cape,-31.741823,26.192568,5
manangeni,Manangeni,Eastern Cape,-31.964816,29.039976,5
mancam,Mancam,Eastern Cape,-31.905764,28.814357,5
mancotsheni,Mancotsheni,Eastern Cape,-31.704858,28.366043,5
mandabeleni,Mandabeleni,Eastern Cape,-31.388534,29.690968,5
mandhlabomvu,Mandhlabomvu,Eastern Cape,-31.273802,29.359579,5
mandhlovine,Mandhlovine,Eastern Cape,-31.67614,28.850092,5
mandileni,Mandileni,Eastern Cape,-30.722573,28.802486,5
mandlaneni,Mandlaneni,Eastern Cape,-31.640892,26.879687,5
mandleni,Mandleni,Eastern Cape,-31.832932,29.103272,5
mandlovina,Mandlovina,Eastern Cape,-31.67614,28.850092,5
mandlovini,Mandlovini,Eastern Cape,-31.67614,28.850092,5
mandluntsha,Mandluntsha,Eastern Cape,-32.303656,28.659107,5
mandundu,Mandundu,Eastern Cape,-32.116667,28.583333,5
manelsdam,Manelsdam,Eastern Cape,-31.961276,26.102463,5
manelspoort,Manelspoort,Eastern Cape,-31.736426,26.909877,5
manfeku,Manfeku,Eastern Cape,-31.523944,29.680428,5
manfengwini,Manfengwini,Eastern Cape,-30.927203,28.468472,5
mangamnzine,Mangamnzine,Eastern Cape,-30.979681,29.069345,5
mangati,Mangati,Eastern Cape,-32.084512,28.381239,5
mangewangulen,Mangewangulen,Eastern Cape,-31.330291,29.174271,5
mangola,Mangola,Eastern Cape,-32.45,28,5
mangoloaneng,Mangoloaneng,Eastern Cape,-30.521278,28.456861,5
mangolong,Mangolong,Eastern Cape,-30.523132,28.604732,5
mangqabasheni,Mangqabasheni,Eastern Cape,-31.773826,28.478945,5
mangqamzeni,Mangqamzeni,Eastern Cape,-30.979681,29.069345,5
mangwaneni,Mangwaneni,Eastern Cape,-31.0818,28.915312,5
mangweni,Mangweni,Eastern Cape,-30.615587,27.38787,5
mangxamfu,Mangxamfu,Eastern Cape,-31.168876,29.099434,5
mangxongweni,Mangxongweni,Eastern Cape,-31.677733,28.261848,5
manlatini,Manlatini,Eastern Cape,-31.045802,30.124646,5
manobe,Manobe,Eastern Cape,-30.683333,28.583333,5
manqewanguleni,Manqewanguleni,Eastern Cape,-31.330291,29.174271,5
mantanieni,Mantanieni,Eastern Cape,-32.216667,28.766667,5
manteku,Manteku,Eastern Cape,-31.523944,29.680428,5
mantetyeni,Mantetyeni,Eastern Cape,-32.45,28.216667,5
mantlaneni,Mantlaneni,Eastern Cape,-32.216667,28.416667,5
mantshilibeni,Mantshilibeni,Eastern Cape,-31.758767,28.468756,5
mantusini,Mantusini,Eastern Cape,-31.29201,29.603596,5
manu,Manu,Eastern Cape,-32.440287,28.611417,5
manubi,Manubi,Eastern Cape,-32.440287,28.611417,5
manubie,Manubie,Eastern Cape,-32.440287,28.611417,5
manuneni,Manuneni,Eastern Cape,-31.745866,28.305272,5
manxeba,Manxeba,Eastern Cape,-30.605779,27.250408,5
manxelene,Manxelene,Eastern Cape,-30.982732,28.592372,5
manxiwa,Manxiwa,Eastern Cape,-32.233333,28.483333,5
manyana,Manyana,Eastern Cape,-32.6,28.433333,5
manyosini,Manyosini,Eastern Cape,-31.940926,28.662137,5
manzana,Manzana,Eastern Cape,-31.736968,28.02031,5
manzi,Manzi,Eastern Cape,-31.959361,28.89514,5
manzikahyi,Manzikahyi,Eastern Cape,-32.087415,28.656479,5
manzimahle,Manzimahle,Eastern Cape,-31.612411,27.577514,5
manzimdaka,Manzimdaka,Eastern Cape,-31.545376,27.681862,5
manzotweni,Manzotweni,Eastern Cape,-31.833333,28.566667,5
mapfontein,Mapfontein,Eastern Cape,-30.216667,28.65,5
maphakatlaling,Maphakatlaling,Eastern Cape,-30.617739,28.597569,5
maplotini,Maplotini,Eastern Cape,-31.350511,28.369126,5
mapoki,Mapoki,Eastern Cape,-30.284445,28.860421,5
mapolesene,Mapolesene,Eastern Cape,-30.383333,28.4,5
mapozi,Mapozi,Eastern Cape,-31.933115,29.121345,5
mapuzi,Mapuzi,Eastern Cape,-31.933115,29.121345,5
maqadini,Maqadini,Eastern Cape,-31.713097,28.424541,5
maqanyeni,Maqanyeni,Eastern Cape,-31.022795,28.602619,5
maqomeni,Maqomeni,Eastern Cape,-31.816667,27.95,5
maqonqweni,Maqonqweni,Eastern Cape,-31.743983,27.328624,5
maqundane,Maqundane,Eastern Cape,-30.607008,28.863372,5
maqwambini,Maqwambini,Eastern Cape,-31.907683,28.752275,5
maqwateni,Maqwateni,Eastern Cape,-31.666095,27.451806,5
maqwathini,Maqwathini,Eastern Cape,-31.802642,27.54834,5
maqwatini,Maqwatini,Eastern Cape,-31.716667,26.933333,5
marais,Marais,Eastern Cape,-33.916667,25.583333,5
maraisburg studam,Maraisburg Studam,Eastern Cape,-31.6,25.983333,5
marakaneng,Marakaneng,Eastern Cape,-30.578993,27.085715,5
marambeni,Marambeni,Eastern Cape,-30.861095,29.64835,5
maramzeni,Maramzeni,Eastern Cape,-30.850557,29.443911,5
maranugeni,Maranugeni,Eastern Cape,-32.437236,28.535175,5
maria-linden,Maria-Linden,Eastern Cape,-30.25,28.483333,5
mariazell,Mariazell,Eastern Cape,-30.3,28.366667,5
mariba,Mariba,Eastern Cape,-31.449936,26.977398,5
marienburg,Marienburg,Eastern Cape,-34.010967,23.890007,5
marina glade,Marina Glade,Eastern Cape,-34.148945,24.8362,5
marina glades,Marina Glades,Eastern Cape,-34.148945,24.8362,5
marionvale,Marionvale,Eastern Cape,-30.68705,26.572301,5
marlow,Marlow,Eastern Cape,-31.381669,26.857977,5
marmabeni,Marmabeni,Eastern Cape,-31.110313,28.860567,5
marombe,Marombe,Eastern Cape,-30.920664,28.587721,5
marsden flats,Marsden Flats,Eastern Cape,-31.840748,25.900974,5
marshmoor,Marshmoor,Eastern Cape,-31.394094,26.552484,5
marshstrand,Marshstrand,Eastern Cape,-32.756638,28.267983,5
martindale,Martindale,Eastern Cape,-31.317605,26.782336,5
martlesham,Martlesham,Eastern Cape,-31.303723,25.905805,5
marubeni,Marubeni,Eastern Cape,-31.442475,29.059955,5
marwaga,Marwaga,Eastern Cape,-30.732078,29.334116,5
marwatini,Marwatini,Eastern Cape,-30.95,28.616667,5
marydale,Marydale,Eastern Cape,-31.344586,28.208167,5
maryland,Maryland,Eastern Cape,-31.511367,25.574697,5
masakane,Masakane,Eastern Cape,-31.916667,28.3,5
masameni,Masameni,Eastern Cape,-31.591555,29.103721,5
masana,Masana,Eastern Cape,-31.824796,28.383622,5
masangweni,Masangweni,Eastern Cape,-31.716667,27.216667,5
masazane,Masazane,Eastern Cape,-32.533392,28.558613,5
masela,Masela,Eastern Cape,-32.938464,27.331215,5
masele,Masele,Eastern Cape,-32.246017,28.097325,5
mashata,Mashata,Eastern Cape,-30.398089,28.443456,5
masimangweni,Masimangweni,Eastern Cape,-30.562932,28.726119,5
masimo,Masimo,Eastern Cape,-30.766667,26.65,5
masincedane,Masincedane,Eastern Cape,-32.266667,28.766667,5
masiza,Masiza,Eastern Cape,-30.30013,28.762702,5
maswabantwana,Maswabantwana,Eastern Cape,-31.038729,29.060711,5
matafana,Matafana,Eastern Cape,-31.508563,29.57184,5
matafeni,Matafeni,Eastern Cape,-30.575262,28.523197,5
matandela,Matandela,Eastern Cape,-30.558654,28.81172,5
matane,Matane,Eastern Cape,-31.485187,29.59047,5
matanzima,Matanzima,Eastern Cape,-31.533952,27.640698,5
matatiela,Matatiela,Eastern Cape,-32.402987,28.563371,5
mateko,Mateko,Eastern Cape,-31.770679,28.644744,5
mateku,Mateku,Eastern Cape,-31.309525,29.724637,5
mateleng,Mateleng,Eastern Cape,-30.348646,28.425537,5
mathunzini,Mathunzini,Eastern Cape,-30.983333,28.166667,5
matjesfontein,Matjesfontein,Eastern Cape,-33.55284,26.315506,5
matjiesvlei,Matjiesvlei,Eastern Cape,-30.97444,26.503311,5
matlas,Matlas,Eastern Cape,-30.138889,29.013038,5
matolanyile,Matolanyile,Eastern Cape,-31.85,27.883333,5
matolweni,Matolweni,Eastern Cape,-30.142071,29.020518,5
matombe,Matombe,Eastern Cape,-31.467381,29.561474,5
matomelas location,Matomelas Location,Eastern Cape,-33.283333,27.116667,5
matonana,Matonana,Eastern Cape,-31.989494,28.893078,5
matshona,Matshona,Eastern Cape,-30.99416,29.258486,5
matshongwe,Matshongwe,Eastern Cape,-31.516111,28.657633,5
matunzini,Matunzini,Eastern Cape,-32.066667,28.9,5
matyeba,Matyeba,Eastern Cape,-31.448436,28.716089,5
matyeni,Matyeni,Eastern Cape,-30.754459,28.876194,5
matyhatyhasini,Matyhatyhasini,Eastern Cape,-30.904257,29.13274,5
maurice hill,Maurice Hill,Eastern Cape,-33.616667,26.216667,5
mavaleleni,Mavaleleni,Eastern Cape,-31.147135,28.683682,5
mavelebayi,Mavelebayi,Eastern Cape,-30.567682,27.506783,5
mavundleni,Mavundleni,Eastern Cape,-30.103897,29.026871,5
mawotsheni,Mawotsheni,Eastern Cape,-31.277507,29.742818,5
mawula,Mawula,Eastern Cape,-31.018336,28.994209,5
mawusheni,Mawusheni,Eastern Cape,-31.819444,27.783567,5
mawushweni,Mawushweni,Eastern Cape,-32.312865,28.026601,5
maxakas,Maxakas,Eastern Cape,-31.553642,29.01936,5
maxambeni,Maxambeni,Eastern Cape,-32.467162,28.614308,5
maxesibeni,Maxesibeni,Eastern Cape,-30.808207,29.366443,5
maxwele,Maxwele,Eastern Cape,-31.663809,28.710988,5
may,May,Eastern Cape,-30.55,27.283333,5
mayalweni,Mayalweni,Eastern Cape,-31.78947,29.117035,5
mayireni,Mayireni,Eastern Cape,-31.904526,27.595365,5
mazeni,Mazeni,Eastern Cape,-30.782483,29.61889,5
mazeppa bay,Mazeppa Bay,Eastern Cape,-32.477663,28.651717,5
mazeppabaai,Mazeppabaai,Eastern Cape,-32.477663,28.651717,5
mazizini,Mazizini,Eastern Cape,-30.483333,28.5,5
mbancolo,Mbancolo,Eastern Cape,-32.15,28.683333,5
mbandana,Mbandana,Eastern Cape,-30.83794,29.620451,5
mbangcolo,Mbangcolo,Eastern Cape,-32.15,28.683333,5
mbangweni,Mbangweni,Eastern Cape,-30.774547,29.160129,5
mbanyana,Mbanyana,Eastern Cape,-32.131599,28.837581,5
mbanyaru,Mbanyaru,Eastern Cape,-31.936247,29.035396,5
mbashe,Mbashe,Eastern Cape,-31.654633,28.2848,5
mbaxa,Mbaxa,Eastern Cape,-31.791749,27.71298,5
mbebe,Mbebe,Eastern Cape,-31.466667,28.85,5
mbekeni,Mbekeni,Eastern Cape,-31.77987,28.009907,5
mbeleni,Mbeleni,Eastern Cape,-32.1,28.7,5
mbem's,Mbem's,Eastern Cape,-32.816667,27.083333,5
mbenge,Mbenge,Eastern Cape,-31.604766,27.689236,5
mbewana,Mbewana,Eastern Cape,-32.016667,28.133333,5
mbewula,Mbewula,Eastern Cape,-32.233333,28.6,5
mbhulanja,Mbhulanja,Eastern Cape,-30.82963,28.650291,5
mbidlana,Mbidlana,Eastern Cape,-31.213021,28.421361,5
mbihli,Mbihli,Eastern Cape,-30.435853,27.37664,5
mbilini,Mbilini,Eastern Cape,-31.783075,28.179955,5
mbinja,Mbinja,Eastern Cape,-31.371891,28.47486,5
mbinzana,Mbinzana,Eastern Cape,-31.927751,27.363148,5
mbiolana,Mbiolana,Eastern Cape,-31.213021,28.421361,5
mbityana,Mbityana,Eastern Cape,-32.233333,28.816667,5
mbizeni,Mbizeni,Eastern Cape,-30.734104,28.434502,5
mbobeleni,Mbobeleni,Eastern Cape,-31.442742,29.114688,5
mbobheleni,Mbobheleni,Eastern Cape,-31.442742,29.114688,5
mbobheni,Mbobheni,Eastern Cape,-30.826063,29.734274,5
mbobo,Mbobo,Eastern Cape,-30.347278,27.40622,5
mbodlana,Mbodlana,Eastern Cape,-31.63725,27.658642,5
mbodleni,Mbodleni,Eastern Cape,-30.87107,28.982471,5
mbokazi,Mbokazi,Eastern Cape,-31.435741,29.347753,5
mbokotwana,Mbokotwana,Eastern Cape,-31.260071,28.796828,5
mboleni,Mboleni,Eastern Cape,-31.537743,28.271023,5
mbolompo,Mbolompo,Eastern Cape,-31.504796,28.493574,5
mbombo,Mbombo,Eastern Cape,-31.160079,29.077688,5
mbongweni,Mbongweni,Eastern Cape,-30.802784,29.494131,5
mbopoleni,Mbopoleni,Eastern Cape,-31.442742,29.114688,5
mbotyi,Mbotyi,Eastern Cape,-31.461308,29.739816,5
mboxo school,Mboxo School,Eastern Cape,-32.283333,28.45,5
mboxo skool,Mboxo Skool,Eastern Cape,-32.283333,28.45,5
mboya,Mboya,Eastern Cape,-32.236039,28.507109,5
mbozi,Mbozi,Eastern Cape,-32.27477,28.572964,5
mbozisa,Mbozisa,Eastern Cape,-31.566667,28.416667,5
mbozizeni,Mbozizeni,Eastern Cape,-31.300177,29.367764,5
mbozolo,Mbozolo,Eastern Cape,-32.166667,28.783333,5
mbujini,Mbujini,Eastern Cape,-30.739963,29.359283,5
mbulu,Mbulu,Eastern Cape,-32.146481,27.714531,5
mbulukweza,Mbulukweza,Eastern Cape,-32.226007,27.743076,5
mbumbasi,Mbumbasi,Eastern Cape,-30.682668,29.197468,5
mbumbatsa,Mbumbatsa,Eastern Cape,-30.814846,28.730584,5
mbumbazi,Mbumbazi,Eastern Cape,-30.682668,29.197468,5
mbutweni,Mbutweni,Eastern Cape,-30.737005,29.612885,5
mcambalala,Mcambalala,Eastern Cape,-30.692544,28.260238,5
mcamemfene,Mcamemfene,Eastern Cape,-33,27.05,5
mcata,Mcata,Eastern Cape,-31.665627,28.401201,5
mcatuve,Mcatuve,Eastern Cape,-31.316667,29.55,5
mceleni,Mceleni,Eastern Cape,-31.05,29.65,5
mcelu,Mcelu,Eastern Cape,-31.158355,29.384734,5
mcelwane,Mcelwane,Eastern Cape,-32.115274,28.694404,5
mceteni,Mceteni,Eastern Cape,-31.05,29.65,5
mceula,Mceula,Eastern Cape,-32.099963,26.692382,5
mcewuli,Mcewuli,Eastern Cape,-31.502884,27.523185,5
mcinga,Mcinga,Eastern Cape,-32.299093,28.718532,5
mcizanyetshe,Mcizanyetshe,Eastern Cape,-31.333333,29.5,5
mcleanville,McLeanville,Eastern Cape,-33.933333,25.583333,5
mcobotini,Mcobotini,Eastern Cape,-31.397699,29.589282,5
mcotsho,Mcotsho,Eastern Cape,-32.916667,27.616667,5
mcwangele,Mcwangele,Eastern Cape,-30.872583,28.381549,5
mcwati,Mcwati,Eastern Cape,-31.060139,29.736079,5
mdabazweni,Mdabazweni,Eastern Cape,-30.899832,29.201414,5
mdabukweni,Mdabukweni,Eastern Cape,-30.916958,28.797271,5
mdaka,Mdaka,Eastern Cape,-32.05,28.983333,5
mdakeni,Mdakeni,Eastern Cape,-30.613007,29.026655,5
mdamazulu,Mdamazulu,Eastern Cape,-31.627804,29.139145,5
mdantsane,Mdantsane,Eastern Cape,-32.933245,27.776556,5
mdeni,Mdeni,Eastern Cape,-30.579332,29.0642,5
mdikana,Mdikana,Eastern Cape,-32.089018,29.062754,5
mdikane,Mdikane,Eastern Cape,-31.819677,29.261281,5
mdikisa,Mdikisa,Eastern Cape,-31.007166,29.700791,5
mdikisweni,Mdikisweni,Eastern Cape,-30.788165,29.712984,5
mdilingwa,Mdilingwa,Eastern Cape,-31.338678,28.419272,5
mdiliweni,Mdiliweni,Eastern Cape,-31.882667,28.536432,5
mdina,Mdina,Eastern Cape,-31.468055,29.096916,5
mdini,Mdini,Eastern Cape,-31.155596,29.248899,5
mditshwa,Mditshwa,Eastern Cape,-31.233333,28.7,5
mdlokovane,Mdlokovane,Eastern Cape,-30.553911,27.028552,5
mdolomba,Mdolomba,Eastern Cape,-33.009603,27.403652,5
mduleni,Mduleni,Eastern Cape,-31.373482,29.346903,5
mdumazulu,Mdumazulu,Eastern Cape,-31.627804,29.139145,5
mdumbi,Mdumbi,Eastern Cape,-31.869596,29.1987,5
mdwaka,Mdwaka,Eastern Cape,-32.018162,28.977189,5
mdzonga,Mdzonga,Eastern Cape,-32.285761,28.659534,5
meadows,Meadows,Eastern Cape,-30.993686,26.845915,5
mealiefontein,Mealiefontein,Eastern Cape,-30.38617,29.646618,5
mecklenburg,Mecklenburg,Eastern Cape,-31.532041,26.17793,5
mehloloaneng,Mehloloaneng,Eastern Cape,-30.359041,28.616809,5
mejela,Mejela,Eastern Cape,-31.022887,29.818948,5
melani,Melani,Eastern Cape,-32.724323,26.870659,5
melitafa,Melitafa,Eastern Cape,-32.083333,28.7,5
melon,Melon,Eastern Cape,-33.888529,24.991125,5
melrose,Melrose,Eastern Cape,-33.439045,25.953985,5
melton,Melton,Eastern Cape,-33.31573,27.267655,5
melville park,Melville Park,Eastern Cape,-33.32179,27.327945,5
mendu,Mendu,Eastern Cape,-32.216667,28.8,5
mendwana,Mendwana,Eastern Cape,-32.266667,28.866667,5
meni,Meni,Eastern Cape,-31.112286,29.531481,5
mentzrust,Mentzrust,Eastern Cape,-30.851004,26.942089,5
menziwe location,Menziwe Location,Eastern Cape,-33.016667,27.216667,5
meoivlei,Meoivlei,Eastern Cape,-31.143181,26.228362,5
merelisa,Merelisa,Eastern Cape,-32.121982,28.021427,5
meriefontein,Meriefontein,Eastern Cape,-31.772648,26.086604,5
merino,Merino,Eastern Cape,-30.787922,25.770075,5
merinowelk,Merinowelk,Eastern Cape,-31.569122,26.792884,5
mevana,Mevana,Eastern Cape,-31.45,29.283333,5
mewangele,Mewangele,Eastern Cape,-31.203162,28.472908,5
meyershoek,Meyershoek,Eastern Cape,-31.83714,25.707968,5
mfabane,Mfabane,Eastern Cape,-31.516667,29.1,5
mfabantu,Mfabantu,Eastern Cape,-31.592808,28.973947,5
mfagusha,Mfagusha,Eastern Cape,-30.981332,28.979173,5
mfanta,Mfanta,Eastern Cape,-30.718236,28.546822,5
mfeku,Mfeku,Eastern Cape,-32.392857,28.383002,5
mfezane,Mfezane,Eastern Cape,-32.203291,28.52659,5
mfiki,Mfiki,Eastern Cape,-32.802598,26.966512,5
mfinci,Mfinci,Eastern Cape,-30.516667,27.6,5
mfinizweni,Mfinizweni,Eastern Cape,-31.232871,29.446978,5
mfoba,Mfoba,Eastern Cape,-30.742304,28.630377,5
mfula,Mfula,Eastern Cape,-31.02036,29.383208,5
mfulamde,Mfulamde,Eastern Cape,-32.166667,28.033333,5
mfuleni,Mfuleni,Eastern Cape,-33.447036,25.544855,5
mfundeni,Mfundeni,Eastern Cape,-31.316667,29.516667,5
mfundisweni,Mfundisweni,Eastern Cape,-30.90295,29.522905,5
mgagasi,Mgagasi,Eastern Cape,-32.268659,28.160157,5
mgamanzi,Mgamanzi,Eastern Cape,-32.290631,28.067338,5
mgamnye,Mgamnye,Eastern Cape,-31.616513,29.038568,5
mganduli,Mganduli,Eastern Cape,-31.819186,28.761748,5
mgangweni,Mgangweni,Eastern Cape,-31.966796,28.038823,5
mgazana,Mgazana,Eastern Cape,-32.129201,28.767658,5
mgele,Mgele,Eastern Cape,-32.021424,28.894571,5
mgobhozi,Mgobhozi,Eastern Cape,-32.483333,28.35,5
mgodi,Mgodi,Eastern Cape,-30.786808,28.998074,5
mgodini,Mgodini,Eastern Cape,-31.111863,29.68425,5
mgojo,Mgojo,Eastern Cape,-32.216667,28.383333,5
mgojweni,Mgojweni,Eastern Cape,-31.766667,29.066667,5
mgomianzi,Mgomianzi,Eastern Cape,-32.290631,28.067338,5
mgonci,Mgonci,Eastern Cape,-31.976558,28.177539,5
mgoqweni,Mgoqweni,Eastern Cape,-31.823093,29.236203,5
mgotwane,Mgotwane,Eastern Cape,-32.25,28.516667,5
mgqanga,Mgqanga,Eastern Cape,-31.883333,27.45,5
mgqumangwe,Mgqumangwe,Eastern Cape,-30.840845,29.146574,5
mgubu,Mgubu,Eastern Cape,-31.55,29.516667,5
mguli,Mguli,Eastern Cape,-30.533333,27.3,5
mgume,Mgume,Eastern Cape,-31.179993,29.656872,5
mgunga,Mgunga,Eastern Cape,-31.057146,30.053316,5
mgungu,Mgungu,Eastern Cape,-31.057146,30.053316,5
mgwalana,Mgwalana,Eastern Cape,-31.476962,27.300725,5
mgwalana mouth,Mgwalana Mouth,Eastern Cape,-33.411052,27.274777,5
mgwanggweni,Mgwanggweni,Eastern Cape,-31.705013,28.940935,5
mgwedleni,Mgwedleni,Eastern Cape,-31.057932,29.305152,5
mgweni,Mgweni,Eastern Cape,-31.835692,28.609896,5
mgwenjana,Mgwenjana,Eastern Cape,-31.555444,29.233345,5
mgwenyana,Mgwenyana,Eastern Cape,-31.555444,29.233345,5
mgxabakazi,Mgxabakazi,Eastern Cape,-31.616743,29.400487,5
mgxobozweni,Mgxobozweni,Eastern Cape,-31.983333,27.733333,5
mgxojeni,Mgxojeni,Eastern Cape,-30.634217,28.856315,5
mgxumza,Mgxumza,Eastern Cape,-31.606053,27.45588,5
mhlabamnyama,Mhlabamnyama,Eastern Cape,-31.073351,28.809749,5
mhlabamnyana,Mhlabamnyana,Eastern Cape,-31.073351,28.809749,5
mhlabamyama,Mhlabamyama,Eastern Cape,-31.073351,28.809749,5
mhlahlane,Mhlahlane,Eastern Cape,-31.558915,28.690569,5
mhlakotshane,Mhlakotshane,Eastern Cape,-31.736374,29.092043,5
mhlanga,Mhlanga,Eastern Cape,-31.051603,29.489554,5
mhlangala,Mhlangala,Eastern Cape,-31.088408,28.988513,5
mhlanganisweni,Mhlanganisweni,Eastern Cape,-31.37612,28.998804,5
mhlange,Mhlange,Eastern Cape,-31.185558,29.69129,5
mhlangeni,Mhlangeni,Eastern Cape,-30.134118,29.003078,5
mhlangura,Mhlangura,Eastern Cape,-32.001505,29.035498,5
mhlani,Mhlani,Eastern Cape,-31.416667,28.583333,5
mhlekwa,Mhlekwa,Eastern Cape,-33.305066,27.12122,5
mhlobo,Mhlobo,Eastern Cape,-31.95,27.433333,5
mhlonyaneni,Mhlonyaneni,Eastern Cape,-30.991044,29.208821,5
mhlopekazi,Mhlopekazi,Eastern Cape,-31.727937,28.2297,5
mhlopokazi,Mhlopokazi,Eastern Cape,-31.727937,28.2297,5
mhlumba,Mhlumba,Eastern Cape,-31.212421,29.568189,5
mhluzini,Mhluzini,Eastern Cape,-30.843716,29.255448,5
mhlwazini,Mhlwazini,Eastern Cape,-31.173933,29.764238,5
mianyelwa,Mianyelwa,Eastern Cape,-30.87066,29.913878,5
michaeldene christmas vale,Michaeldene Christmas Vale,Eastern Cape,-33.194127,27.611347,5
mid klipfontein,Mid Klipfontein,Eastern Cape,-31.924208,25.956915,5
middelberg,Middelberg,Eastern Cape,-31.334714,26.773396,5
middelburg,Middelburg,Eastern Cape,-31.492849,25.00633,5
middelplaas,Middelplaas,Eastern Cape,-31.56715,25.594312,5
middelplaat,Middelplaat,Eastern Cape,-31.585593,25.916989,5
middelplass,Middelplass,Eastern Cape,-31.35,25.666667,5
middelwater,Middelwater,Eastern Cape,-33.080971,25.425601,5
middle mjika,Middle Mjika,Eastern Cape,-31.414056,28.68426,5
middledrift,Middledrift,Eastern Cape,-32.818513,26.988124,5
middlelwater,Middlelwater,Eastern Cape,-31.17242,25.574924,5
middleplass,Middleplass,Eastern Cape,-31.40857,25.876968,5
middleton,Middleton,Eastern Cape,-32.953971,25.813926,5
middlewater,Middlewater,Eastern Cape,-33.080971,25.425601,5
midros,Midros,Eastern Cape,-31.504392,25.029277,5
midshaft,Midshaft,Eastern Cape,-31.066667,25.716667,5
mieliefontein,Mieliefontein,Eastern Cape,-30.38617,29.646618,5
milan,Milan,Eastern Cape,-31.551494,27.328805,5
millard grange,Millard Grange,Eastern Cape,-33.933333,25.6,5
miller,Miller,Eastern Cape,-33.07703,23.918907,5
milner,Milner,Eastern Cape,-31.22821,26.986436,5
milton,Milton,Eastern Cape,-33.8182,24.8593,5
milwa,Milwa,Eastern Cape,-32.270444,28.281079,5
mimosa,Mimosa,Eastern Cape,-33.73848,24.753956,5
minnehaha,Minnehaha,Eastern Cape,-33.41918,24.636171,5
mishini,Mishini,Eastern Cape,-31.912588,28.384233,5
miskraal,Miskraal,Eastern Cape,-33.742779,24.710102,5
missionvale,Missionvale,Eastern Cape,-33.880067,25.548323,5
mistkraal,Mistkraal,Eastern Cape,-33.742779,24.710102,5
mistkraal nedersetting,Mistkraal Nedersetting,Eastern Cape,-33.743509,24.710426,5
mistymount,Mistymount,Eastern Cape,-31.537892,28.933731,5
mitford park,Mitford Park,Eastern Cape,-33.199106,26.118224,5
mjaliswa,Mjaliswa,Eastern Cape,-31.327273,29.171899,5
mjamkhulu,Mjamkhulu,Eastern Cape,-32.466667,28.116667,5
mjamkulu,Mjamkulu,Eastern Cape,-32.466667,28.116667,5
mjanyama,Mjanyama,Eastern Cape,-31.837746,28.100546,5
mjanyana,Mjanyana,Eastern Cape,-31.837746,28.100546,5
mjelweni,Mjelweni,Eastern Cape,-30.862561,29.188982,5
mjika,Mjika,Eastern Cape,-31.414056,28.68426,5
mjikelweni,Mjikelweni,Eastern Cape,-30.756237,28.800987,5
mjiko,Mjiko,Eastern Cape,-31.414056,28.68426,5
mjikweni,Mjikweni,Eastern Cape,-31.205826,28.796581,5
mjila,Mjila,Eastern Cape,-30.857335,29.119274,5
mjilana,Mjilana,Eastern Cape,-31.103679,28.993546,5
mjilikazi,Mjilikazi,Eastern Cape,-31.103312,28.992688,5
mjombela,Mjombela,Eastern Cape,-31.281644,29.744068,5
mkambati,Mkambati,Eastern Cape,-31.282356,29.954128,5
mkambati inrigting,Mkambati Inrigting,Eastern Cape,-31.283333,29.95,5
mkambeti,Mkambeti,Eastern Cape,-31.283333,29.95,5
mkamela,Mkamela,Eastern Cape,-31.235712,29.810385,5
mkandlwini,Mkandlwini,Eastern Cape,-30.741009,29.685027,5
mkangisa,Mkangisa,Eastern Cape,-30.678818,29.210957,5
mkangiso,Mkangiso,Eastern Cape,-31.588016,29.139709,5
mkankomo,Mkankomo,Eastern Cape,-31.160765,29.832528,5
mkanzi,Mkanzi,Eastern Cape,-31.663677,27.93237,5
mkanzini,Mkanzini,Eastern Cape,-31.583707,29.433377,5
mkapusi,Mkapusi,Eastern Cape,-31.56667,27.125435,5
mkata,Mkata,Eastern Cape,-31.316667,29.383333,5
mkataza,Mkataza,Eastern Cape,-32.066667,28.933333,5
mkatazo,Mkatazo,Eastern Cape,-32.066667,28.933333,5
mkemane,Mkemane,Eastern Cape,-30.755845,29.010921,5
mkemani,Mkemani,Eastern Cape,-30.672622,29.030136,5
mkhonqo,Mkhonqo,Eastern Cape,-30.993664,29.101743,5
mkhuhlane,Mkhuhlane,Eastern Cape,-30.582519,28.871999,5
mkonjana,Mkonjana,Eastern Cape,-31.961024,27.300806,5
mkonjane,Mkonjane,Eastern Cape,-31.961024,27.300806,5
mkuhlu,Mkuhlu,Eastern Cape,-32.316667,28.783333,5
mkunjana,Mkunjana,Eastern Cape,-31.753566,28.253217,5
mkunyazo,Mkunyazo,Eastern Cape,-30.573003,27.616274,5
mkwinti,Mkwinti,Eastern Cape,-31.992942,27.80492,5
mlacu,Mlacu,Eastern Cape,-30.841838,29.779457,5
mlambondaba,Mlambondaba,Eastern Cape,-30.734825,29.685686,5
mlamlankunzi,Mlamlankunzi,Eastern Cape,-30.842636,28.359526,5
mlamli,Mlamli,Eastern Cape,-30.547165,27.460838,5
mlengana,Mlengana,Eastern Cape,-31.544951,29.162782,5
mlengani,Mlengani,Eastern Cape,-31.544951,29.162782,5
mlilweni,Mlilweni,Eastern Cape,-30.719833,28.850642,5
mlobela,Mlobela,Eastern Cape,-31.281644,29.744068,5
mlungisi,Mlungisi,Eastern Cape,-31.416667,27.666667,5
mmangonkone,Mmangonkone,Eastern Cape,-31.334089,28.695314,5
mmangweni,Mmangweni,Eastern Cape,-31.257376,29.140346,5
mmelwane,Mmelwane,Eastern Cape,-31.898449,28.875289,5
mnambithi,Mnambithi,Eastern Cape,-30.931854,29.009791,5
mnambiti,Mnambiti,Eastern Cape,-31.058852,29.76232,5
mnandi,Mnandi,Eastern Cape,-32.12,28.532282,5
mncane,Mncane,Eastern Cape,-31.121439,29.654842,5
mnceba,Mnceba,Eastern Cape,-30.157711,29.030004,5
mncotsho,Mncotsho,Eastern Cape,-32.932502,27.602173,5
mncwasa,Mncwasa,Eastern Cape,-31.916667,28.916667,5
mndundu,Mndundu,Eastern Cape,-32.409517,28.517629,5
mndwaka,Mndwaka,Eastern Cape,-32.05,28.983333,5
mneketshe,Mneketshe,Eastern Cape,-31.177104,29.372557,5
mnenemba,Mnenemba,Eastern Cape,-32.549495,28.236076,5
mnenga,Mnenga,Eastern Cape,-31.954632,29.107672,5
mngampunzi,Mngampunzi,Eastern Cape,-31.788173,29.145838,5
mngazana,Mngazana,Eastern Cape,-30.909126,29.175363,5
mngcefeni,Mngcefeni,Eastern Cape,-30.961647,29.365213,5
mngceleni,Mngceleni,Eastern Cape,-31.442554,28.838848,5
mngcipongweni,Mngcipongweni,Eastern Cape,-30.980585,29.291184,5
mngeangatelo,Mngeangatelo,Eastern Cape,-32.037462,28.930199,5
mngh,Mngh,Eastern Cape,-31.305883,28.506231,5
mngoesha,Mngoesha,Eastern Cape,-32.824128,27.277122,5
mngomane,Mngomane,Eastern Cape,-31.033978,29.687844,5
mngqalasini,Mngqalasini,Eastern Cape,-32.566667,28.25,5
mngwemnyama,Mngwemnyama,Eastern Cape,-30.935147,29.16144,5
mnowasa,Mnowasa,Eastern Cape,-31.916667,28.916667,5
mnqaba kulile,Mnqaba Kulile,Eastern Cape,-32.910239,27.110616,5
mnqanda,Mnqanda,Eastern Cape,-31.862266,28.88001,5
mnqunyana,Mnqunyana,Eastern Cape,-31.05,28.983333,5
mnqwane,Mnqwane,Eastern Cape,-30.759456,29.421489,5
mntintloni,Mntintloni,Eastern Cape,-31.591268,27.782094,5
mntla,Mntla,Eastern Cape,-32.3,28.183333,5
mnxe,Mnxe,Eastern Cape,-31.529571,27.620097,5
mnyameni,Mnyameni,Eastern Cape,-32.483333,28.216667,5
mnyibashe,Mnyibashe,Eastern Cape,-32.129864,27.902307,5
mnyolo,Mnyolo,Eastern Cape,-31.514341,28.289996,5
moanduli,Moanduli,Eastern Cape,-31.819186,28.761748,5
modderbult,Modderbult,Eastern Cape,-31.465715,26.751002,5
modena,Modena,Eastern Cape,-31.150769,26.604208,5
moeaneng,Moeaneng,Eastern Cape,-30.383989,28.531365,5
moedershuis,Moedershuis,Eastern Cape,-32.766667,28.15,5
mofu,Mofu,Eastern Cape,-32.35,28.316667,5
mogadhla,Mogadhla,Eastern Cape,-30.356974,28.697563,5
mohoabatsana,Mohoabatsana,Eastern Cape,-30.466667,28.466667,5
mokhesi,Mokhesi,Eastern Cape,-30.516667,27.4,5
molteno,Molteno,Eastern Cape,-31.396755,26.362457,5
mompandomosini,Mompandomosini,Eastern Cape,-31.622072,29.099425,5
monarch,Monarch,Eastern Cape,-31.783333,28.433333,5
monderbult,Monderbult,Eastern Cape,-31.57544,26.278233,5
mondplaas,Mondplaas,Eastern Cape,-33.936103,25.005182,5
monkhankhaneng,Monkhankhaneng,Eastern Cape,-30.205745,28.723096,5
mont plaisir,Mont Plaisir,Eastern Cape,-30.2,28.716667,5
montagu,Montagu,Eastern Cape,-30.76505,25.583081,5
monteku,Monteku,Eastern Cape,-31.523944,29.680428,5
monzi park,Monzi Park,Eastern Cape,-32.806156,28.120448,5
monzie park,Monzie Park,Eastern Cape,-32.806156,28.120448,5
mooigelegen,Mooigelegen,Eastern Cape,-30.989717,26.269339,5
mooigelegon,Mooigelegon,Eastern Cape,-30.998432,26.274857,5
mooihoek,Mooihoek,Eastern Cape,-30.771292,26.093857,5
mooiplaas,Mooiplaas,Eastern Cape,-30.833333,26.65,5
mooiplaats,Mooiplaats,Eastern Cape,-32.722351,28.027286,5
mooipoort,Mooipoort,Eastern Cape,-31.769944,25.638336,5
mooivlei,Mooivlei,Eastern Cape,-31.065334,26.7541,5
moorespost,Moorespost,Eastern Cape,-31.090167,28.714601,5
moqhobi,Moqhobi,Eastern Cape,-30.222525,28.535358,5
moreson,Moreson,Eastern Cape,-31.010003,26.827995,5
morester,Môrester,Eastern Cape,-31.502752,25.930219,5
morgan bay,Morgan Bay,Eastern Cape,-32.704603,28.341119,5
morgan bay village,Morgan Bay Village,Eastern Cape,-32.704603,28.341119,5
morgan's bay,Morgan's Bay,Eastern Cape,-32.704603,28.341119,5
morgansbaai,Morgansbaai,Eastern Cape,-32.704603,28.341119,5
morganville,Morganville,Eastern Cape,-32.666093,28.297425,5
morgenson,Morgenson,Eastern Cape,-30.620472,26.995226,5
morgenzon,Morgenzon,Eastern Cape,-31.611876,26.455346,5
morning sun,Morning Sun,Eastern Cape,-31.971811,26.307999,5
moroka,Moroka,Eastern Cape,-30.737325,28.488678,5
mortimer,Mortimer,Eastern Cape,-32.366667,25.683333,5
mosenene,Mosenene,Eastern Cape,-30.239408,28.607158,5
motley,Motley,Eastern Cape,-30.299149,28.326271,5
mount alyff,Mount Alyff,Eastern Cape,-30.808207,29.366443,5
mount arthur,Mount Arthur,Eastern Cape,-31.687885,27.152974,5
mount ayliff,Mount Ayliff,Eastern Cape,-30.808207,29.366443,5
mount blazes,Mount Blazes,Eastern Cape,-31.984041,28.985685,5
mount bleak,Mount Bleak,Eastern Cape,-31.314894,29.432459,5
mount carmel,Mount Carmel,Eastern Cape,-30.813835,26.701297,5
mount fletcher,Mount Fletcher,Eastern Cape,-30.692715,28.505744,5
mount frere,Mount Frere,Eastern Cape,-30.901728,28.992385,5
mount hargreaves,Mount Hargreaves,Eastern Cape,-30.3998,28.716137,5
mount hope,Mount Hope,Eastern Cape,-31.071091,28.05174,5
mount nelson,Mount Nelson,Eastern Cape,-31.351598,29.54218,5
mount plaisir,Mount Plaisir,Eastern Cape,-30.2,28.716667,5
mount pleasant,Mount Pleasant,Eastern Cape,-32.133333,28.883333,5
mount prospect,Mount Prospect,Eastern Cape,-30.503158,27.375655,5
mount road,Mount Road,Eastern Cape,-33.946889,25.590808,5
mount snell,Mount Snell,Eastern Cape,-32.628545,26.825225,5
mount stewart,Mount Stewart,Eastern Cape,-33.146181,24.437916,5
mount view,Mount View,Eastern Cape,-31.958159,27.137986,5
mount zion,Mount Zion,Eastern Cape,-30.803533,29.776393,5
mountain home,Mountain Home,Eastern Cape,-30.25048,29.828179,5
mountain view,Mountain View,Eastern Cape,-33.9,25.283333,5
mountford,Mountford,Eastern Cape,-32.6,28.166667,5
mousa,Mousa,Eastern Cape,-32.362378,26.634799,5
mowa,Mowa,Eastern Cape,-30.850401,29.369529,5
mowilinga,Mowilinga,Eastern Cape,-31.338678,28.419272,5
moyeni,Moyeni,Eastern Cape,-30.087882,29.008644,5
mozana,Mozana,Eastern Cape,-33.216667,27.45,5
mpahlanas,Mpahlanas,Eastern Cape,-32.7,27.4,5
mpahleni,Mpahleni,Eastern Cape,-32.2,28,5
mpako,Mpako,Eastern Cape,-31.943778,28.977657,5
mpamba,Mpamba,Eastern Cape,-30.675201,29.075014,5
mpambu,Mpambu,Eastern Cape,-31.983333,28.816667,5
mpame bos,Mpame Bos,Eastern Cape,-32.1,29.05,5
mpandela,Mpandela,Eastern Cape,-31.716399,28.497184,5
mpangane,Mpangane,Eastern Cape,-31.497861,29.047905,5
mpapela,Mpapela,Eastern Cape,-31.915408,28.9,5
mparane,Mparane,Eastern Cape,-30.269319,28.477418,5
mpeko,Mpeko,Eastern Cape,-31.6,28.583333,5
mpekweni,Mpekweni,Eastern Cape,-33.383333,27.066667,5
mpekweni kampterrein,Mpekweni Kampterrein,Eastern Cape,-33.435591,27.231189,5
mpemba,Mpemba,Eastern Cape,-30.916183,29.097288,5
mpendla,Mpendla,Eastern Cape,-30.84145,29.010296,5
mpendle,Mpendle,Eastern Cape,-30.852501,28.756167,5
mpeni,Mpeni,Eastern Cape,-30.697539,29.60332,5
mpentse,Mpentse,Eastern Cape,-32.523318,28.315055,5
mpeshewa,Mpeshewa,Eastern Cape,-31.891292,28.304831,5
mpetsheni,Mpetsheni,Eastern Cape,-31.090566,28.649258,5
mpetu,Mpetu,Eastern Cape,-32.632973,28.135557,5
mpharane,Mpharane,Eastern Cape,-30.269319,28.477418,5
mphehla,Mphehla,Eastern Cape,-30.96692,28.619613,5
mpindweni,Mpindweni,Eastern Cape,-30.935805,28.829148,5
mpisini,Mpisini,Eastern Cape,-30.949759,29.313751,5
mpoko,Mpoko,Eastern Cape,-31.943778,28.977657,5
mpola,Mpola,Eastern Cape,-30.777221,28.942853,5
mpolweni,Mpolweni,Eastern Cape,-31.315784,29.697172,5
mpondombini,Mpondombini,Eastern Cape,-31.389907,29.631711,5
mpongweni,Mpongweni,Eastern Cape,-30.997117,29.026653,5
mpothula,Mpothula,Eastern Cape,-31.9113,27.184606,5
mpotula,Mpotula,Eastern Cape,-31.9113,27.184606,5
mpozola,Mpozola,Eastern Cape,-32.166667,28.75,5
mpozolo,Mpozolo,Eastern Cape,-32.166667,28.75,5
mpukane,Mpukane,Eastern Cape,-31.122006,28.534901,5
mpuku,Mpuku,Eastern Cape,-32.022687,28.457033,5
mpuluse,Mpuluse,Eastern Cape,-32.228069,28.206565,5
mpumaze,Mpumaze,Eastern Cape,-31.131972,28.876882,5
mpume,Mpume,Eastern Cape,-32.266667,28.766667,5
mpunga,Mpunga,Eastern Cape,-31.766667,27.633333,5
mpungutyana,Mpungutyana,Eastern Cape,-30.671783,28.994724,5
mpunzana,Mpunzana,Eastern Cape,-31.804031,28.678626,5
mputi,Mputi,Eastern Cape,-31.654178,28.345628,5
mqabana,Mqabana,Eastern Cape,-31.894291,28.356289,5
mqabo,Mqabo,Eastern Cape,-31.566997,27.835128,5
mqandanto,Mqandanto,Eastern Cape,-31.371813,28.663246,5
mqanduli,Mqanduli,Eastern Cape,-31.819186,28.761748,5
mqekazweni,Mqekazweni,Eastern Cape,-31.739589,28.460175,5
mqekezwani,Mqekezwani,Eastern Cape,-31.739589,28.460175,5
mqekezweni,Mqekezweni,Eastern Cape,-31.707261,28.511739,5
mqekozweni,Mqekozweni,Eastern Cape,-31.739589,28.460175,5
mqele,Mqele,Eastern Cape,-32.021424,28.894571,5
mqemeni,Mqemeni,Eastern Cape,-31.783333,28.633333,5
mqeni,Mqeni,Eastern Cape,-31.006659,29.868172,5
mqinda,Mqinda,Eastern Cape,-32.235367,28.665503,5
mqokolweni,Mqokolweni,Eastern Cape,-31.119028,28.550543,5
mqokrweni,Mqokrweni,Eastern Cape,-31.816667,28.483333,5
mqokweni,Mqokweni,Eastern Cape,-30.720148,29.174684,5
mqonce,Mqonce,Eastern Cape,-31.976558,28.177539,5
mqonci,Mqonci,Eastern Cape,-31.945767,28.13977,5
mqume,Mqume,Eastern Cape,-31.179993,29.656872,5
mqwalana,Mqwalana,Eastern Cape,-31.653999,27.871432,5
mreshaneni,Mreshaneni,Eastern Cape,-31.223085,29.790035,5
mrwatyeni,Mrwatyeni,Eastern Cape,-30.779139,28.606602,5
msana,Msana,Eastern Cape,-31.824796,28.383622,5
msele,Msele,Eastern Cape,-32.322078,28.390128,5
mseleni,Mseleni,Eastern Cape,-31.195042,29.785033,5
msengeni,Msengeni,Eastern Cape,-32.233333,28.6,5
msikaba,Msikaba,Eastern Cape,-31.199786,29.613582,5
msingisi,Msingisi,Eastern Cape,-30.920828,29.882196,5
msingizane,Msingizane,Eastern Cape,-30.665841,28.258629,5
msintsini,Msintsini,Eastern Cape,-33.05,27.366667,5
msonga trading station,Msonga Trading Station,Eastern Cape,-32.285761,28.659534,5
msukeni,Msukeni,Eastern Cape,-31.933109,29.080524,5
msulugwa,Msulugwa,Eastern Cape,-32.85,27.2,5
mt. prospect,Mt. Prospect,Eastern Cape,-32.554626,25.856484,5
mtakatye,Mtakatye,Eastern Cape,-31.846348,29.246577,5
mtakatyi,Mtakatyi,Eastern Cape,-31.846348,29.246577,5
mtaleni,Mtaleni,Eastern Cape,-32.016667,28.05,5
mtambalala,Mtambalala,Eastern Cape,-31.537686,29.587645,5
mtamvuna,Mtamvuna,Eastern Cape,-30.73232,29.825313,5
mtayise,Mtayise,Eastern Cape,-31.047849,29.918369,5
mtebele,Mtebele,Eastern Cape,-31.961752,27.077376,5
mtebelezi,Mtebelezi,Eastern Cape,-31.594973,28.848864,5
mtentu,Mtentu,Eastern Cape,-31.833333,28.516667,5
mthonieni,Mthonieni,Eastern Cape,-33.233333,27.066667,5
mthonjeni,Mthonjeni,Eastern Cape,-30.952079,29.021111,5
mtingwevu,Mtingwevu,Eastern Cape,-31.694661,27.575394,5
mtini,Mtini,Eastern Cape,-31.625954,28.274211,5
mtinsilana,Mtinsilana,Eastern Cape,-32.4,28.05,5
mtmakau,Mtmakau,Eastern Cape,-32.183333,28.016667,5
mtogazi,Mtogazi,Eastern Cape,-32.133333,28.966667,5
mtokwane,Mtokwane,Eastern Cape,-31.777494,28.961442,5
mtombe,Mtombe,Eastern Cape,-31.392054,29.112007,5
mtombe location,Mtombe Location,Eastern Cape,-33.083333,27.333333,5
mtonga,Mtonga,Eastern Cape,-31.903929,28.23511,5
mtonjana,Mtonjana,Eastern Cape,-31.645305,29.087566,5
mtonjeni,Mtonjeni,Eastern Cape,-31.213439,29.847955,5
mtontsasa,Mtontsasa,Eastern Cape,-31.211147,29.6985,5
mtozelo,Mtozelo,Eastern Cape,-31.035829,28.737617,5
mtshabe,Mtshabe,Eastern Cape,-31.88543,27.778332,5
mtshanyana,Mtshanyana,Eastern Cape,-31.817476,27.650995,5
mtshayeleni,Mtshayeleni,Eastern Cape,-32.141603,28.758198,5
mtshazi,Mtshazi,Eastern Cape,-30.948062,29.024432,5
mtshekelweni,Mtshekelweni,Eastern Cape,-31.037092,29.50735,5
mtsheko,Mtsheko,Eastern Cape,-31.732864,27.167782,5
mtshozi,Mtshozi,Eastern Cape,-30.948062,29.024432,5
mtsila,Mtsila,Eastern Cape,-30.70279,29.072522,5
mtukazi,Mtukazi,Eastern Cape,-31.084477,29.32203,5
mtukukazi,Mtukukazi,Eastern Cape,-31.084477,29.32203,5
mtumasi,Mtumasi,Eastern Cape,-30.550712,28.637741,5
mtumbane,Mtumbane,Eastern Cape,-31.647409,29.516795,5
mtwaku,Mtwaku,Eastern Cape,-31.108423,29.483996,5
mtyintyin,Mtyintyin,Eastern Cape,-31.901295,27.4063,5
mtyintyini,Mtyintyini,Eastern Cape,-31.917199,27.397222,5
mtyntyni,Mtyntyni,Eastern Cape,-31.917199,27.397222,5
mtyolo,Mtyolo,Eastern Cape,-32.988312,27.359036,5
mtyu,Mtyu,Eastern Cape,-31.571051,29.052447,5
mungisi,Mungisi,Eastern Cape,-31.416667,27.666667,5
munjana,Munjana,Eastern Cape,-31.734726,28.254756,5
munyu,Munyu,Eastern Cape,-31.95,28.3,5
murrayskop,Murrayskop,Eastern Cape,-30.801306,25.952095,5
musong,Musong,Eastern Cape,-30.489658,27.560481,5
mvasini,Mvasini,Eastern Cape,-31.816667,28.883333,5
mvenyane,Mvenyane,Eastern Cape,-30.546812,29.027867,5
mvezo,Mvezo,Eastern Cape,-31.949483,28.517925,5
mvimvane,Mvimvane,Eastern Cape,-31.284289,29.547413,5
mvukazi,Mvukazi,Eastern Cape,-31.482988,29.325501,5
mvumalano,Mvumalano,Eastern Cape,-31.190699,28.876353,5
mvume springs,Mvume Springs,Eastern Cape,-31.558314,29.306456,5
mvumelwano,Mvumelwano,Eastern Cape,-30.966667,28.783333,5
mvumi spring,Mvumi Spring,Eastern Cape,-31.558314,29.306456,5
mvusi,Mvusi,Eastern Cape,-30.719605,28.650427,5
mxambule,Mxambule,Eastern Cape,-31.824568,28.874917,5
mxambuli,Mxambuli,Eastern Cape,-31.824568,28.874917,5
mxatule,Mxatule,Eastern Cape,-31.633333,27.683333,5
mxegwini,Mxegwini,Eastern Cape,-30.7,28.733333,5
mxokozweni,Mxokozweni,Eastern Cape,-31.163319,29.544003,5
mxotyelwa,Mxotyelwa,Eastern Cape,-31.075636,29.657377,5
mxumbuli,Mxumbuli,Eastern Cape,-31.824568,28.874917,5
myameni,Myameni,Eastern Cape,-32.483333,28.216667,5
myemaneni,Myemaneni,Eastern Cape,-30.6,28.833333,5
myodini,Myodini,Eastern Cape,-31.111863,29.68425,5
mywashu location,Mywashu Location,Eastern Cape,-33.033333,27.416667,5
mzalwaneni,Mzalwaneni,Eastern Cape,-30.88555,29.24041,5
mzantsi,Mzantsi,Eastern Cape,-32.266667,28.433333,5
mzembe,Mzembe,Eastern Cape,-31.089957,29.068307,5
mzilanga,Mzilanga,Eastern Cape,-31.6,29.35,5
mzintlana,Mzintlana,Eastern Cape,-31.404443,29.510181,5
mzintlava,Mzintlava,Eastern Cape,-31.404443,29.510181,5
mzintlavana,Mzintlavana,Eastern Cape,-31.404443,29.510181,5
mzinya,Mzinya,Eastern Cape,-31.90796,28.448602,5
mziphewi,Mziphewi,Eastern Cape,-32.416667,28.016667,5
mzondeki,Mzondeki,Eastern Cape,-30.623398,27.634849,5
mzonga,Mzonga,Eastern Cape,-32.285761,28.659534,5
mzonyane,Mzonyane,Eastern Cape,-31.843036,29.190669,5
mzumbane,Mzumbane,Eastern Cape,-31.26739,29.212261,5
mzuzanto,Mzuzanto,Eastern Cape,-31.071048,28.869501,5
mzwakazi,Mzwakazi,Eastern Cape,-31.034608,29.29031,5
mzwini,Mzwini,Eastern Cape,-32.7,28.05,5
nabule,Nabule,Eastern Cape,-33.817557,25.388413,5
naledi,Naledi,Eastern Cape,-30.601484,27.114075,5
namaga,Namaga,Eastern Cape,-30.966667,26.366667,5
namkoloka,Namkoloka,Eastern Cape,-30.619302,29.100295,5
namkoloklo,Namkoloklo,Eastern Cape,-30.619302,29.100295,5
nanaga,Nanaga,Eastern Cape,-33.607168,25.923361,5
nantsana,Nantsana,Eastern Cape,-32.616667,28.4,5
natala,Natala,Eastern Cape,-30.761079,29.209613,5
naudely,Naudely,Eastern Cape,-30.725847,26.964423,5
nayijele,Nayijele,Eastern Cape,-31.303051,28.424129,5
nayisifili,Nayisifili,Eastern Cape,-31.956622,28.653472,5
ncabasa,Ncabasa,Eastern Cape,-32.978257,26.983141,5
ncaluken,Ncaluken,Eastern Cape,-31.414892,28.253094,5
ncalukeni,Ncalukeni,Eastern Cape,-31.192737,28.86112,5
ncambalala,Ncambalala,Eastern Cape,-30.692544,28.260238,5
ncambedlana,Ncambedlana,Eastern Cape,-31.558686,28.802252,5
ncambele,Ncambele,Eastern Cape,-31.505462,28.743493,5
ncambeli,Ncambeli,Eastern Cape,-31.505462,28.743493,5
ncanaha,Ncanaha,Eastern Cape,-33.607168,25.923361,5
ncanara,Ncanara,Eastern Cape,-33.607168,25.923361,5
ncanaseni,Ncanaseni,Eastern Cape,-31.845109,28.782223,5
ncata,Ncata,Eastern Cape,-32.526463,28.545803,5
ncedana,Ncedana,Eastern Cape,-32.3,28.45,5
ncedane,Ncedane,Eastern Cape,-31.725085,29.10854,5
ncembezana,Ncembezana,Eastern Cape,-31.983333,28.683333,5
ncembu,Ncembu,Eastern Cape,-31.379278,28.405391,5
ncenjane,Ncenjane,Eastern Cape,-30.86791,30.038835,5
ncera,Ncera,Eastern Cape,-32.809124,26.883172,5
ncera pezula,Ncera Pezula,Eastern Cape,-32.729055,26.932103,5
ncerana,Ncerana,Eastern Cape,-32.55,28.416667,5
ncfilukeni,Ncfilukeni,Eastern Cape,-31,28.516667,5
nchelini,Nchelini,Eastern Cape,-31.902561,29.149067,5
nciba,Nciba,Eastern Cape,-32.50869,28.161591,5
ncihana,Ncihana,Eastern Cape,-31.992838,28.696039,5
nciniba,Nciniba,Eastern Cape,-30.645963,29.016187,5
ncise,Ncise,Eastern Cape,-31.561472,28.655395,5
ncizele,Ncizele,Eastern Cape,-32.6,28.433333,5
ncoha,Ncoha,Eastern Cape,-31.816667,27.733333,5
ncoha flats,Ncoha Flats,Eastern Cape,-31.802183,27.768924,5
ncolora,Ncolora,Eastern Cape,-31.335915,28.877059,5
ncolosi,Ncolosi,Eastern Cape,-31.240941,28.693025,5
ncome,Ncome,Eastern Cape,-30.356873,28.730681,5
ncome springs,Ncome Springs,Eastern Cape,-30.664441,28.678124,5
ncora,Ncora,Eastern Cape,-31.705228,27.786266,5
ncora flats,Ncora Flats,Eastern Cape,-31.802183,27.768924,5
ncoti,Ncoti,Eastern Cape,-31.011696,28.77853,5
ncumbe,Ncumbe,Eastern Cape,-31.110635,29.131874,5
ncuncuzo,Ncuncuzo,Eastern Cape,-31.883333,27.616667,5
ncunteni,Ncunteni,Eastern Cape,-30.872326,29.024979,5
ncwanguba,Ncwanguba,Eastern Cape,-31.918887,29.03214,5
ndakana,Ndakana,Eastern Cape,-31.198706,29.142228,5
ndakeni,Ndakeni,Eastern Cape,-30.75691,29.139043,5
ndalahe school,Ndalahe School,Eastern Cape,-32.183333,28.45,5
ndawana,Ndawana,Eastern Cape,-29.982561,29.431865,5
ndesi,Ndesi,Eastern Cape,-31.963857,28.454552,5
ndezebe,Ndezebe,Eastern Cape,-31.196655,28.704745,5
ndhlovu,Ndhlovu,Eastern Cape,-30.960807,29.761389,5
ndibela,Ndibela,Eastern Cape,-31.851659,28.420537,5
ndikini,Ndikini,Eastern Cape,-30.746859,29.271449,5
ndindini,Ndindini,Eastern Cape,-31.326019,29.842604,5
ndlovana,Ndlovana,Eastern Cape,-31.949424,28.949009,5
ndlovu,Ndlovu,Eastern Cape,-30.960807,29.761389,5
ndlunkulu,Ndlunkulu,Eastern Cape,-31.537215,28.345617,5
ndofela,Ndofela,Eastern Cape,-30.384932,27.435312,5
ndokwane,Ndokwane,Eastern Cape,-31.664126,28.338872,5
ndotshanga,Ndotshanga,Eastern Cape,-32.392186,28.118519,5
nduka,Nduka,Eastern Cape,-31.746445,28.025385,5
nduku,Nduku,Eastern Cape,-32.233333,28.716667,5
ndulini,Ndulini,Eastern Cape,-30.526277,28.708242,5
ndumakude,Ndumakude,Eastern Cape,-31.65,29.316667,5
ndumangeni,Ndumangeni,Eastern Cape,-31.717364,26.860998,5
ndundumeni,Ndundumeni,Eastern Cape,-31.742277,28.39304,5
ndunge,Ndunge,Eastern Cape,-30.828988,29.867886,5
ndunges,Ndunges,Eastern Cape,-30.828988,29.867886,5
ndungunya,Ndungunya,Eastern Cape,-30.583333,27.533333,5
ndungunyeni,Ndungunyeni,Eastern Cape,-31.906251,29.217489,5
nduveni,Nduveni,Eastern Cape,-32.51379,28.090853,5
ndwalane,Ndwalane,Eastern Cape,-31.466667,29.383333,5
ndwana,Ndwana,Eastern Cape,-30.969022,29.412285,5
ndzebe,Ndzebe,Eastern Cape,-31.196655,28.704745,5
ndzongiseni,Ndzongiseni,Eastern Cape,-30.766449,29.33411,5
neave,Neave,Eastern Cape,-33.916667,25.566667,5
nebo,Nebo,Eastern Cape,-31.054528,26.946544,5
neihanas,Neihanas,Eastern Cape,-31.992838,28.696039,5
neizela,Neizela,Eastern Cape,-32.383333,28.6,5
neizele trading station,Neizele Trading Station,Eastern Cape,-32.6,28.433333,5
nelani,Nelani,Eastern Cape,-31.28173,28.382333,5
nelsig,Nelsig,Eastern Cape,-32.583004,25.146275,5
nenga,Nenga,Eastern Cape,-31.954632,29.107672,5
nenga store,Nenga Store,Eastern Cape,-31.954632,29.107672,5
neura flats,Neura Flats,Eastern Cape,-31.802183,27.768924,5
new bethesda,New Bethesda,Eastern Cape,-31.867,24.554994,5
new brighton,New Brighton,Eastern Cape,-32.016667,29.083333,5
new brighton location,New Brighton Location,Eastern Cape,-33.899093,25.603414,5
new brighton village,New Brighton Village,Eastern Cape,-33.899093,25.603414,5
new mabetsha,New Mabetsha,Eastern Cape,-31.722314,29.038503,5
newfondale,Newfondale,Eastern Cape,-33.342195,27.067087,5
newlands,Newlands,Eastern Cape,-32.883333,27.75,5
newton park,Newton Park,Eastern Cape,-33.947021,25.565339,5
newtondale,Newtondale,Eastern Cape,-33.342195,27.067087,5
ngabara,Ngabara,Eastern Cape,-32.248159,28.722846,5
ngabeni,Ngabeni,Eastern Cape,-30.676625,29.366078,5
ngadhla,Ngadhla,Eastern Cape,-32.383333,28.683333,5
ngadla,Ngadla,Eastern Cape,-32.383333,28.683333,5
ngai school,Ngai School,Eastern Cape,-32.233333,28.183333,5
ngamakwe,Ngamakwe,Eastern Cape,-32.203331,27.94279,5
ngangelizwe,Ngangelizwe,Eastern Cape,-31.607118,28.802621,5
ngapezulu,Ngapezulu,Eastern Cape,-31.546996,28.26942,5
ngaphantsi,Ngaphantsi,Eastern Cape,-31.916667,27.5,5
ngavangava,Ngavangava,Eastern Cape,-31.351754,29.02243,5
ngavungavu,Ngavungavu,Eastern Cape,-31.351754,29.02243,5
ngcacu,Ngcacu,Eastern Cape,-31.753759,28.115741,5
ngcatembeni,Ngcatembeni,Eastern Cape,-32.008803,28.801501,5
ngcele,Ngcele,Eastern Cape,-31.162007,28.542151,5
ngcenduna,Ngcenduna,Eastern Cape,-31.8898,29.007522,5
ngcepeni,Ngcepeni,Eastern Cape,-31.050011,29.064843,5
ngcilibanzi,Ngcilibanzi,Eastern Cape,-31.783333,28.883333,5
ngcingwane,Ngcingwane,Eastern Cape,-32.158256,28.364919,5
ngcitshana,Ngcitshana,Eastern Cape,-31.526143,29.082971,5
ngcizele,Ngcizele,Eastern Cape,-32.386616,28.607466,5
ngcolokeni,Ngcolokeni,Eastern Cape,-31.107856,28.9077,5
ngcozana,Ngcozana,Eastern Cape,-30.768512,28.968563,5
ngcuka,Ngcuka,Eastern Cape,-31.267275,28.682554,5
ngculu,Ngculu,Eastern Cape,-32.183333,27.85,5
ngcwanguba,Ngcwanguba,Eastern Cape,-31.918887,29.03214,5
ngcweleni,Ngcweleni,Eastern Cape,-31.000806,29.492457,5
ngcweni,Ngcweni,Eastern Cape,-32.5,28.483333,5
ngdilwe,Ngdilwe,Eastern Cape,-30.516667,28.45,5
ngede,Ngede,Eastern Cape,-32.55,28.35,5
ngele,Ngele,Eastern Cape,-30.96667,28.704755,5
ngenu,Ngenu,Eastern Cape,-32.716667,26.7,5
ngewene,Ngewene,Eastern Cape,-32.258997,28.72869,5
ngezele,Ngezele,Eastern Cape,-32.6,28.433333,5
nggokoto,Nggokoto,Eastern Cape,-31.764061,28.144188,5
ngingqini,Ngingqini,Eastern Cape,-31.505558,28.448426,5
ngobe,Ngobe,Eastern Cape,-32.733333,26.766667,5
ngobe location,Ngobe Location,Eastern Cape,-32.75,26.766667,5
ngobozana,Ngobozana,Eastern Cape,-31.362179,29.518249,5
ngoele,Ngoele,Eastern Cape,-32.8,26.916667,5
ngojini,Ngojini,Eastern Cape,-31.3,29.55,5
ngojn,Ngojn,Eastern Cape,-31.830724,27.916215,5
ngongeolweni,Ngongeolweni,Eastern Cape,-31.780904,29.250902,5
ngonjaneni,Ngonjaneni,Eastern Cape,-30.53011,28.396791,5
ngonyama,Ngonyama,Eastern Cape,-31.674147,26.930381,5
ngonyameni,Ngonyameni,Eastern Cape,-30.931997,29.026861,5
ngowaneni,Ngowaneni,Eastern Cape,-31.010783,28.610805,5
ngowangi,Ngowangi,Eastern Cape,-31.542702,28.915534,5
ngowene,Ngowene,Eastern Cape,-32.258997,28.72869,5
ngozana,Ngozana,Eastern Cape,-32.37574,28.065821,5
ngpandulo,Ngpandulo,Eastern Cape,-31.050889,29.534192,5
ngqageni,Ngqageni,Eastern Cape,-32.350992,28.488448,5
ngqakayi,Ngqakayi,Eastern Cape,-31.95,29.083333,5
ngqanda,Ngqanda,Eastern Cape,-31.674731,27.201241,5
ngqandulo,Ngqandulo,Eastern Cape,-31.050889,29.534192,5
ngqangqaka,Ngqangqaka,Eastern Cape,-32.15,28.583333,5
ngqantsingana,Ngqantsingana,Eastern Cape,-32.266444,28.581748,5
ngqaqini,Ngqaqini,Eastern Cape,-32.35,28.483333,5
ngqaqini school,Ngqaqini School,Eastern Cape,-32.366667,28.483333,5
ngqatyana,Ngqatyana,Eastern Cape,-32.066667,28.833333,5
ngqawara,Ngqawara,Eastern Cape,-30.843431,28.869437,5
ngqayi,Ngqayi,Eastern Cape,-30.960411,28.550472,5
ngqeleni,Ngqeleni,Eastern Cape,-30.995291,29.518219,5
ngqobotshane,Ngqobotshane,Eastern Cape,-30.982502,29.182604,5
ngqokoto,Ngqokoto,Eastern Cape,-31.764061,28.144188,5
ngqolowa,Ngqolowa,Eastern Cape,-32.92912,27.00648,5
ngqongweni,Ngqongweni,Eastern Cape,-31.623565,29.204101,5
ngqotsini,Ngqotsini,Eastern Cape,-31.539984,29.488012,5
ngqowa,Ngqowa,Eastern Cape,-33.366495,27.139622,5
ngqubusini,Ngqubusini,Eastern Cape,-31.270197,28.964007,5
ngquggu,Ngquggu,Eastern Cape,-31.855228,28.747681,5
ngqugqu,Ngqugqu,Eastern Cape,-31.855228,28.747681,5
ngqumane,Ngqumane,Eastern Cape,-31.820745,28.730765,5
ngqumani,Ngqumani,Eastern Cape,-31.595366,29.199924,5
ngqungf,Ngqungf,Eastern Cape,-31.830556,28.559593,5
ngqungqu,Ngqungqu,Eastern Cape,-31.855228,28.747681,5
ngqungu,Ngqungu,Eastern Cape,-31.855228,28.747681,5
ngquru,Ngquru,Eastern Cape,-31.775882,28.324699,5
ngqutura,Ngqutura,Eastern Cape,-31.964083,28.102556,5
ngqutyana,Ngqutyana,Eastern Cape,-32.369215,28.592795,5
ngqwabeni,Ngqwabeni,Eastern Cape,-31.136705,29.490794,5
ngqwaneni,Ngqwaneni,Eastern Cape,-30.946996,28.646703,5
ngqwangu,Ngqwangu,Eastern Cape,-31.6,29.416667,5
ngqwara,Ngqwara,Eastern Cape,-31.75,28.733333,5
ngubinsa,Ngubinsa,Eastern Cape,-31.270197,28.964007,5
ngucini,Ngucini,Eastern Cape,-31.024956,29.546032,5
ngudhla,Ngudhla,Eastern Cape,-32.383333,28.683333,5
ngukwe,Ngukwe,Eastern Cape,-30.114895,29.704125,5
ngumngum,Ngumngum,Eastern Cape,-31.880785,28.624467,5
ngundani,Ngundani,Eastern Cape,-31.104361,29.09001,5
ngundusa,Ngundusa,Eastern Cape,-32.383333,28.35,5
ngunduza,Ngunduza,Eastern Cape,-32.506391,28.562165,5
ngunza,Ngunza,Eastern Cape,-32.25,28.133333,5
ngwabeni,Ngwabeni,Eastern Cape,-32.750057,26.794677,5
ngwane,Ngwane,Eastern Cape,-32.288095,28.749956,5
ngwangwane,Ngwangwane,Eastern Cape,-31.665121,28.2779,5
ngwangweni,Ngwangweni,Eastern Cape,-31.783333,28.75,5
ngwara,Ngwara,Eastern Cape,-32.433333,28.55,5
ngwati,Ngwati,Eastern Cape,-31.7,28.35,5
ngwebelele,Ngwebelele,Eastern Cape,-32.483333,28.083333,5
ngwegweni,Ngwegweni,Eastern Cape,-30.735147,29.359308,5
ngwekazana,Ngwekazana,Eastern Cape,-30.755507,29.12342,5
ngwelombaso,Ngwelombaso,Eastern Cape,-30.795388,29.810656,5
ngwemnyama,Ngwemnyama,Eastern Cape,-31.238835,28.98967,5
ngwenyazana,Ngwenyazana,Eastern Cape,-30.755507,29.12342,5
ngwenyeni,Ngwenyeni,Eastern Cape,-31.842869,29.073609,5
ngwetsheni,Ngwetsheni,Eastern Cape,-30.778828,28.844086,5
ngwevana,Ngwevana,Eastern Cape,-31.516979,28.776688,5
ngxabangu,Ngxabangu,Eastern Cape,-31.844063,27.606768,5
ngxakolo,Ngxakolo,Eastern Cape,-31.123198,28.931662,5
ngxalathi,Ngxalathi,Eastern Cape,-32.321651,28.116858,5
ngxalo,Ngxalo,Eastern Cape,-31.123198,28.931662,5
ngxangxasi,Ngxangxasi,Eastern Cape,-31.557918,28.145841,5
ngxaza,Ngxaza,Eastern Cape,-31.216667,28.483333,5
ngxazana,Ngxazana,Eastern Cape,-30.589806,28.52857,5
ngxeko,Ngxeko,Eastern Cape,-31.748648,28.225471,5
ngxingweni,Ngxingweni,Eastern Cape,-30.60539,28.220814,5
ngxingxolo,Ngxingxolo,Eastern Cape,-32.739041,28.057937,5
ngxoto,Ngxoto,Eastern Cape,-31.100595,28.506856,5
ngxutyana,Ngxutyana,Eastern Cape,-32.338085,28.57476,5
ngxwabangu,Ngxwabangu,Eastern Cape,-31.844063,27.606768,5
niagara,Niagara,Eastern Cape,-30.945806,28.444369,5
nie te ver,Nie Te Ver,Eastern Cape,-33.466784,25.532169,5
nieu-bethesda,Nieu-Bethesda,Eastern Cape,-31.867,24.554994,5
nieujaarsfontein,Nieujaarsfontein,Eastern Cape,-30.318339,29.664712,5
nieuweplaats,Nieuweplaats,Eastern Cape,-33.769668,23.57242,5
nikwalini,Nikwalini,Eastern Cape,-32.066667,28.933333,5
niyona,Niyona,Eastern Cape,-30.751744,28.775936,5
njaboya,Njaboya,Eastern Cape,-30.899485,28.484402,5
njamkulu,Njamkulu,Eastern Cape,-32.466667,28.116667,5
njekeni,Njekeni,Eastern Cape,-32.073027,27.987597,5
njeni,Njeni,Eastern Cape,-30.766667,28.966667,5
njikelweni,Njikelweni,Eastern Cape,-30.576925,28.395003,5
njingini,Njingini,Eastern Cape,-32.485153,28.261882,5
njiveni,Njiveni,Eastern Cape,-31.844759,29.133779,5
njwaxa,Njwaxa,Eastern Cape,-32.872357,26.90857,5
nkadi,Nkadi,Eastern Cape,-30.175708,28.918179,5
nkalweni,Nkalweni,Eastern Cape,-30.79861,28.591003,5
nkamasana,Nkamasana,Eastern Cape,-31.218444,28.719898,5
nkanga,Nkanga,Eastern Cape,-31.465,29.172367,5
nkangala,Nkangala,Eastern Cape,-30.885976,28.481154,5
nkanje,Nkanje,Eastern Cape,-30.686633,29.319659,5
nkanti,Nkanti,Eastern Cape,-31.383083,29.488646,5
nkantini,Nkantini,Eastern Cape,-31.844933,29.036398,5
nkantolo,Nkantolo,Eastern Cape,-30.761779,29.726728,5
nkantsweni,Nkantsweni,Eastern Cape,-30.813524,29.679405,5
nkantswini,Nkantswini,Eastern Cape,-30.79219,29.666794,5
nkanya,Nkanya,Eastern Cape,-32.157637,28.939123,5
nkaukazi,Nkaukazi,Eastern Cape,-32.426687,28.66381,5
nkaus,Nkaus,Eastern Cape,-30.233333,28.533333,5
nkaweni,Nkaweni,Eastern Cape,-30.43935,28.71032,5
nkawukazi,Nkawukazi,Eastern Cape,-32.426687,28.66381,5
nkawulweni,Nkawulweni,Eastern Cape,-30.52286,29.017643,5
nkelekete,Nkelekete,Eastern Cape,-32.21509,28.607422,5
nkodusweni,Nkodusweni,Eastern Cape,-31.545063,29.541045,5
nkolonga,Nkolonga,Eastern Cape,-31.829372,27.233216,5
nkomfeni,Nkomfeni,Eastern Cape,-31.976923,27.646529,5
nkondla,Nkondla,Eastern Cape,-31.656797,28.234969,5
nkondlo,Nkondlo,Eastern Cape,-31.656797,28.234969,5
nkonjane,Nkonjane,Eastern Cape,-32.233333,28.783333,5
nkonkobe,Nkonkobe,Eastern Cape,-31.740992,26.863656,5
nkopane,Nkopane,Eastern Cape,-30.595665,27.102058,5
nkotyana,Nkotyana,Eastern Cape,-32.044956,29.00239,5
nkukhwana,Nkukhwana,Eastern Cape,-32.436391,28.366378,5
nkundla,Nkundla,Eastern Cape,-30.943425,29.713255,5
nkungweni,Nkungweni,Eastern Cape,-30.686402,28.955462,5
nkungwini,Nkungwini,Eastern Cape,-30.686402,28.955462,5
nkunzimbini,Nkunzimbini,Eastern Cape,-31.326373,29.674689,5
nkunzizimbini,Nkunzizimbini,Eastern Cape,-31.326373,29.674689,5
nkupelweni,Nkupelweni,Eastern Cape,-30.512747,28.708114,5
nkwalini,Nkwalini,Eastern Cape,-31.890456,28.776415,5
nkwanyana,Nkwanyana,Eastern Cape,-31.555444,29.233345,5
nkwazini,Nkwazini,Eastern Cape,-30.873476,29.084712,5
nkwenkwana,Nkwenkwana,Eastern Cape,-31.768772,28.21314,5
nkwenkwazi,Nkwenkwazi,Eastern Cape,-31.624024,27.793022,5
nkwenkwezi,Nkwenkwezi,Eastern Cape,-31.624024,27.793022,5
nkxini,Nkxini,Eastern Cape,-31.95,27.25,5
noagashoogte,Noagashoogte,Eastern Cape,-33.499351,24.86547,5
nobokwe,Nobokwe,Eastern Cape,-31.908619,27.860952,5
nobumba,Nobumba,Eastern Cape,-33.266583,27.037395,5
nocwane,Nocwane,Eastern Cape,-32.258997,28.72869,5
noegashoogte,Noegashoogte,Eastern Cape,-33.499351,24.86547,5
noeza,Noeza,Eastern Cape,-32.317332,28.767599,5
nogaya,Nogaya,Eastern Cape,-31.25,29.15,5
nogeya,Nogeya,Eastern Cape,-31.25,29.15,5
noholoza,Noholoza,Eastern Cape,-31.678097,27.042087,5
noizela,Noizela,Eastern Cape,-32.383333,28.6,5
nokomis,Nokomis,Eastern Cape,-31.983333,28.05,5
nomadamba,Nomadamba,Eastern Cape,-31.733333,27.783333,5
nomadi,Nomadi,Eastern Cape,-31.616667,29.416667,5
nomadlo,Nomadlo,Eastern Cape,-31.813126,29.027669,5
nomadolo,Nomadolo,Eastern Cape,-31.5,29.283333,5
nomaheya,Nomaheya,Eastern Cape,-32.15,28.066667,5
nomandlo,Nomandlo,Eastern Cape,-31.813126,29.027669,5
nomandola,Nomandola,Eastern Cape,-31.813126,29.027669,5
nomcama,Nomcama,Eastern Cape,-31.876605,29.047779,5
nomhala,Nomhala,Eastern Cape,-31.256565,28.628141,5
nomkolokolo,Nomkolokolo,Eastern Cape,-30.619302,29.100295,5
nomkolokoto,Nomkolokoto,Eastern Cape,-30.619302,29.100295,5
nomlacu,Nomlacu,Eastern Cape,-30.841838,29.779457,5
noncamba,Noncamba,Eastern Cape,-31.75,29.216667,5
nonyembesi,Nonyembesi,Eastern Cape,-32.533333,28.183333,5
nonyembezi,Nonyembezi,Eastern Cape,-32.483333,28.233333,5
nooitgedacht,Nooitgedacht,Eastern Cape,-31.587636,28.686289,5
noordeine,Noordeine,Eastern Cape,-33.93697,25.607621,5
noordelike haasfontein,Noordelike Haasfontein,Eastern Cape,-31.918343,26.497037,5
noordhoek,Noordhoek,Eastern Cape,-34.038782,25.639381,5
north end,North End,Eastern Cape,-33.93697,25.607621,5
north hill,North Hill,Eastern Cape,-33.633333,24.916667,5
north hills,North Hills,Eastern Cape,-33.633333,24.916667,5
northdowns,Northdowns,Eastern Cape,-33.9,25.566667,5
noschinga,Noschinga,Eastern Cape,-32.616667,28.366667,5
notcliffe park,Notcliffe Park,Eastern Cape,-31.983768,26.300292,5
notinsela,Notinsela,Eastern Cape,-31.738638,29.185663,5
notinsila,Notinsila,Eastern Cape,-31.738638,29.185663,5
notintsila,Notintsila,Eastern Cape,-31.738638,29.185663,5
nottingham,Nottingham,Eastern Cape,-31.722743,27.128232,5
nousi,Nousi,Eastern Cape,-32.531682,28.436884,5
noxova,Noxova,Eastern Cape,-31.719801,29.130927,5
nozala,Nozala,Eastern Cape,-31.642314,26.840609,5
noziyongwana,Noziyongwana,Eastern Cape,-31.245242,28.706668,5
nozova,Nozova,Eastern Cape,-31.719801,29.130927,5
nqabane,Nqabane,Eastern Cape,-31.894291,28.356289,5
nqabara,Nqabara,Eastern Cape,-32.083333,28.416667,5
nqabarana,Nqabarana,Eastern Cape,-32.317891,28.762784,5
nqabeni,Nqabeni,Eastern Cape,-30.166667,29.5,5
nqadu,Nqadu,Eastern Cape,-31.438456,28.753502,5
nqakamatye,Nqakamatye,Eastern Cape,-31.683333,28.966667,5
nqakanqa,Nqakanqa,Eastern Cape,-32.097319,29.059872,5
nqalweni,Nqalweni,Eastern Cape,-30.721373,28.857729,5
nqamakwe,Nqamakwe,Eastern Cape,-32.203331,27.94279,5
nqanda,Nqanda,Eastern Cape,-32.148381,28.321937,5
nqantosi,Nqantosi,Eastern Cape,-31.594438,28.292359,5
nqaqumbe,Nqaqumbe,Eastern Cape,-31.349269,29.608376,5
nqati,Nqati,Eastern Cape,-31.7,28.35,5
nqayi,Nqayi,Eastern Cape,-30.960411,28.550472,5
nqcekuma,Nqcekuma,Eastern Cape,-31.799107,28.669471,5
nqentsu,Nqentsu,Eastern Cape,-31.908228,29.17301,5
nqinayo,Nqinayo,Eastern Cape,-31.983333,27.5,5
nqolo nqolo,Nqolo Nqolo,Eastern Cape,-32.626939,27.161906,5
nqoma,Nqoma,Eastern Cape,-30.819336,28.640962,5
nquada,Nquada,Eastern Cape,-31.438456,28.753502,5
nquggu,Nquggu,Eastern Cape,-31.855228,28.747681,5
nquise trading station,Nquise Trading Station,Eastern Cape,-32.491067,28.405935,5
nqumeya,Nqumeya,Eastern Cape,-32.727463,27.127757,5
nqunduza,Nqunduza,Eastern Cape,-32.375284,28.368499,5
nquntsi,Nquntsi,Eastern Cape,-33.016667,27.233333,5
nquqhu,Nquqhu,Eastern Cape,-31.782843,27.559493,5
nququ,Nququ,Eastern Cape,-31.782843,27.559493,5
nqusi,Nqusi,Eastern Cape,-32.491067,28.405935,5
nqutuha,Nqutuha,Eastern Cape,-32.00202,28.104667,5
nqutura,Nqutura,Eastern Cape,-32.00202,28.104667,5
nqutwaneni,Nqutwaneni,Eastern Cape,-31.730306,28.171818,5
nsikeni,Nsikeni,Eastern Cape,-30.143576,29.585878,5
nsimbakazi,Nsimbakazi,Eastern Cape,-32.216667,28.75,5
nsimbini,Nsimbini,Eastern Cape,-31.600124,29.332122,5
ntabaduli,Ntabaduli,Eastern Cape,-30.963799,28.653001,5
ntabamakwenkwe,Ntabamakwenkwe,Eastern Cape,-31.783333,28.283333,5
ntabangcuka,Ntabangcuka,Eastern Cape,-31.810297,29.246217,5
ntabatsewu,Ntabatsewu,Eastern Cape,-30.382164,28.701498,5
ntabazwe,Ntabazwe,Eastern Cape,-30.772613,29.051418,5
ntabelanga,Ntabelanga,Eastern Cape,-31.321882,28.735088,5
ntabeliza,Ntabeliza,Eastern Cape,-31.648527,28.452447,5
ntabencuka,Ntabencuka,Eastern Cape,-31.810297,29.246217,5
ntabeni,Ntabeni,Eastern Cape,-30.817445,28.507358,5
ntabenkomo,Ntabenkomo,Eastern Cape,-30.943123,29.149559,5
ntaberu,Ntaberu,Eastern Cape,-30.548305,28.265941,5
ntabezulu,Ntabezulu,Eastern Cape,-31.088456,29.830191,5
ntaboduli,Ntaboduli,Eastern Cape,-30.916667,28.616667,5
ntabuduli,Ntabuduli,Eastern Cape,-30.963799,28.653001,5
ntafufu,Ntafufu,Eastern Cape,-31.491315,29.521597,5
ntakwendlcla,Ntakwendlcla,Eastern Cape,-31.751043,27.920864,5
ntambalala,Ntambalala,Eastern Cape,-31.537686,29.587645,5
ntanbalas,Ntanbalas,Eastern Cape,-31.537686,29.587645,5
ntatweni,Ntatweni,Eastern Cape,-31.743811,29.126692,5
ntatyaneni,Ntatyaneni,Eastern Cape,-30.929806,28.41594,5
nteli,Nteli,Eastern Cape,-31.526294,29.480119,5
ntengisani,Ntengisani,Eastern Cape,-32.287511,28.564583,5
ntentula,Ntentula,Eastern Cape,-31.301129,29.761016,5
nthlabane,Nthlabane,Eastern Cape,-32.183333,28.45,5
nthlahlane,Nthlahlane,Eastern Cape,-31.150758,29.89065,5
nthlonyana,Nthlonyana,Eastern Cape,-32.060424,28.797407,5
nthlonyane,Nthlonyane,Eastern Cape,-32.070429,28.813346,5
ntibane,Ntibane,Eastern Cape,-30.703059,29.015979,5
ntibani,Ntibani,Eastern Cape,-31.635371,28.281675,5
ntibani store,Ntibani Store,Eastern Cape,-31.657592,28.294696,5
ntile,Ntile,Eastern Cape,-31.526294,29.480119,5
ntilini,Ntilini,Eastern Cape,-31.675491,28.408959,5
ntlabathini,Ntlabathini,Eastern Cape,-32.4,28.316667,5
ntlabeni,Ntlabeni,Eastern Cape,-30.761217,28.93246,5
ntlahlana,Ntlahlana,Eastern Cape,-32.33603,28.705513,5
ntlahlane,Ntlahlane,Eastern Cape,-32.33603,28.705513,5
ntlakwedlela,Ntlakwedlela,Eastern Cape,-31.651285,28.410825,5
ntlambashe,Ntlambashe,Eastern Cape,-31.059424,29.347853,5
ntlambonkulu,Ntlambonkulu,Eastern Cape,-32.26738,28.080661,5
ntlamvukasi,Ntlamvukasi,Eastern Cape,-30.75,29.716667,5
ntlamvukazi,Ntlamvukazi,Eastern Cape,-30.75,29.716667,5
ntlangano,Ntlangano,Eastern Cape,-32.238241,28.830676,5
ntlanjeni,Ntlanjeni,Eastern Cape,-31.570285,29.299322,5
ntlanomfula,Ntlanomfula,Eastern Cape,-30.85709,28.891207,5
ntlanzini,Ntlanzini,Eastern Cape,-32.373722,28.683022,5
ntlavini,Ntlavini,Eastern Cape,-30.723615,29.404327,5
ntlavukazi,Ntlavukazi,Eastern Cape,-31.355614,29.723571,5
ntlaza,Ntlaza,Eastern Cape,-31.566667,29.1,5
ntlaza mission,Ntlaza Mission,Eastern Cape,-31.55991,29.117353,5
ntlekiseni,Ntlekiseni,Eastern Cape,-31.796274,28.555702,5
ntlenzi,Ntlenzi,Eastern Cape,-30.952116,29.577541,5
ntloko,Ntloko,Eastern Cape,-33.297475,27.054157,5
ntlonyana,Ntlonyana,Eastern Cape,-32.070429,28.813346,5
ntlonyane,Ntlonyane,Eastern Cape,-32.070429,28.813346,5
ntloselo,Ntloselo,Eastern Cape,-30.972958,29.903309,5
ntlozela,Ntlozela,Eastern Cape,-30.972958,29.903309,5
ntlozelo,Ntlozelo,Eastern Cape,-30.972958,29.903309,5
ntlukuhla,Ntlukuhla,Eastern Cape,-31.594155,28.422443,5
ntobene,Ntobene,Eastern Cape,-32.3,28.8,5
ntontela,Ntontela,Eastern Cape,-31.299025,29.272817,5
ntontsasa,Ntontsasa,Eastern Cape,-31.211147,29.6985,5
ntsame,Ntsame,Eastern Cape,-32.287511,28.564583,5
ntshamanzi,Ntshamanzi,Eastern Cape,-30.885229,29.168123,5
ntshamate,Ntshamate,Eastern Cape,-31.486453,29.578343,5
ntshatshongo,Ntshatshongo,Eastern Cape,-32.133333,28.516667,5
ntsheleni,Ntsheleni,Eastern Cape,-31.135393,29.113131,5
ntshigo,Ntshigo,Eastern Cape,-31.280343,28.708883,5
ntshilini,Ntshilini,Eastern Cape,-31.902561,29.149067,5
ntshingeni,Ntshingeni,Eastern Cape,-31.73161,29.226893,5
ntshinindeni,Ntshinindeni,Eastern Cape,-31.669877,26.907771,5
ntshongweni,Ntshongweni,Eastern Cape,-30.813236,28.936509,5
ntsikizini,Ntsikizini,Eastern Cape,-32.916667,27.233333,5
ntsila,Ntsila,Eastern Cape,-31.483333,28.783333,5
ntsimba,Ntsimba,Eastern Cape,-31.868007,28.218878,5
ntsimbakazi,Ntsimbakazi,Eastern Cape,-32.2,28.75,5
ntsimbini,Ntsimbini,Eastern Cape,-30.966667,28.8,5
ntsimeko,Ntsimeko,Eastern Cape,-30.650998,28.74712,5
ntsinga,Ntsinga,Eastern Cape,-31.540553,27.436101,5
ntsingisi,Ntsingisi,Eastern Cape,-30.920828,29.882196,5
ntsingizi,Ntsingizi,Eastern Cape,-30.920828,29.882196,5
ntsitshana,Ntsitshana,Eastern Cape,-31.935456,28.936356,5
ntsizwa,Ntsizwa,Eastern Cape,-30.738171,29.24748,5
ntsonyini,Ntsonyini,Eastern Cape,-31.596844,29.255894,5
ntsubane bosboustasie,Ntsubane Bosboustasie,Eastern Cape,-31.4,29.683333,5
ntsukandihlale,Ntsukandihlale,Eastern Cape,-30.963916,28.732277,5
ntsundwana,Ntsundwana,Eastern Cape,-31.766622,29.212122,5
ntsundwane,Ntsundwane,Eastern Cape,-31.766622,29.212122,5
ntubeni,Ntubeni,Eastern Cape,-32.3,28.8,5
ntwashini,Ntwashini,Eastern Cape,-31.706741,28.120776,5
ntwashwini,Ntwashwini,Eastern Cape,-31.912823,27.95901,5
ntwenka,Ntwenka,Eastern Cape,-31.063683,29.04217,5
ntywanka,Ntywanka,Eastern Cape,-31.162372,28.55297,5
ntywenka,Ntywenka,Eastern Cape,-31.162372,28.55297,5
nuweplaas,Nuweplaas,Eastern Cape,-33.769668,23.57242,5
nxaxa,Nxaxa,Eastern Cape,-32.456563,28.396423,5
nxaxo,Nxaxo,Eastern Cape,-32.456563,28.396423,5
nxaxo mouth,Nxaxo Mouth,Eastern Cape,-32.584931,28.522687,5
nxaza,Nxaza,Eastern Cape,-31.226189,28.510399,5
nxelesa,Nxelesa,Eastern Cape,-31.84482,27.662708,5
nxotshana,Nxotshana,Eastern Cape,-30.579344,28.333984,5
nxotsheni,Nxotsheni,Eastern Cape,-31.426806,29.04525,5
nxuze,Nxuze,Eastern Cape,-31.222555,29.381722,5
nyalasa,Nyalasa,Eastern Cape,-31.691364,27.672503,5
nyalingeni,Nyalingeni,Eastern Cape,-30.881921,28.912004,5
nyameni,Nyameni,Eastern Cape,-32.615682,27.073213,5
nyana,Nyana,Eastern Cape,-32.216667,26.683333,5
nyandeni,Nyandeni,Eastern Cape,-31.45024,28.971628,5
nyangweni,Nyangweni,Eastern Cape,-31.883333,29.116667,5
nyaniso,Nyaniso,Eastern Cape,-30.555148,28.73282,5
nyanisos,Nyanisos,Eastern Cape,-30.555148,28.73282,5
nyanisweni,Nyanisweni,Eastern Cape,-30.963908,28.7824,5
nyanzela,Nyanzela,Eastern Cape,-30.914156,29.009544,5
nyareni,Nyareni,Eastern Cape,-31.273649,29.52357,5
nyasini,Nyasini,Eastern Cape,-30.827188,29.109334,5
nyatyora location,Nyatyora Location,Eastern Cape,-33.03243,27.391492,5
nyegqeni,Nyegqeni,Eastern Cape,-30.978968,29.128896,5
nyegqili,Nyegqili,Eastern Cape,-31.030563,29.087704,5
nyiweni,Nyiweni,Eastern Cape,-30.849767,29.105049,5
nymanskraal,Nymanskraal,Eastern Cape,-31.366667,26.783333,5
nyokana,Nyokana,Eastern Cape,-32.292868,28.547887,5
nyoke,Nyoke,Eastern Cape,-32.292868,28.547887,5
nyokweni,Nyokweni,Eastern Cape,-30.866667,29.633333,5
nyosini,Nyosini,Eastern Cape,-30.827188,29.109334,5
nyumaga,Nyumaga,Eastern Cape,-32.5541,28.275129,5
nyushwini,Nyushwini,Eastern Cape,-30.935695,28.8462,5
nyutura,Nyutura,Eastern Cape,-32.540242,28.339268,5
nywara,Nywara,Eastern Cape,-31.940297,28.368705,5
nzimankulu,Nzimankulu,Eastern Cape,-31.202621,29.390157,5
nzombane,Nzombane,Eastern Cape,-30.295886,29.719792,5
nzondeni,Nzondeni,Eastern Cape,-31.435676,29.440503,5
oakancu,Oakancu,Eastern Cape,-31.603836,28.356569,5
oakangu,Oakangu,Eastern Cape,-31.603836,28.356569,5
oaklands,Oaklands,Eastern Cape,-31.113071,26.422628,5
oakleigh,Oakleigh,Eastern Cape,-30.970637,28.265272,5
oatlands,Oatlands,Eastern Cape,-31.04927,25.708339,5
oaukeni,Oaukeni,Eastern Cape,-31.271399,29.592879,5
ocean view,Ocean View,Eastern Cape,-32.874597,28.04689,5
o'connors camp,O'Connors Camp,Eastern Cape,-30.266667,28.4,5
oester bay,Oester Bay,Eastern Cape,-34.170951,24.653006,5
oesterbaai,Oesterbaai,Eastern Cape,-34.170951,24.653006,5
old bunting,Old Bunting,Eastern Cape,-31.665935,29.176487,5
old goxe store,Old Goxe Store,Eastern Cape,-30.697539,29.60332,5
old green river,Old Green River,Eastern Cape,-32.914325,27.24047,5
old idutywa,Old Idutywa,Eastern Cape,-32.016667,28.383333,5
old morley,Old Morley,Eastern Cape,-31.917135,28.980683,5
oliewenberg,Oliewenberg,Eastern Cape,-30.989133,26.036147,5
oliewenkloof,Oliewenkloof,Eastern Cape,-30.873287,26.723696,5
olifants kop,Olifants Kop,Eastern Cape,-33.666964,25.651995,5
oliviersrust,Oliviersrust,Eastern Cape,-30.773857,28.408217,5
omdraai,Omdraai,Eastern Cape,-31.122871,25.504122,5
ondersmoorddrift,Ondersmoorddrift,Eastern Cape,-32.875923,25.828803,5
onder-smoordrif,Onder-Smoordrif,Eastern Cape,-32.875923,25.828803,5
ongelegen,Ongelegen,Eastern Cape,-33.736619,23.407358,5
onverwacht,Onverwacht,Eastern Cape,-31.374671,26.323084,5
onverwag,Onverwag,Eastern Cape,-31.012853,25.795671,5
onverwagslaagte,Onverwagslaagte,Eastern Cape,-33.876659,24.458132,5
ooqodala,Ooqodala,Eastern Cape,-31.72851,26.955004,5
ooriogspos,Ooriogspos,Eastern Cape,-30.533333,26.2,5
oorlogspoort,Oorlogspoort,Eastern Cape,-31.280179,26.904679,5
oos-londen,Oos-Londen,Eastern Cape,-33.011051,27.910049,5
orange grove,Orange Grove,Eastern Cape,-31.549409,29.490741,5
orangesig,Orangesig,Eastern Cape,-30.916773,26.71489,5
orangia,Orangia,Eastern Cape,-30.893074,25.547993,5
orel,Orel,Eastern Cape,-31.633333,27.366667,5
osberg,Osberg,Eastern Cape,-31.630035,26.080365,5
osfontein,Osfontein,Eastern Cape,-31.370422,26.287594,5
osnek,Osnek,Eastern Cape,-31.216667,25.55,5
otterburn,Otterburn,Eastern Cape,-30.183333,28.966667,5
otterford,Otterford,Eastern Cape,-33.783889,25.019444,5
ou bokkraal,Ou Bokkraal,Eastern Cape,-30.983333,26.616667,5
ou tol,Ou Tol,Eastern Cape,-30.65,27.133333,5
oubosrand,Oubosrand,Eastern Cape,-34.003845,24.218393,5
oubosstrand,Oubosstrand,Eastern Cape,-34.062958,24.200277,5
oudebosch,Oudebosch,Eastern Cape,-34.003845,24.218393,5
oudedag,Oudedag,Eastern Cape,-30.677348,26.051968,5
oudelkraal,Oudelkraal,Eastern Cape,-31.738126,26.683967,5
ougqwaru,Ougqwaru,Eastern Cape,-31.616085,26.97357,5
ouplass,Ouplass,Eastern Cape,-33.639002,26.476514,5
outspan,Outspan,Eastern Cape,-30.716667,26.766667,5
outubeni,Outubeni,Eastern Cape,-33.004195,27.033655,5
overton,Overton,Eastern Cape,-33.094737,27.790962,5
oviston,Oviston,Eastern Cape,-30.693903,25.769614,5
oyster bay,Oyster Bay,Eastern Cape,-34.170951,24.653006,5
paardekraal,Paardekraal,Eastern Cape,-31.362137,28.189997,5
paballong,Paballong,Eastern Cape,-30.420005,28.51179,5
pakati,Pakati,Eastern Cape,-32.066667,28.683333,5
palmerton,Palmerton,Eastern Cape,-31.304394,29.489839,5
palmietfontein,Palmietfontein,Eastern Cape,-30.419906,27.528313,5
palmskop,Palmskop,Eastern Cape,-31.205419,25.90039,5
pama,Pama,Eastern Cape,-31.64682,27.468179,5
pamlaville,Pamlaville,Eastern Cape,-30.106277,29.067554,5
paradise beach,Paradise Beach,Eastern Cape,-34.100381,24.891679,5
paradys,Paradys,Eastern Cape,-31.126949,26.389712,5
parsons hill,Parsons Hill,Eastern Cape,-33.933333,25.583333,5
parsonsheuwel,Parsonsheuwel,Eastern Cape,-33.933333,25.583333,5
patankala,Patankala,Eastern Cape,-32.083333,28.966667,5
patensie,Patensie,Eastern Cape,-33.760068,24.813833,5
patentie,Patentie,Eastern Cape,-33.760068,24.813833,5
paterson,Paterson,Eastern Cape,-33.440641,25.974102,5
pato's kop location,Pato's Kop Location,Eastern Cape,-33.25,27.316667,5
patulweni's,Patulweni's,Eastern Cape,-32.75,27.083333,5
pearston,Pearston,Eastern Cape,-32.582203,25.138318,5
peddie,Peddie,Eastern Cape,-33.200592,27.113846,5
peelton,Peelton,Eastern Cape,-32.766667,27.483333,5
pelandaba,Pelandaba,Eastern Cape,-30.642265,27.562386,5
pelgrims rust,Pelgrims Rust,Eastern Cape,-31.305735,25.754352,5
pen hoek,Pen Hoek,Eastern Cape,-30.545935,27.59711,5
peninsula,Peninsula,Eastern Cape,-31.927366,26.829691,5
penryn,Penryn,Eastern Cape,-31.422472,26.451731,5
pera ii,Pera II,Eastern Cape,-33.28401,27.288507,5
perdekraal,Perdekraal,Eastern Cape,-31.362137,28.189997,5
perhamdown,Perhamdown,Eastern Cape,-31.478092,27.321554,5
perridgevale,Perridgevale,Eastern Cape,-33.933333,25.566667,5
perserance,Perserance,Eastern Cape,-31.990103,25.553649,5
petersburg,Petersburg,Eastern Cape,-32.311724,24.965013,5
petits hill,Petits Hill,Eastern Cape,-33.5,23.633333,5
pettits hill,Pettits Hill,Eastern Cape,-33.5,23.633333,5
pewuleni mission,Pewuleni Mission,Eastern Cape,-32.883333,27.066667,5
phangindela,Phangindela,Eastern Cape,-31.816667,28.75,5
pheuleni,Pheuleni,Eastern Cape,-32.906587,27.039344,5
philipsrust,Philipsrust,Eastern Cape,-30.711788,28.222141,5
phillipsdale,Phillipsdale,Eastern Cape,-31.821256,28.144724,5
phirentsa,Phirentsa,Eastern Cape,-30.587158,28.264933,5
phitshini,Phitshini,Eastern Cape,-30.82153,28.718766,5
pholile,Pholile,Eastern Cape,-30.891034,28.520459,5
phrintsu,Phrintsu,Eastern Cape,-30.587158,28.264933,5
phuthing,Phuthing,Eastern Cape,-30.232018,28.487455,5
pie hock,Pie Hock,Eastern Cape,-30.981174,26.09251,5
pifane,Pifane,Eastern Cape,-30.649971,28.931935,5
piffway,Piffway,Eastern Cape,-33.433333,26.733333,5
pilgrimsrust,Pilgrimsrust,Eastern Cape,-31.022417,26.833084,5
pine tops,Pine Tops,Eastern Cape,-32.738494,28.206576,5
pirie,Pirie,Eastern Cape,-32.783333,27.216667,5
plaaffontein,Plaaffontein,Eastern Cape,-31.383333,25.8,5
plaatfontein,Plaatfontein,Eastern Cape,-30.934132,26.982243,5
platana,Platana,Eastern Cape,-30.850404,28.372665,5
pleasant view,Pleasant View,Eastern Cape,-31.566667,25.783333,5
pleisterkraal,Pleisterkraal,Eastern Cape,-30.954184,26.029689,5
polite,Polite,Eastern Cape,-30.451968,28.634731,5
pollockshaws,Pollockshaws,Eastern Cape,-33.775957,25.594831,5
pontsene,Pontsene,Eastern Cape,-30.2,28.85,5
pontseng,Pontseng,Eastern Cape,-30.448247,28.590604,5
poortjie,Poortjie,Eastern Cape,-30.685321,25.959291,5
poplar farm,Poplar Farm,Eastern Cape,-30.583333,27.5,5
populierplaas,Populierplaas,Eastern Cape,-33.084482,25.424784,5
port alfred,Port Alfred,Eastern Cape,-33.590572,26.891037,5
port elizabeth,Port Elizabeth,Eastern Cape,-33.917988,25.570066,5
port grosvenor,Port Grosvenor,Eastern Cape,-31.375198,29.90745,5
port grovenor,Port Grovenor,Eastern Cape,-31.375198,29.90745,5
port saint john's,Port Saint John's,Eastern Cape,-31.622911,29.544772,5
posini,Posini,Eastern Cape,-33.1,27.066667,5
pote,Pote,Eastern Cape,-30.059659,29.016887,5
potlo,Potlo,Eastern Cape,-30.19906,28.536885,5
preslies bay,Preslies Bay,Eastern Cape,-31.882109,29.260751,5
pretoria,Pretoria,Eastern Cape,-30.783403,28.594688,5
primgradia,Primgradia,Eastern Cape,-31.5588,26.660007,5
printso,Printso,Eastern Cape,-30.587158,28.264933,5
proceshoek,Proceshoek,Eastern Cape,-31.981796,26.089885,5
prospect,Prospect,Eastern Cape,-31.983333,28.883333,5
prospect vale,Prospect Vale,Eastern Cape,-33.583333,25.533333,5
puffadder,Puffadder,Eastern Cape,-30.977296,29.555189,5
pulangweni,Pulangweni,Eastern Cape,-31.637873,28.23264,5
punzana location,Punzana Location,Eastern Cape,-33.063301,27.465548,5
puzana,Puzana,Eastern Cape,-32.7,28.033333,5
qabangeni,Qabangeni,Eastern Cape,-30.824644,29.599018,5
qabeni,Qabeni,Eastern Cape,-30.791818,29.314998,5
qaga,Qaga,Eastern Cape,-32.943009,27.284134,5
qagala,Qagala,Eastern Cape,-31.275246,28.422504,5
qakancu,Qakancu,Eastern Cape,-31.603836,28.356569,5
qakazana,Qakazana,Eastern Cape,-32.183333,28.533333,5
qamangeni,Qamangeni,Eastern Cape,-31.205319,29.53724,5
qamata,Qamata,Eastern Cape,-31.977527,27.439757,5
qamata poort,Qamata Poort,Eastern Cape,-31.968281,27.448569,5
qamdobowa,Qamdobowa,Eastern Cape,-33.015719,27.103857,5
qamnyana,Qamnyana,Eastern Cape,-33.120013,26.931179,5
qandu,Qandu,Eastern Cape,-31.732263,29.276955,5
qanga,Qanga,Eastern Cape,-30.785578,29.06762,5
qangu,Qangu,Eastern Cape,-30.911161,28.732021,5
qangui,Qangui,Eastern Cape,-30.785578,29.06762,5
qanqu,Qanqu,Eastern Cape,-30.785578,29.06762,5
qaqane,Qaqane,Eastern Cape,-31.766667,27.666667,5
qasa,Qasa,Eastern Cape,-30.970844,29.616706,5
qatywa,Qatywa,Eastern Cape,-32.133333,28.966667,5
qauken,Qauken,Eastern Cape,-31.271399,29.592879,5
qawukeni,Qawukeni,Eastern Cape,-31.271399,29.592879,5
qazini,Qazini,Eastern Cape,-32.378105,28.724643,5
qebe,Qebe,Eastern Cape,-31.529655,28.003498,5
qelane,Qelane,Eastern Cape,-31.521832,28.752798,5
qengqeleka,Qengqeleka,Eastern Cape,-31.933333,28.166667,5
qeto,Qeto,Eastern Cape,-33.325811,27.099937,5
qhanqu,Qhanqu,Eastern Cape,-30.911161,28.732021,5
qhemegha,Qhemegha,Eastern Cape,-30.383333,27.483333,5
qhoehane,Qhoehane,Eastern Cape,-30.629778,28.324041,5
qhotira,Qhotira,Eastern Cape,-30.945002,28.692699,5
qiba,Qiba,Eastern Cape,-31.429632,27.776053,5
qina,Qina,Eastern Cape,-32.45,28.183333,5
qineni,Qineni,Eastern Cape,-31.979306,27.27572,5
qingqolo,Qingqolo,Eastern Cape,-31.775669,28.865739,5
qita,Qita,Eastern Cape,-31.580167,29.165496,5
qiti,Qiti,Eastern Cape,-31.574582,29.188434,5
qitsi,Qitsi,Eastern Cape,-31.866667,27.933333,5
qitsi-ndlunkulu,Qitsi-Ndlunkulu,Eastern Cape,-31.966667,27.95,5
qiya,Qiya,Eastern Cape,-31.86416,28.610848,5
qobong,Qobong,Eastern Cape,-30.887063,28.345926,5
qoboqobo,Qoboqobo,Eastern Cape,-32.416667,28.233333,5
qoboshane,Qoboshane,Eastern Cape,-30.443481,27.561017,5
qoha mouth,Qoha Mouth,Eastern Cape,-32.442748,28.680625,5
qokama,Qokama,Eastern Cape,-31.771456,29.120827,5
qokolweni,Qokolweni,Eastern Cape,-31.119028,28.550543,5
qoloha,Qoloha,Eastern Cape,-32.55,28.283333,5
qolombana,Qolombana,Eastern Cape,-31.461161,28.756573,5
qolora,Qolora,Eastern Cape,-31.134689,29.43649,5
qolora mouth,Qolora Mouth,Eastern Cape,-32.633328,28.417982,5
qolweni,Qolweni,Eastern Cape,-31.765777,28.55955,5
qombe,Qombe,Eastern Cape,-32.012304,28.51108,5
qombola,Qombola,Eastern Cape,-32.558565,28.197922,5
qombolo,Qombolo,Eastern Cape,-32.558565,28.197922,5
qoqodala,Qoqodala,Eastern Cape,-31.72851,26.955004,5
qora,Qora,Eastern Cape,-32.116667,28.25,5
qora mouth,Qora Mouth,Eastern Cape,-32.442748,28.680625,5
qoramond,Qoramond,Eastern Cape,-32.442748,28.680625,5
qota,Qota,Eastern Cape,-31.680112,28.785731,5
qotira,Qotira,Eastern Cape,-30.927095,28.722183,5
qozeleni,Qozeleni,Eastern Cape,-31.75989,28.583312,5
quacha,Quacha,Eastern Cape,-33.716667,24.433333,5
quaggafontein,Quaggafontein,Eastern Cape,-31.855522,26.551649,5
quakeni location,Quakeni Location,Eastern Cape,-33.028511,27.244193,5
quamangeni,Quamangeni,Eastern Cape,-30.824644,29.599018,5
quarrelbrook,Quarrelbrook,Eastern Cape,-31.811279,26.457435,5
qubeni,Qubeni,Eastern Cape,-31.934743,28.596793,5
queens,Queens,Eastern Cape,-30.26155,28.547506,5
queen's mercy,Queen's Mercy,Eastern Cape,-30.26155,28.547506,5
queensberry bay,Queensberry Bay,Eastern Cape,-32.881453,28.097528,5
queensdale,Queensdale,Eastern Cape,-31.871011,26.978624,5
queenstown,Queenstown,Eastern Cape,-31.897563,26.875329,5
qugqwaru,Qugqwaru,Eastern Cape,-31.616085,26.97357,5
quidlana,Quidlana,Eastern Cape,-30.817085,28.717872,5
quigney,Quigney,Eastern Cape,-33.016232,27.916007,5
quko,Quko,Eastern Cape,-32.683333,28.166667,5
quko valley,Quko Valley,Eastern Cape,-32.683333,28.166667,5
qulungashe,Qulungashe,Eastern Cape,-31.112379,28.641106,5
qumanco,Qumanco,Eastern Cape,-31.796918,27.821322,5
quma's,Quma's,Eastern Cape,-32.766667,27,5
qumbu,Qumbu,Eastern Cape,-31.16304,28.870557,5
qunu,Qunu,Eastern Cape,-31.783191,28.615909,5
qunubeni,Qunubeni,Eastern Cape,-30.916667,28.9,5
qurana,Qurana,Eastern Cape,-31.153157,28.634596,5
qutabeni,Qutabeni,Eastern Cape,-31.601551,28.007301,5
qutsuma,Qutsuma,Eastern Cape,-30.765911,28.441978,5
qutubeni,Qutubeni,Eastern Cape,-31.601551,28.007301,5
qutyini,Qutyini,Eastern Cape,-31.6,27.9,5
qwakazana,Qwakazana,Eastern Cape,-32.183333,28.533333,5
qwaninga,Qwaninga,Eastern Cape,-32.219751,28.352302,5
qwelana,Qwelana,Eastern Cape,-31.483333,28.45,5
qwili qwili,Qwili Qwili,Eastern Cape,-32.282789,27.740273,5
raden,Raden,Eastern Cape,-30.959028,26.523393,5
ramara,Ramara,Eastern Cape,-32.116667,28.6,5
ramas gate,Ramas Gate,Eastern Cape,-30.066667,28.916667,5
ramatee,Ramatee,Eastern Cape,-30.966667,28.516667,5
ramra,Ramra,Eastern Cape,-32.116667,28.6,5
randfontein,Randfontein,Eastern Cape,-31.217399,26.502405,5
rauswana,Rauswana,Eastern Cape,-31.878099,27.271161,5
rautenbach,Rautenbach,Eastern Cape,-33.733333,25.1,5
ravenscroft,Ravenscroft,Eastern Cape,-31.059779,29.105997,5
ravensworth,Ravensworth,Eastern Cape,-30.653042,26.529301,5
rawutini,Rawutini,Eastern Cape,-31.515985,29.247221,5
rebelskloof,Rebelskloof,Eastern Cape,-31.465217,27.564275,5
red hill,Red Hill,Eastern Cape,-32.333333,28.233333,5
redclyffe,Redclyffe,Eastern Cape,-33.733333,23.45,5
redhouse,Redhouse,Eastern Cape,-33.838967,25.568505,5
redoubt,Redoubt,Eastern Cape,-30.897632,29.973748,5
reed park,Reed Park,Eastern Cape,-31.066667,28.05,5
relegwini,Relegwini,Eastern Cape,-31.7,28.416667,5
renosterfontein,Renosterfontein,Eastern Cape,-33.166207,25.563832,5
retiefville,Retiefville,Eastern Cape,-33.916667,25.583333,5
retreat,Retreat,Eastern Cape,-31.562699,29.477784,5
review,Review,Eastern Cape,-31.899468,25.587062,5
rheboksfontein,Rheboksfontein,Eastern Cape,-30.70717,25.854259,5
rheeboksfontein,Rheeboksfontein,Eastern Cape,-30.677559,25.845022,5
rhenosterfontein,Rhenosterfontein,Eastern Cape,-31.28211,25.70546,5
rhenosterhoek,Rhenosterhoek,Eastern Cape,-31.829733,26.501858,5
rhodes,Rhodes,Eastern Cape,-30.795355,27.964746,5
rhodesia,Rhodesia,Eastern Cape,-30.863996,28.607562,5
richmond,Richmond,Eastern Cape,-33.729954,26.578112,5
riebeek,Riebeek,Eastern Cape,-31.666667,25.916667,5
riebeek east,Riebeek East,Eastern Cape,-33.201499,26.148869,5
riebeek-oos,Riebeek-Oos,Eastern Cape,-33.201499,26.148869,5
rietbron,Rietbron,Eastern Cape,-32.901937,23.150836,5
rietfontein,Rietfontein,Eastern Cape,-30.811962,26.973799,5
rietgat,Rietgat,Eastern Cape,-31.676523,26.518332,5
rietpoort,Rietpoort,Eastern Cape,-30.990495,26.13322,5
rietrivier,Rietrivier,Eastern Cape,-33.559993,27.015083,5
rietvlei,Rietvlei,Eastern Cape,-30.510498,29.826368,5
rietvley,Rietvley,Eastern Cape,-30.510498,29.826368,5
rini,Rini,Eastern Cape,-31.994293,29.124328,5
risier,Risier,Eastern Cape,-30.770186,28.283566,5
risler,Risler,Eastern Cape,-30.770186,28.283566,5
river view,River View,Eastern Cape,-30.368033,30.089274,5
riverbend,Riverbend,Eastern Cape,-33.051249,27.030384,5
riverdale,Riverdale,Eastern Cape,-31.690158,25.944754,5
rivermead,Rivermead,Eastern Cape,-32.066667,28.416667,5
riversea,Riversea,Eastern Cape,-33.95,25.066667,5
riverside,Riverside,Eastern Cape,-31.619511,27.400496,5
riverview,Riverview,Eastern Cape,-32.05,28.616667,5
roamers rest,Roamers Rest,Eastern Cape,-30.2994,28.608071,5
robertsdale,Robertsdale,Eastern Cape,-31.426332,26.94719,5
rock cliff,Rock Cliff,Eastern Cape,-30.625539,27.637477,5
rockcliff,Rockcliff,Eastern Cape,-31.485318,26.911114,5
rockdale,Rockdale,Eastern Cape,-30.578809,27.276118,5
rockhaven,Rockhaven,Eastern Cape,-30.303523,28.541448,5
rocklands,Rocklands,Eastern Cape,-33.074873,27.633535,5
rocklyn,Rocklyn,Eastern Cape,-31.435269,26.369073,5
rockville,Rockville,Eastern Cape,-30.955931,29.581625,5
rockwood,Rockwood,Eastern Cape,-32.634697,28.126383,5
rocky fountain,Rocky Fountain,Eastern Cape,-31.832633,26.900097,5
rocky ridge,Rocky Ridge,Eastern Cape,-32.65372,28.323356,5
rocky valley,Rocky Valley,Eastern Cape,-31.859881,28.211394,5
roda,Roda,Eastern Cape,-31.966667,27.55,5
rodana,Rodana,Eastern Cape,-31.933333,27.2,5
rode,Rode,Eastern Cape,-30.823855,29.138587,5
rodenia,Rodenia,Eastern Cape,-31.903261,25.747322,5
roma,Roma,Eastern Cape,-31.693853,28.097678,5
romance,Romance,Eastern Cape,-31.460733,26.837828,5
romans laagte,Romans Laagte,Eastern Cape,-32.162567,26.595647,5
romansfontein,Romansfontein,Eastern Cape,-31.499944,26.280221,5
rombityi,Rombityi,Eastern Cape,-31.283333,29.55,5
rondefontein,Rondefontein,Eastern Cape,-30.891385,26.897525,5
rondekop,Rondekop,Eastern Cape,-31.689327,26.601762,5
rondezvous,Rondezvous,Eastern Cape,-31.764392,26.160625,5
rooihoogte,Rooihoogte,Eastern Cape,-31.234763,26.739503,5
rooikop,Rooikop,Eastern Cape,-31.295156,26.120175,5
rooiplass,Rooiplass,Eastern Cape,-31.216667,26.416667,5
rooipoort,Rooipoort,Eastern Cape,-30.862354,26.076458,5
rooirand,Rooirand,Eastern Cape,-31.920572,26.779748,5
rooiwal,Rooiwal,Eastern Cape,-30.825137,26.871442,5
rosebank,Rosebank,Eastern Cape,-31.261133,26.97244,5
rosedale,Rosedale,Eastern Cape,-33.372888,26.567911,5
rosendal,Rosendal,Eastern Cape,-30.919107,26.20871,5
rosmead,Rosmead,Eastern Cape,-31.49005,25.11783,5
ross common,Ross Common,Eastern Cape,-31.583333,29.45,5
ross mission,Ross Mission,Eastern Cape,-31.544978,28.612018,5
rossdale,Rossdale,Eastern Cape,-30.116667,28.933333,5
rosslands,Rosslands,Eastern Cape,-31.211762,26.154201,5
rossouw,Rossouw,Eastern Cape,-31.168884,27.280726,5
rothmere,Rothmere,Eastern Cape,-32.141547,28.83693,5
rotterdam,Rotterdam,Eastern Cape,-31.615127,25.601496,5
round the bend,Round the Bend,Eastern Cape,-32.8914,28.05823,5
roxeni,Roxeni,Eastern Cape,-32.771867,26.749114,5
ruigtefontein,Ruigtefontein,Eastern Cape,-31.334047,25.837659,5
rune,Rune,Eastern Cape,-31.804766,28.399695,5
runu,Runu,Eastern Cape,-31.804766,28.399695,5
rura,Rura,Eastern Cape,-33.158106,27.035847,5
rushkar,Rushkar,Eastern Cape,-31.683333,27.383333,5
rushof,Rushof,Eastern Cape,-31.070536,26.385738,5
rusoord,Rusoord,Eastern Cape,-31.434613,25.673775,5
rust,Rust,Eastern Cape,-30.977925,26.943127,5
rust en vrede,Rust en Vrede,Eastern Cape,-31.157075,26.763837,5
rwantsana,Rwantsana,Eastern Cape,-30.790255,29.088575,5
rwantsini,Rwantsini,Eastern Cape,-32.106513,28.418879,5
rwegweni,Rwegweni,Eastern Cape,-32.05,28.566667,5
saaiplaas,Saaiplaas,Eastern Cape,-31.57478,26.187545,5
saamwerk,Saamwerk,Eastern Cape,-30.583405,26.46496,5
sabungeni,Sabungeni,Eastern Cape,-30.883333,29.016667,5
sada,Sada,Eastern Cape,-32.197043,26.815011,5
saint alban's mission,Saint Alban's Mission,Eastern Cape,-31.829544,28.010461,5
saint barnabas,Saint Barnabas,Eastern Cape,-30.566667,27.216667,5
saint columbus,Saint Columbus,Eastern Cape,-30.066466,29.060248,5
saint cuthbert's,Saint Cuthbert's,Eastern Cape,-31.298259,28.630459,5
saint francis,Saint Francis,Eastern Cape,-30.391176,28.412348,5
saint gabriel,Saint Gabriel,Eastern Cape,-31.466667,27.683333,5
saint george's strand,Saint George's Strand,Eastern Cape,-33.824563,25.656442,5
saint gregorys,Saint Gregorys,Eastern Cape,-30.136304,29.588883,5
saint leonards,Saint Leonards,Eastern Cape,-30.162951,29.681952,5
saint mark's,Saint Mark's,Eastern Cape,-32.016938,27.379352,5
saint matthews,Saint Matthews,Eastern Cape,-32.648601,27.18262,5
saint michael's,Saint Michael's,Eastern Cape,-30.466667,27.45,5
saint michaels mission,Saint Michaels Mission,Eastern Cape,-31.551932,27.250727,5
saint patrick's,Saint Patrick's,Eastern Cape,-31.97101,27.338113,5
sakute,Sakute,Eastern Cape,-30.861861,28.320285,5
salem,Salem,Eastern Cape,-33.468279,26.480278,5
samerkoms,Samerkoms,Eastern Cape,-32.181022,25.275928,5
sanddrif,Sanddrif,Eastern Cape,-33.982982,23.995811,5
sandile,Sandile,Eastern Cape,-33.151592,27.546502,5
sandkraalpoort,Sandkraalpoort,Eastern Cape,-33.266667,24.016667,5
sandkraalspoort,Sandkraalspoort,Eastern Cape,-33.266667,24.016667,5
sandland,Sandland,Eastern Cape,-33.675026,24.588723,5
sandokazi,Sandokazi,Eastern Cape,-30.878724,28.76537,5
sandvlakte,Sandvlakte,Eastern Cape,-33.581871,24.16594,5
sandvlei,Sandvlei,Eastern Cape,-31.508761,26.547599,5
sangoni,Sangoni,Eastern Cape,-31.696079,28.786732,5
sangqu,Sangqu,Eastern Cape,-30.988103,28.678393,5
santombe,Santombe,Eastern Cape,-30.165133,29.038382,5
saphukanduka,Saphukanduka,Eastern Cape,-30.830154,29.17861,5
sapompolo,Sapompolo,Eastern Cape,-31.080981,28.698302,5
sapulandake,Sapulandake,Eastern Cape,-30.909222,28.405475,5
sardinia bay,Sardinia Bay,Eastern Cape,-34.016667,24.5,5
sawutiya,Sawutiya,Eastern Cape,-32.180511,26.674161,5
schaapkraal,Schaapkraal,Eastern Cape,-31.985381,26.255725,5
schalkwykskraal,Schalkwykskraal,Eastern Cape,-30.729731,25.641887,5
schauder,Schauder,Eastern Cape,-33.933333,25.566667,5
schoemanskraal,Schoemanskraal,Eastern Cape,-31.543558,26.766999,5
schoombee,Schoombee,Eastern Cape,-31.454785,25.48739,5
schoonbeeksfontein,Schoonbeeksfontein,Eastern Cape,-31.388128,25.780876,5
schoongozicht,Schoongozicht,Eastern Cape,-32.568728,26.560112,5
scotswood,Scotswood,Eastern Cape,-33.92801,25.439338,5
sea camp,Sea Camp,Eastern Cape,-32.116667,29,5
sea view,Sea View,Eastern Cape,-31.051018,30.130923,5
sea vista,Sea Vista,Eastern Cape,-34.172123,24.832417,5
seafield,Seafield,Eastern Cape,-33.534759,27.046241,5
seagulls,Seagulls,Eastern Cape,-32.641625,28.426534,5
seaview water park,Seaview Water Park,Eastern Cape,-32.766667,28.083333,5
sekgutlong,Sekgutlong,Eastern Cape,-30.85219,28.473514,5
seku,Seku,Eastern Cape,-32.435712,28.282423,5
selborne,Selborne,Eastern Cape,-31.55868,28.652454,5
semonkong,Semonkong,Eastern Cape,-30.423437,28.544324,5
sendingstasie,Sendingstasie,Eastern Cape,-32.152765,28.522421,5
sentse,Sentse,Eastern Cape,-33.066667,27.316667,5
sentubi,Sentubi,Eastern Cape,-31.578345,28.163092,5
seplan,Seplan,Eastern Cape,-31.719113,27.450273,5
serfontein,Serfontein,Eastern Cape,-31.717286,26.089906,5
setabataba,Setabataba,Eastern Cape,-30.589178,28.335129,5
setebe,Setebe,Eastern Cape,-31.889273,28.583012,5
sethathi,Sethathi,Eastern Cape,-30.452425,28.497051,5
seven fountains,Seven Fountains,Eastern Cape,-33.439371,26.322092,5
sewefontein,Sewefontein,Eastern Cape,-30.818106,26.041287,5
seymour,Seymour,Eastern Cape,-32.555707,26.765336,5
seymur,Seymur,Eastern Cape,-32.555707,26.765336,5
shawbury,Shawbury,Eastern Cape,-31.230149,28.94734,5
shenstone,Shenstone,Eastern Cape,-33.690638,26.474973,5
sheshego fingo,Sheshego Fingo,Eastern Cape,-32.913927,26.818727,5
sheshegu,Sheshegu,Eastern Cape,-31.536985,28.693018,5
shilabeni,Shilabeni,Eastern Cape,-31.760715,28.359528,5
shixini,Shixini,Eastern Cape,-32.333333,28.633333,5
sholora,Sholora,Eastern Cape,-32.083333,28.75,5
shukenxa,Shukenxa,Eastern Cape,-31.715458,28.443631,5
shukuna,Shukuna,Eastern Cape,-31.087135,28.576782,5
shwele-shwele,Shwele-Shwele,Eastern Cape,-33.233333,27.5,5
sibera,Sibera,Eastern Cape,-30.428218,28.745054,5
siberia,Siberia,Eastern Cape,-30.428218,28.745054,5
sibhozweni,Sibhozweni,Eastern Cape,-30.82708,29.049832,5
sicwenza,Sicwenza,Eastern Cape,-31.141259,29.564704,5
sidadeni,Sidadeni,Eastern Cape,-30.697178,28.739249,5
sidakeni,Sidakeni,Eastern Cape,-30.592671,28.802309,5
sidanda,Sidanda,Eastern Cape,-31.75857,29.168989,5
sidanga,Sidanga,Eastern Cape,-31.022954,29.950196,5
sidbury,Sidbury,Eastern Cape,-33.421194,26.167439,5
sidiken,Sidiken,Eastern Cape,-30.592671,28.802309,5
sidubi poort,Sidubi Poort,Eastern Cape,-32.03122,27.493888,5
sidutyini,Sidutyini,Eastern Cape,-31.983333,27.45,5
sidwadweni,Sidwadweni,Eastern Cape,-31.35,28.833333,5
sidwell,Sidwell,Eastern Cape,-33.916667,25.583333,5
sieraadsfontein,Sieraadsfontein,Eastern Cape,-31.405555,26.342153,5
sifondile,Sifondile,Eastern Cape,-31.452649,27.622347,5
sigangeni,Sigangeni,Eastern Cape,-31.625909,28.23373,5
sigingeni,Sigingeni,Eastern Cape,-30.703036,29.128501,5
siginggini,Siginggini,Eastern Cape,-30.935072,28.460682,5
sigingini,Sigingini,Eastern Cape,-31.715486,27.936502,5
siginqini,Siginqini,Eastern Cape,-31.469909,27.720843,5
sigitini,Sigitini,Eastern Cape,-32.092607,28.020333,5
sigodini,Sigodini,Eastern Cape,-30.718452,28.524452,5
sigodlweni,Sigodlweni,Eastern Cape,-31.044276,29.708637,5
sigoga,Sigoga,Eastern Cape,-30.412462,28.670233,5
sigogo,Sigogo,Eastern Cape,-30.412462,28.670233,5
sigubudu,Sigubudu,Eastern Cape,-31.625685,28.49119,5
sigubudweni,Sigubudweni,Eastern Cape,-31.625685,28.49119,5
sigubudwini,Sigubudwini,Eastern Cape,-31.625685,28.49119,5
sigundwaneni,Sigundwaneni,Eastern Cape,-30.87304,28.919959,5
sigungqwini,Sigungqwini,Eastern Cape,-31.124367,28.65394,5
sihlabeni,Sihlabeni,Eastern Cape,-31.68021,28.586871,5
sihlahleni,Sihlahleni,Eastern Cape,-30.988382,29.460182,5
sihleza,Sihleza,Eastern Cape,-30.418165,29.722394,5
sihlitho,Sihlitho,Eastern Cape,-31.399154,29.464558,5
sihlito,Sihlito,Eastern Cape,-31.399154,29.464558,5
sihlonyaneni,Sihlonyaneni,Eastern Cape,-30.929783,29.388023,5
sihom,Sihom,Eastern Cape,-31.633333,27.066667,5
sijika,Sijika,Eastern Cape,-30.885609,29.052751,5
sijoka,Sijoka,Eastern Cape,-30.467038,28.715738,5
sikelo,Sikelo,Eastern Cape,-30.838065,29.782533,5
sikelweni,Sikelweni,Eastern Cape,-31.800343,29.333965,5
sikemane,Sikemane,Eastern Cape,-30.838482,29.336997,5
sikewini,Sikewini,Eastern Cape,-30.168057,29.042786,5
sikhepheni,Sikhepheni,Eastern Cape,-30.842959,28.652477,5
sikhetlane,Sikhetlane,Eastern Cape,-30.364129,28.585471,5
sikhulu,Sikhulu,Eastern Cape,-30.895488,29.104554,5
sikobeni,Sikobeni,Eastern Cape,-31.15072,28.937231,5
sikolweni,Sikolweni,Eastern Cape,-30.992891,29.464248,5
sikungwini,Sikungwini,Eastern Cape,-31.52274,28.012145,5
sikweni,Sikweni,Eastern Cape,-30.784123,29.541597,5
sileni,Sileni,Eastern Cape,-31.519063,29.138333,5
silevini,Silevini,Eastern Cape,-31.702846,28.400109,5
silindini,Silindini,Eastern Cape,-30.658426,28.552095,5
silvermere,Silvermere,Eastern Cape,-30.650887,26.135012,5
silverstream,Silverstream,Eastern Cape,-31.207983,26.383438,5
sinangwana,Sinangwana,Eastern Cape,-31.75,29.35,5
singangala,Singangala,Eastern Cape,-32.5,28.183333,5
singeni,Singeni,Eastern Cape,-31.304529,28.553483,5
singumeni,Singumeni,Eastern Cape,-31.395916,28.260659,5
sinqungweni,Sinqungweni,Eastern Cape,-31.124367,28.65394,5
sinuka,Sinuka,Eastern Cape,-31.601647,29.486833,5
sinxago,Sinxago,Eastern Cape,-31.110184,28.60008,5
sinyaqa,Sinyaqa,Eastern Cape,-30.784218,29.012047,5
sipambo basin,Sipambo Basin,Eastern Cape,-30.643602,27.568697,5
sipetu,Sipetu,Eastern Cape,-30.762013,29.544807,5
sipezini,Sipezini,Eastern Cape,-31.160128,29.485588,5
siphaqeni,Siphaqeni,Eastern Cape,-31.080419,29.49522,5
sipilini,Sipilini,Eastern Cape,-30.914886,28.99737,5
sipolweni,Sipolweni,Eastern Cape,-30.716404,29.388191,5
sipundu,Sipundu,Eastern Cape,-30.858761,29.26129,5
sipusipu,Sipusipu,Eastern Cape,-31.459968,29.317549,5
siqhingeni,Siqhingeni,Eastern Cape,-30.803038,29.022439,5
siqikini,Siqikini,Eastern Cape,-31.757616,28.911187,5
siqingeni,Siqingeni,Eastern Cape,-30.625775,29.113379,5
siqitini,Siqitini,Eastern Cape,-30.888166,29.186943,5
sirosheni,Sirosheni,Eastern Cape,-32.266667,28.35,5
sirudlwini,Sirudlwini,Eastern Cape,-30.840096,28.946918,5
sisele,Sisele,Eastern Cape,-30.80659,29.891464,5
sisuza,Sisuza,Eastern Cape,-31.266667,29.133333,5
sitana,Sitana,Eastern Cape,-30.743651,28.848929,5
sitatwini,Sitatwini,Eastern Cape,-32.084497,28.606421,5
sitebe,Sitebe,Eastern Cape,-31.748662,28.305058,5
sithaleni,Sithaleni,Eastern Cape,-30.982236,28.650544,5
sithana,Sithana,Eastern Cape,-31.187262,28.473903,5
sithangameni,Sithangameni,Eastern Cape,-31.035208,28.81015,5
sitishini,Sitishini,Eastern Cape,-32.048637,28.508513,5
sitoleni,Sitoleni,Eastern Cape,-31.491394,28.081747,5
sitoromo,Sitoromo,Eastern Cape,-30.416106,27.533015,5
sitoza,Sitoza,Eastern Cape,-31.595069,28.189182,5
sitshayelweni,Sitshayelweni,Eastern Cape,-31.458422,29.340721,5
sivivane,Sivivane,Eastern Cape,-30.941169,28.791841,5
sixambust,Sixambust,Eastern Cape,-31.859429,29.112748,5
sixambuzi,Sixambuzi,Eastern Cape,-31.859429,29.112748,5
sixhotyeni,Sixhotyeni,Eastern Cape,-30.825093,29.200696,5
sixonkxweni,Sixonkxweni,Eastern Cape,-31.913328,28.933458,5
sixotgeni,Sixotgeni,Eastern Cape,-30.915477,28.371947,5
sixotyeni,Sixotyeni,Eastern Cape,-31.916667,27.583333,5
sixuzulu,Sixuzulu,Eastern Cape,-31.607219,28.336785,5
siyalweni,Siyalweni,Eastern Cape,-30.644303,28.533722,5
siyate,Siyate,Eastern Cape,-31.080302,29.124694,5
sizindini,Sizindini,Eastern Cape,-30.954219,29.545695,5
sizini,Sizini,Eastern Cape,-32.070115,28.362551,5
skietfontein,Skietfontein,Eastern Cape,-31.68383,26.599632,5
skietlegte,Skietlegte,Eastern Cape,-31.662126,25.534288,5
skikplaas,Skikplaas,Eastern Cape,-31.880248,25.974147,5
skilderkrans,Skilderkrans,Eastern Cape,-31.016847,25.983029,5
skisazana,Skisazana,Eastern Cape,-30.522444,27.225982,5
skoemansdrif,Skoemansdrif,Eastern Cape,-31.064882,26.996195,5
skoenmakerskop,Skoenmakerskop,Eastern Cape,-34.040584,25.544203,5
slaapkop,Slaapkop,Eastern Cape,-31.69703,25.856623,5
sleeohoek,Sleeohoek,Eastern Cape,-31.654195,26.31978,5
smaldeel,Smaldeel,Eastern Cape,-31.032733,26.027386,5
smiling valley,Smiling Valley,Eastern Cape,-31.019071,26.784483,5
smithfield,Smithfield,Eastern Cape,-31.583333,25.766667,5
smithsriviere,Smithsriviere,Eastern Cape,-31.777496,26.589277,5
smitsrust,Smitsrust,Eastern Cape,-30.738729,26.323818,5
snakefield,Snakefield,Eastern Cape,-30.216667,28.966667,5
sneezewood,Sneezewood,Eastern Cape,-30.247914,29.622535,5
snymanskraal,Snymanskraal,Eastern Cape,-31.329992,26.817982,5
soetfontein,Soetfontein,Eastern Cape,-31.011119,26.678623,5
somabadi,Somabadi,Eastern Cape,-30.580979,28.603067,5
somerset east,Somerset East,Eastern Cape,-32.721727,25.588041,5
somerset-oos,Somerset-Oos,Eastern Cape,-32.721727,25.588041,5
somerton,Somerton,Eastern Cape,-31.15737,28.38732,5
sonkana,Sonkana,Eastern Cape,-32.5,28.15,5
sonneblom,Sonneblom,Eastern Cape,-30.698436,26.82259,5
sonnig,Sonnig,Eastern Cape,-31.335215,25.549461,5
sonop,Sonop,Eastern Cape,-33.366667,23.683333,5
sonskyn,Sonskyn,Eastern Cape,-31.656918,26.553095,5
sorgvliet,Sorgvliet,Eastern Cape,-31.232521,25.721983,5
soto,Soto,Eastern Cape,-32.696701,28.129954,5
south african national tuberculosis settlement,South African National Tuberculosis Settlement,Eastern Cape,-31.566667,28.8,5
south end,South End,Eastern Cape,-33.973393,25.620363,5
south sand bluff,South Sand Bluff,Eastern Cape,-31.317908,29.972788,5
southdene,Southdene,Eastern Cape,-33.983333,25.616667,5
southernwood,Southernwood,Eastern Cape,-33.002237,27.902545,5
southeyville,Southeyville,Eastern Cape,-31.797216,27.462343,5
southwell,Southwell,Eastern Cape,-31.152154,25.943985,5
souvereign,Souvereign,Eastern Cape,-31.54397,25.887204,5
spandau,Spandau,Eastern Cape,-32.266809,24.531574,5
spandauville,Spandauville,Eastern Cape,-32.266809,24.531574,5
sparkling hills,Sparkling Hills,Eastern Cape,-32.85,28.066667,5
spes bona,Spes Bona,Eastern Cape,-30.767992,25.926367,5
spitskop,Spitskop,Eastern Cape,-30.664541,26.005379,5
spreeufontein,Spreeufontein,Eastern Cape,-31.733333,26.516667,5
spring hill,Spring Hill,Eastern Cape,-32.116667,28.85,5
spring vale,Spring Vale,Eastern Cape,-31.630058,28.67741,5
spring vale south african national tuberculosis settlement,Spring Vale South African National Tuberculosis Settlement,Eastern Cape,-31.630058,28.67741,5
spring valley,Spring Valley,Eastern Cape,-30.774648,26.409097,5
springfield,Springfield,Eastern Cape,-31.170425,25.598782,5
springfontein,Springfontein,Eastern Cape,-30.647786,25.901277,5
springs,Springs,Eastern Cape,-31.466667,28.366667,5
spring's,Spring's,Eastern Cape,-32.461584,28.063725,5
springvale,Springvale,Eastern Cape,-31.182426,25.754708,5
springvale,Springvale,Eastern Cape,-31.717554,25.789744,5
staatsplaas,Staatsplaas,Eastern Cape,-31.683333,27.2,5
steinau,Steinau,Eastern Cape,-31.137856,27.272862,5
sterkfontein,Sterkfontein,Eastern Cape,-31.558276,25.664383,5
sterkspruit,Sterkspruit,Eastern Cape,-30.526512,27.367425,5
sterkstroom,Sterkstroom,Eastern Cape,-31.557139,26.554165,5
sterling park,Sterling Park,Eastern Cape,-31.812832,26.42732,5
stevnsrus,Stevnsrus,Eastern Cape,-31.294845,25.79783,5
stewarton,Stewarton,Eastern Cape,-30.883333,26.2,5
steynsburg,Steynsburg,Eastern Cape,-31.295649,25.823382,5
steynsnek,Steynsnek,Eastern Cape,-31.175417,26.856302,5
steynsrust,Steynsrust,Eastern Cape,-30.856867,26.771302,5
steytlerville,Steytlerville,Eastern Cape,-33.332744,24.34539,5
stillerust,Stillerust,Eastern Cape,-31.108198,26.135173,5
stinkord,Stinkord,Eastern Cape,-30.848402,28.615524,5
stock basin,Stock Basin,Eastern Cape,-31.610634,27.504348,5
stockdale,Stockdale,Eastern Cape,-31.710556,26.048839,5
stockton,Stockton,Eastern Cape,-31.247181,25.53084,5
stokwes basin,Stokwes Basin,Eastern Cape,-31.610634,27.504348,5
stoneleigh,Stoneleigh,Eastern Cape,-31.041533,25.686322,5
stoney croft,Stoney Croft,Eastern Cape,-31.682617,27.320084,5
stoneycroft,Stoneycroft,Eastern Cape,-30.810979,26.343684,5
stormberg,Stormberg,Eastern Cape,-31.283333,26.283333,5
storms river,Storms River,Eastern Cape,-33.973789,23.886632,5
stormsrivier,Stormsrivier,Eastern Cape,-33.973789,23.886632,5
stormsriviermond,Stormsriviermond,Eastern Cape,-34.019898,23.896281,5
strathfield,Strathfield,Eastern Cape,-31.568734,26.680767,5
strydfontein,Strydfontein,Eastern Cape,-30.798355,26.947665,5
studtis,Studtis,Eastern Cape,-33.545312,23.983182,5
stutterheim,Stutterheim,Eastern Cape,-32.57076,27.423961,5
sugarbush,Sugarbush,Eastern Cape,-30.818554,29.202893,5
suger bush,Suger Bush,Eastern Cape,-30.818554,29.202893,5
suideinde,Suideinde,Eastern Cape,-33.973393,25.620363,5
sulenkama,Sulenkama,Eastern Cape,-31.017873,28.686056,5
summer pride,Summer Pride,Eastern Cape,-30.695572,26.474169,5
summerstrand,Summerstrand,Eastern Cape,-33.990685,25.66376,5
sunduza,Sunduza,Eastern Cape,-32.133333,28.683333,5
sunduzi,Sunduzi,Eastern Cape,-32.133333,28.683333,5
sundwana,Sundwana,Eastern Cape,-31.472279,28.060803,5
sundwane,Sundwane,Eastern Cape,-31.472279,28.060803,5
sunland,Sunland,Eastern Cape,-33.516667,25.616667,5
sunlands,Sunlands,Eastern Cape,-33.936798,25.402285,5
sunny ridge,Sunny Ridge,Eastern Cape,-31.607249,26.628913,5
sunnyridge,Sunnyridge,Eastern Cape,-33.03989,27.8536,5
sunnyside,Sunnyside,Eastern Cape,-31.337809,26.334916,5
sunray,Sunray,Eastern Cape,-32.627204,28.163629,5
sunridge park,Sunridge Park,Eastern Cape,-33.953986,25.529485,5
sunrise,Sunrise,Eastern Cape,-33.096223,27.675438,5
sunrise-on-sea,Sunrise-on-Sea,Eastern Cape,-32.919607,28.050271,5
sutcliffe vale,Sutcliffe Vale,Eastern Cape,-32.646102,28.206805,5
suurberg,Suurberg,Eastern Cape,-31.180327,25.626646,5
suurfontein,Suurfontein,Eastern Cape,-31.33085,26.15221,5
swaelkrans,Swaelkrans,Eastern Cape,-31.359289,26.390287,5
swakfontein,Swakfontein,Eastern Cape,-31.136923,26.962158,5
swane,Swane,Eastern Cape,-30.946627,29.649401,5
swane ridge,Swane Ridge,Eastern Cape,-30.945338,29.656995,5
swanepoelskraal,Swanepoelskraal,Eastern Cape,-33.44058,25.689706,5
swani ridge,Swani Ridge,Eastern Cape,-30.945338,29.656995,5
swartfontein,Swartfontein,Eastern Cape,-30.711733,26.94642,5
swartkop,Swartkop,Eastern Cape,-30.861537,26.898077,5
swartkops,Swartkops,Eastern Cape,-33.864057,25.601104,5
swartlaagte,Swartlaagte,Eastern Cape,-30.44431,27.482136,5
swartwater,Swartwater,Eastern Cape,-31.674641,26.836143,5
swazini,Swazini,Eastern Cape,-30.65546,28.842828,5
sweetlayini,Sweetlayini,Eastern Cape,-31.75,27.716667,5
swinburne,Swinburne,Eastern Cape,-33.915148,25.397057,5
sydenham,Sydenham,Eastern Cape,-33.925263,25.60223,5
synmanskraal,Synmanskraal,Eastern Cape,-31.352688,26.802604,5
tabankulu,Tabankulu,Eastern Cape,-30.958745,29.302209,5
tabas,Tabas,Eastern Cape,-30.524965,28.327818,5
tabase,Tabase,Eastern Cape,-30.524965,28.327818,5
tabase nek,Tabase Nek,Eastern Cape,-31.560088,28.588976,5
tabazini,Tabazini,Eastern Cape,-31.746873,27.787516,5
tafalehashe,Tafalehashe,Eastern Cape,-32.023517,28.947452,5
tafalehashi,Tafalehashi,Eastern Cape,-32.023517,28.947452,5
tafani,Tafani,Eastern Cape,-31.76572,28.687469,5
tafelberg,Tafelberg,Eastern Cape,-30.729141,26.860338,5
tafelehashe,Tafelehashe,Eastern Cape,-32.023517,28.947452,5
tafelkop,Tafelkop,Eastern Cape,-31.515953,25.738998,5
tafeni,Tafeni,Eastern Cape,-31.532469,27.452416,5
takazi,Takazi,Eastern Cape,-32.530058,28.431594,5
takazidrif,Takazidrif,Eastern Cape,-32.530058,28.431594,5
tala,Tala,Eastern Cape,-31.835974,28.970135,5
talemofu,Talemofu,Eastern Cape,-32.0157,29.015345,5
taleni,Taleni,Eastern Cape,-30.999933,29.198141,5
taleni school,Taleni School,Eastern Cape,-32.133333,28.416667,5
taleni skool,Taleni Skool,Eastern Cape,-32.133333,28.416667,5
tamacha,Tamacha,Eastern Cape,-32.962772,27.212097,5
tamaha,Tamaha,Eastern Cape,-32.962772,27.212097,5
tamara,Tamara,Eastern Cape,-32.962772,27.212097,5
tambekeni,Tambekeni,Eastern Cape,-31.67344,28.359396,5
tanga,Tanga,Eastern Cape,-31.265656,29.940194,5
tapoleng,Tapoleng,Eastern Cape,-30.539567,27.360188,5
tarkabrug,Tarkabrug,Eastern Cape,-32.320233,25.743531,5
tarkastad,Tarkastad,Eastern Cape,-32.008927,26.259346,5
tarleni,Tarleni,Eastern Cape,-32.183333,28.416667,5
taswana,Taswana,Eastern Cape,-30.819741,29.933507,5
tatsi,Tatsi,Eastern Cape,-31.983333,27.533333,5
taylerville,Taylerville,Eastern Cape,-30.167465,29.062427,5
taynult,Taynult,Eastern Cape,-31.488395,27.926858,5
teba,Teba,Eastern Cape,-32.73722,26.614197,5
teko springs,Teko Springs,Eastern Cape,-32.376642,28.303164,5
tekoe skool,Tekoe Skool,Eastern Cape,-32.376642,28.303164,5
tekweni,Tekweni,Eastern Cape,-31.658327,29.393259,5
tekwini,Tekwini,Eastern Cape,-31.658327,29.393259,5
telegap,Telegap,Eastern Cape,-31.9,28.483333,5
telle falls,Telle Falls,Eastern Cape,-30.62815,27.829322,5
tembeni,Tembeni,Eastern Cape,-31.05,29.583333,5
tembugazi,Tembugazi,Eastern Cape,-31.366948,29.241913,5
tembukazi,Tembukazi,Eastern Cape,-31.366948,29.241913,5
temple vale,Temple Vale,Eastern Cape,-31.7,25.9,5
templehorn,Templehorn,Eastern Cape,-30.788245,28.256317,5
templerhorn,Templerhorn,Eastern Cape,-30.788245,28.256317,5
templerhorne,TemplerHorne,Eastern Cape,-30.788245,28.256317,5
templeton,Templeton,Eastern Cape,-31.336519,26.377495,5
teneriffe,Teneriffe,Eastern Cape,-30.717031,26.666794,5
tenza,Tenza,Eastern Cape,-32.02114,28.222868,5
teresa,Teresa,Eastern Cape,-30.433333,27.466667,5
tereseng,Tereseng,Eastern Cape,-30.233333,28.583333,5
teviot,Teviot,Eastern Cape,-31.683333,25.616667,5
thaba chicha,Thaba Chicha,Eastern Cape,-30.363901,28.392773,5
thaba chitja,Thaba Chitja,Eastern Cape,-30.363901,28.392773,5
thaba koloi,Thaba Koloi,Eastern Cape,-30.582574,27.090148,5
thabakhubelu,Thabakhubelu,Eastern Cape,-30.654263,28.275364,5
thabana,Thabana,Eastern Cape,-30.379255,28.34357,5
thabaputsoa,Thabaputsoa,Eastern Cape,-30.691645,28.444312,5
thabeng,Thabeng,Eastern Cape,-30.515314,28.638564,5
thafa-lofefe,Thafa-Lofefe,Eastern Cape,-32.430148,28.47425,5
thala,Thala,Eastern Cape,-32.484042,28.168492,5
thaleni,Thaleni,Eastern Cape,-32.183333,28.416667,5
thaleni school,Thaleni School,Eastern Cape,-32.133333,28.416667,5
thaweni,Thaweni,Eastern Cape,-30.433333,28.683333,5
the downs,The Downs,Eastern Cape,-31.516667,26.7,5
the glen,The Glen,Eastern Cape,-31.104439,25.801874,5
the gums,The Gums,Eastern Cape,-30.333333,28.75,5
the haven,The Haven,Eastern Cape,-32.238438,28.916258,5
the home,The Home,Eastern Cape,-31.343817,28.183126,5
the home kroon,The Home Kroon,Eastern Cape,-31.343817,28.183126,5
the kowie,The Kowie,Eastern Cape,-33.590572,26.891037,5
the meadows,The Meadows,Eastern Cape,-31.533333,25.566667,5
the mill,The Mill,Eastern Cape,-31.783333,27.033333,5
the retreat,The Retreat,Eastern Cape,-31.916667,26.966667,5
the springs,The Springs,Eastern Cape,-33.70207,25.436584,5
the vlei,The Vlei,Eastern Cape,-31.172313,29.687645,5
the willows,The Willows,Eastern Cape,-31.464612,27.780082,5
thebus waters,Thebus Waters,Eastern Cape,-31.384937,25.680203,5
thembekeni,Thembekeni,Eastern Cape,-30.590661,28.461765,5
thembeni,Thembeni,Eastern Cape,-30.550158,28.415026,5
thokwana,Thokwana,Eastern Cape,-30.657728,28.335129,5
thomas river,Thomas River,Eastern Cape,-32.451864,27.25292,5
thomasrivier,Thomasrivier,Eastern Cape,-32.451864,27.25292,5
thombo,Thombo,Eastern Cape,-31.625296,29.391478,5
thomson,Thomson,Eastern Cape,-32.016667,28.55,5
thorn drift,Thorn Drift,Eastern Cape,-32.333333,28.183333,5
thorn ridge,Thorn Ridge,Eastern Cape,-32.916667,28.016667,5
thorndale,Thorndale,Eastern Cape,-32.715354,26.862219,5
thorneycroft,Thorneycroft,Eastern Cape,-31.930809,26.580245,5
thornham,Thornham,Eastern Cape,-33.975357,23.956095,5
thornlands,Thornlands,Eastern Cape,-31.783516,27.095274,5
thornville,Thornville,Eastern Cape,-31.976558,28.177539,5
thornwood,Thornwood,Eastern Cape,-31.940481,25.501811,5
thwa,Thwa,Eastern Cape,-30.819116,28.900155,5
thwalikhulu,Thwalikhulu,Eastern Cape,-31.967646,28.976092,5
tierhoek,Tierhoek,Eastern Cape,-30.916667,26.65,5
tiger ridge,Tiger Ridge,Eastern Cape,-31.304388,26.878265,5
tigerhoek,Tigerhoek,Eastern Cape,-30.319598,29.629771,5
tilwortb,Tilwortb,Eastern Cape,-30.96772,26.306109,5
timane,Timane,Eastern Cape,-32.033333,28.316667,5
timani,Timani,Eastern Cape,-32.027836,28.271588,5
tina,Tina,Eastern Cape,-30.866667,28.75,5
tina bridge,Tina Bridge,Eastern Cape,-31.073763,28.892427,5
tina falls,Tina Falls,Eastern Cape,-31.217872,29.026406,5
tinana,Tinana,Eastern Cape,-30.539647,28.438608,5
tinislokasie,Tinislokasie,Eastern Cape,-32.766667,26.633333,5
tintwa,Tintwa,Eastern Cape,-31.127517,28.755765,5
toboni skool,Toboni Skool,Eastern Cape,-32.116667,28.05,5
tobotshana,Tobotshana,Eastern Cape,-32.354975,28.162266,5
toekoms,Toekoms,Eastern Cape,-30.992171,26.205005,5
tokwana,Tokwana,Eastern Cape,-30.657728,28.335129,5
toleni,Toleni,Eastern Cape,-30.951927,28.894872,5
tolfelberg,Tolfelberg,Eastern Cape,-31.376968,25.648721,5
tolkop,Tolkop,Eastern Cape,-30.855227,25.850879,5
tombo,Tombo,Eastern Cape,-31.625296,29.391478,5
tonti,Tonti,Eastern Cape,-30.865894,29.439207,5
toorkop,Toorkop,Eastern Cape,-31.866287,26.324527,5
topiya,Topiya,Eastern Cape,-30.921818,29.571547,5
tora,Tora,Eastern Cape,-31.905774,28.142731,5
towerhill,Towerhill,Eastern Cape,-32.796384,28.023282,5
trennerys,Trennerys,Eastern Cape,-32.634733,28.426701,5
trennerys hotel,Trennerys Hotel,Eastern Cape,-32.634733,28.426701,5
triple streams,Triple Streams,Eastern Cape,-30.972206,28.566464,5
trumpeters,Trumpeters,Eastern Cape,-33.23466,26.956906,5
trumpeters drift,Trumpeters drift,Eastern Cape,-33.23466,26.956906,5
trust,Trust,Eastern Cape,-31.456252,27.603529,5
try again,Try Again,Eastern Cape,-32.674899,28.033722,5
tsakana,Tsakana,Eastern Cape,-31.868304,27.45522,5
tsalaaba,Tsalaaba,Eastern Cape,-31.574804,28.031456,5
tsalaba,Tsalaba,Eastern Cape,-31.574804,28.031456,5
tsatsana,Tsatsana,Eastern Cape,-30.653336,28.208813,5
tsawana,Tsawana,Eastern Cape,-30.819741,29.933507,5
tsembeyi,Tsembeyi,Eastern Cape,-31.589052,27.022604,5
tsengiwe,Tsengiwe,Eastern Cape,-31.573202,27.659202,5
tshabo,Tshabo,Eastern Cape,-32.933333,27.5,5
tshamazimba,Tshamazimba,Eastern Cape,-31.557215,27.152995,5
tshandtshe,Tshandtshe,Eastern Cape,-31.343404,29.512952,5
tshani,Tshani,Eastern Cape,-31.931291,29.206113,5
tshatshu,Tshatshu,Eastern Cape,-31.866828,27.200611,5
tshazibane,Tshazibane,Eastern Cape,-32.079493,28.212798,5
tshikitsha,Tshikitsha,Eastern Cape,-30.917997,28.541495,5
tshisane,Tshisane,Eastern Cape,-30.60814,28.729655,5
tshoana,Tshoana,Eastern Cape,-30.4,28.35,5
tsholora,Tsholora,Eastern Cape,-32.116667,28.766667,5
tshukutshezi,Tshukutshezi,Eastern Cape,-31.443955,27.662518,5
tsitsa,Tsitsa,Eastern Cape,-31.07282,28.491326,5
tsitsa bridge,Tsitsa Bridge,Eastern Cape,-31.240523,28.848317,5
tsitsa hill,Tsitsa Hill,Eastern Cape,-31.233333,28.85,5
tsitsabrug,Tsitsabrug,Eastern Cape,-31.240523,28.848317,5
tsitsikamma,Tsitsikamma,Eastern Cape,-32.220365,26.56967,5
tsitsong,Tsitsong,Eastern Cape,-30.232678,28.811606,5
tsitweni,Tsitweni,Eastern Cape,-30.232678,28.811606,5
tsoelike,Tsoelike,Eastern Cape,-30.649777,28.234974,5
tsojana,Tsojana,Eastern Cape,-31.941547,27.778161,5
tsolo,Tsolo,Eastern Cape,-31.307811,28.755409,5
tsolobeng,Tsolobeng,Eastern Cape,-30.64186,28.472126,5
tsolokasi,Tsolokasi,Eastern Cape,-31.883413,27.184457,5
tsolokazi,Tsolokazi,Eastern Cape,-31.883413,27.184457,5
tsomo,Tsomo,Eastern Cape,-32.036785,27.819944,5
tsweleni,Tsweleni,Eastern Cape,-31.238643,29.557905,5
tubeni,Tubeni,Eastern Cape,-32.05,28.733333,5
tugela,Tugela,Eastern Cape,-30.633333,27.216667,5
tukela,Tukela,Eastern Cape,-31.643367,28.88239,5
tuku,Tuku,Eastern Cape,-33.246997,27.295571,5
tungwana,Tungwana,Eastern Cape,-31.967325,28.791516,5
tungwane,Tungwane,Eastern Cape,-31.998712,28.837278,5
tunxe,Tunxe,Eastern Cape,-31.604851,28.606472,5
tunzini,Tunzini,Eastern Cape,-32.066667,28.583333,5
turveys post,Turveys Post,Eastern Cape,-31.886207,26.579981,5
tutura,Tutura,Eastern Cape,-32.383333,28.233333,5
tuwa,Tuwa,Eastern Cape,-33.252492,27.376258,5
twane,Twane,Eastern Cape,-31.601236,28.32225,5
twazi,Twazi,Eastern Cape,-31.071789,29.565104,5
twee riviere,Twee Riviere,Eastern Cape,-33.840435,23.893264,5
twee rivieren,Twee Rivieren,Eastern Cape,-33.840435,23.893264,5
tweedam,Tweedam,Eastern Cape,-30.844242,26.877024,5
tweefontein,Tweefontein,Eastern Cape,-31.260874,26.402271,5
tweekoppies,Tweekoppies,Eastern Cape,-30.82606,25.832112,5
tweerivieren,Tweerivieren,Eastern Cape,-31.506554,26.054905,5
two rivers,Two Rivers,Eastern Cape,-33.840435,23.893264,5
two streams,Two Streams,Eastern Cape,-31.465217,27.564275,5
tyara,Tyara,Eastern Cape,-31.479953,28.991607,5
tyata,Tyata,Eastern Cape,-33.073571,27.36134,5
tyelebane,Tyelebane,Eastern Cape,-31.797985,28.39392,5
tyeni,Tyeni,Eastern Cape,-30.883333,28.583333,5
tyinindini,Tyinindini,Eastern Cape,-30.565811,27.565894,5
tyira,Tyira,Eastern Cape,-31.135395,28.790403,5
tyityaba,Tyityaba,Eastern Cape,-32.567186,28.087304,5
tyityane,Tyityane,Eastern Cape,-31.540435,29.437043,5
tyiw,Tyiw,Eastern Cape,-32.166667,28.683333,5
tylden,Tylden,Eastern Cape,-32.115282,27.07072,5
tyolo,Tyolo,Eastern Cape,-31.94892,28.76603,5
tyolweni,Tyolweni,Eastern Cape,-31.700911,28.498319,5
tyumbu,Tyumbu,Eastern Cape,-31.648654,28.793824,5
tyusha,Tyusha,Eastern Cape,-32.764935,27.318002,5
tyutyuza,Tyutyuza,Eastern Cape,-32.790779,26.928601,5
ugie,Ugie,Eastern Cape,-31.198088,28.233511,5
uitenhage,Uitenhage,Eastern Cape,-33.75757,25.397099,5
uitkeer,Uitkeer,Eastern Cape,-32.766667,25.666667,5
uitkoms,Uitkoms,Eastern Cape,-32.747663,24.655329,5
uitkomst,Uitkomst,Eastern Cape,-32.747663,24.655329,5
uitkyk,Uitkyk,Eastern Cape,-30.758235,25.99937,5
uitryk,Uitryk,Eastern Cape,-31.453447,26.475487,5
uitsig,Uitsig,Eastern Cape,-30.834229,26.757068,5
uluxa,Uluxa,Eastern Cape,-30.916667,28.483333,5
umdikane,Umdikane,Eastern Cape,-31.819677,29.261281,5
umfanta,Umfanta,Eastern Cape,-30.718236,28.546822,5
umga flats,Umga Flats,Eastern Cape,-31.437299,28.366718,5
umgazana,Umgazana,Eastern Cape,-31.639428,29.309822,5
umgomanzi,Umgomanzi,Eastern Cape,-32.290631,28.067338,5
umgwali reserve,Umgwali Reserve,Eastern Cape,-32.444656,27.576255,5
umnga flats,Umnga Flats,Eastern Cape,-31.437299,28.366718,5
umngazana,Umngazana,Eastern Cape,-31.688519,29.385225,5
umngazi mouth,Umngazi Mouth,Eastern Cape,-31.672683,29.454194,5
umsigazi school,Umsigazi School,Eastern Cape,-32.45,28.233333,5
umtakatyi,Umtakatyi,Eastern Cape,-31.846348,29.246577,5
umtamvana,Umtamvana,Eastern Cape,-30.73232,29.825313,5
umtata,Umtata,Eastern Cape,-31.588926,28.784431,5
umtata mouth,Umtata Mouth,Eastern Cape,-31.945467,29.198673,5
umtati,Umtati,Eastern Cape,-32.933333,27.166667,5
umtwakazi,Umtwakazi,Eastern Cape,-32.383333,26.616667,5
umzimkulu,Umzimkulu,Eastern Cape,-30.26081,29.940216,5
umzimvubu,Umzimvubu,Eastern Cape,-31.622911,29.544772,5
umzinhlavan,Umzinhlavan,Eastern Cape,-31.411734,29.482307,5
uniedal,Uniedal,Eastern Cape,-30.879389,26.972837,5
union,Union,Eastern Cape,-31.408406,28.147719,5
uniondale,Uniondale,Eastern Cape,-31.021382,29.317549,5
upper agnes,Upper Agnes,Eastern Cape,-31.656897,27.064458,5
upper bisi,Upper Bisi,Eastern Cape,-30.291577,29.725455,5
upper bolotwa,Upper Bolotwa,Eastern Cape,-31.890264,28.254188,5
upper cala,Upper Cala,Eastern Cape,-31.531783,27.573896,5
upper ciko,Upper Ciko,Eastern Cape,-32.255685,28.552718,5
upper clifton,Upper Clifton,Eastern Cape,-32.33059,26.132706,5
upper didimana,Upper Didimana,Eastern Cape,-32.150906,26.573075,5
upper gretna,Upper Gretna,Eastern Cape,-31.506154,26.616201,5
upper gungulu,Upper Gungulu,Eastern Cape,-31.429524,28.860576,5
upper gungululu,Upper Gungululu,Eastern Cape,-31.429524,28.860576,5
upper gwadu,Upper Gwadu,Eastern Cape,-32.2,28.633333,5
upper lonely,Upper Lonely,Eastern Cape,-31.75,25.683333,5
upper mcambala,Upper Mcambala,Eastern Cape,-31.883333,27.516667,5
upper mcambalala,Upper Mcambalala,Eastern Cape,-31.883333,27.516667,5
upper mjika,Upper Mjika,Eastern Cape,-31.373655,28.608632,5
upper mkata,Upper Mkata,Eastern Cape,-31.286792,29.388172,5
upper mnyolo,Upper Mnyolo,Eastern Cape,-31.455036,28.287657,5
upper ncuncuzo,Upper Ncuncuzo,Eastern Cape,-31.89263,27.624336,5
upper ndonga,Upper Ndonga,Eastern Cape,-31.652956,27.31559,5
upper ndwana,Upper Ndwana,Eastern Cape,-31.551288,27.515026,5
upper ngqwara,Upper Ngqwara,Eastern Cape,-31.747219,28.734166,5
upper nywara,Upper Nywara,Eastern Cape,-31.953008,28.328793,5
upper qora,Upper Qora,Eastern Cape,-32.2,28.25,5
upper qumanco,Upper Qumanco,Eastern Cape,-31.796918,27.821322,5
upper rabula,Upper Rabula,Eastern Cape,-32.716667,27.2,5
upper roza,Upper Roza,Eastern Cape,-31.2,28.9,5
upper sinxago,Upper Sinxago,Eastern Cape,-31.150909,28.593178,5
upper tabase,Upper Tabase,Eastern Cape,-31.560088,28.588976,5
upper telle,Upper Telle,Eastern Cape,-30.595885,27.736667,5
upper tsitana,Upper Tsitana,Eastern Cape,-30.832161,28.301844,5
upper tsitsana,Upper Tsitsana,Eastern Cape,-30.832161,28.301844,5
upper tsojana,Upper Tsojana,Eastern Cape,-31.916667,27.666667,5
upper umjika,Upper Umjika,Eastern Cape,-31.373655,28.608632,5
upper xongora,Upper Xongora,Eastern Cape,-31.677031,28.522142,5
uvongo,Uvongo,Eastern Cape,-31.408473,26.586536,5
vaalbank,Vaalbank,Eastern Cape,-30.762164,26.323185,5
vaalblok,Vaalblok,Eastern Cape,-32.590838,25.143682,5
vaaldrift,Vaaldrift,Eastern Cape,-31.5899,25.566575,5
vaalpoort,Vaalpoort,Eastern Cape,-30.82116,25.944385,5
vaku,Vaku,Eastern Cape,-32.651097,28.40028,5
valdai hills,Valdai Hills,Eastern Cape,-31.345478,26.203461,5
vale end,Vale End,Eastern Cape,-31.705891,26.084462,5
valelo's rest,Valelo's Rest,Eastern Cape,-31.733333,27.35,5
valley view,Valley View,Eastern Cape,-31.347898,29.358476,5
valray,Valray,Eastern Cape,-32.016667,28.833333,5
van de merwes fontein,Van de Merwes Fontein,Eastern Cape,-31.239015,26.941105,5
van der kemp,Van Der Kemp,Eastern Cape,-32.816667,28.1,5
van riebeekhoogte,Van Riebeekhoogte,Eastern Cape,-33.7675,25.414444,5
van stadensriviermond,Van Stadensriviermond,Eastern Cape,-33.968059,25.221946,5
van vuurenshoek,Van Vuurenshoek,Eastern Cape,-31.740108,25.97173,5
van zyls kraal,Van Zyls Kraal,Eastern Cape,-31.287657,26.806078,5
veelsgeluk,Veelsgeluk,Eastern Cape,-31.228429,26.808945,5
veeplaas,Veeplaas,Eastern Cape,-33.866667,25.566667,5
veeplaats,Veeplaats,Eastern Cape,-33.866667,25.566667,5
veepos,Veepos,Eastern Cape,-31.266667,25.916667,5
vegkoppies,Vegkoppies,Eastern Cape,-31.313047,26.257069,5
velebi,Velebi,Eastern Cape,-32.416667,28.416667,5
venter fontein,Venter Fontein,Eastern Cape,-30.6,26.433333,5
ventersdam,Ventersdam,Eastern Cape,-31.286498,26.764398,5
ventershoop,Ventershoop,Eastern Cape,-30.933753,25.962955,5
ventersrus,Ventersrus,Eastern Cape,-31.22922,26.898693,5
ventersrust,Ventersrust,Eastern Cape,-31.476207,27.406151,5
venterstad,Venterstad,Eastern Cape,-30.776187,25.799231,5
venus,Venus,Eastern Cape,-30.900656,26.612374,5
verdien,Verdien,Eastern Cape,-31.53673,26.701053,5
verdun,Verdun,Eastern Cape,-30.739607,26.538348,5
vereeniging,Vereeniging,Eastern Cape,-31.533333,26.2,5
vermaakfontein,Vermaakfontein,Eastern Cape,-30.717144,26.329754,5
vermont,Vermont,Eastern Cape,-30.724181,26.1505,5
vernon's post,Vernon's Post,Eastern Cape,-31.647495,28.959352,5
verstersfontein,Verstersfontein,Eastern Cape,-31.063348,25.663945,5
villiera,Villiera,Eastern Cape,-31.153799,26.574161,5
villiersrust,Villiersrust,Eastern Cape,-31.073813,26.976113,5
vinitsh,Vinitsh,Eastern Cape,-31.787405,29.216921,5
visrivier,Visrivier,Eastern Cape,-31.912038,25.416824,5
vista,Vista,Eastern Cape,-32.797512,28.056435,5
vleiland,Vleiland,Eastern Cape,-31.81383,26.479148,5
voelfontein,Voëlfontein,Eastern Cape,-30.903955,25.853219,5
vogelstruisleegte,Vogelstruisleegte,Eastern Cape,-33.087945,23.449395,5
volstruisleegte,Volstruisleegte,Eastern Cape,-33.087945,23.449395,5
vondeling,Vondeling,Eastern Cape,-33,23.116667,5
voorspoed,Voorspoed,Eastern Cape,-31.351735,25.855163,5
vosloosrust,Vosloosrust,Eastern Cape,-31.732917,26.523933,5
voyizane,Voyizane,Eastern Cape,-30.560628,27.419607,5
vrede,Vrede,Eastern Cape,-31.388215,25.815778,5
vrederus,Vrederus,Eastern Cape,-31.824636,25.667123,5
vredevlei,Vredevlei,Eastern Cape,-31.366483,26.363648,5
vreeniging,Vreeniging,Eastern Cape,-31.538689,25.876149,5
vrolikskop,Vrolikskop,Eastern Cape,-31.754854,25.747343,5
vrolykskraal,Vrolykskraal,Eastern Cape,-31.528016,26.111136,5
vryheid,Vryheid,Eastern Cape,-31.538548,26.746474,5
vuso,Vuso,Eastern Cape,-32.563661,28.222047,5
waaiheuvel,Waaiheuvel,Eastern Cape,-33.533333,26.3,5
walaza,Walaza,Eastern Cape,-30.411894,27.353328,5
walkersvale,Walkersvale,Eastern Cape,-32.592123,26.268351,5
walmer,Walmer,Eastern Cape,-33.977046,25.588969,5
walmer heights,Walmer Heights,Eastern Cape,-34,25.55,5
walsingham,Walsingham,Eastern Cape,-31.47014,26.915302,5
waltersfontein,Waltersfontein,Eastern Cape,-31.684282,25.58406,5
wapadspoort,Wapadspoort,Eastern Cape,-33.283333,23.35,5
waqu,Waqu,Eastern Cape,-31.612087,28.373623,5
wartburg reserve,Wartburg Reserve,Eastern Cape,-32.449715,27.419213,5
wasbank,Wasbank,Eastern Cape,-30.779024,26.055417,5
waterdale,Waterdale,Eastern Cape,-32.280561,28.234901,5
waterford,Waterford,Eastern Cape,-33.076193,25.010173,5
waterkloof,Waterkloof,Eastern Cape,-31.683333,26.05,5
waterlea,Waterlea,Eastern Cape,-31.549923,25.537266,5
waterside,Waterside,Eastern Cape,-31.064433,26.196301,5
waterval,Waterval,Eastern Cape,-30.751429,26.596751,5
watervlei,Watervlei,Eastern Cape,-31.001221,26.52992,5
wattle grove,Wattle Grove,Eastern Cape,-32.076774,29.014,5
wavecrest,Wavecrest,Eastern Cape,-32.585133,28.52301,5
waverley,Waverley,Eastern Cape,-31.933333,26.433333,5
webster,Webster,Eastern Cape,-33.166667,25.633333,5
websters,Websters,Eastern Cape,-33.166667,25.633333,5
weigmoed,Weigmoed,Eastern Cape,-30.711127,26.045468,5
welgerus,Welgerus,Eastern Cape,-33.256995,24.007285,5
welgesien,Welgesien,Eastern Cape,-31.282512,26.50568,5
welkom,Welkom,Eastern Cape,-31.35478,25.663952,5
wellington,Wellington,Eastern Cape,-30.884205,26.430575,5
wellshot,Wellshot,Eastern Cape,-32.145955,28.384803,5
weltevrede,Weltevrede,Eastern Cape,-30.687524,26.137777,5
weltevreden,Weltevreden,Eastern Cape,-30.331992,28.380864,5
welverdien,Welverdien,Eastern Cape,-31.813994,25.66949,5
welverdiend,Welverdiend,Eastern Cape,-31.957173,26.781802,5
werda,Werda,Eastern Cape,-30.841802,26.733368,5
wesley,Wesley,Eastern Cape,-33.319492,27.339623,5
west bank,West Bank,Eastern Cape,-33.034431,27.907455,5
west burn,West Burn,Eastern Cape,-31.996927,25.556566,5
west hill,West Hill,Eastern Cape,-33.3,26.5,5
westering,Westering,Eastern Cape,-33.938344,25.521446,5
westerling,Westerling,Eastern Cape,-33.938344,25.521446,5
weston,Weston,Eastern Cape,-33.983333,24.866667,5
westview heights,Westview Heights,Eastern Cape,-33.6,26.883333,5
weza,Weza,Eastern Cape,-32.249486,28.477095,5
wheatlands,Wheatlands,Eastern Cape,-33.642899,24.94923,5
whilton valley,Whilton Valley,Eastern Cape,-30.803697,26.727747,5
white house,White House,Eastern Cape,-31.334627,25.622306,5
whitmore,Whitmore,Eastern Cape,-31.585429,28.284692,5
whittlesea,Whittlesea,Eastern Cape,-32.175877,26.824372,5
wicksdale,Wicksdale,Eastern Cape,-31.351754,29.02243,5
wildebeestekuil noord,Wildebeestekuil Noord,Eastern Cape,-31.852912,25.77732,5
wildehondefontein,Wildehondefontein,Eastern Cape,-31.907149,25.853778,5
wildene,Wildene,Eastern Cape,-32.642256,28.12858,5
wilgerboom,Wilgerboom,Eastern Cape,-31.274883,25.829575,5
wilgerboschdam,Wilgerboschdam,Eastern Cape,-31.793776,25.959985,5
wilgerbosdam,Wilgerbosdam,Eastern Cape,-31.766667,26.016667,5
willow park,Willow Park,Eastern Cape,-31.500792,26.943949,5
willow spring,Willow Spring,Eastern Cape,-32.443471,28.062594,5
willow springs,Willow Springs,Eastern Cape,-32.443471,28.062594,5
willowdale,Willowdale,Eastern Cape,-31.462175,27.041236,5
willowmore,Willowmore,Eastern Cape,-33.292647,23.489537,5
willownook,Willownook,Eastern Cape,-31.324795,26.663102,5
willows,Willows,Eastern Cape,-34.043902,25.608621,5
willowvale,Willowvale,Eastern Cape,-30.716667,26.816667,5
wilo,Wilo,Eastern Cape,-31.880831,28.96757,5
windbreak,Windbreak,Eastern Cape,-33.127488,27.567426,5
windsor,Windsor,Eastern Cape,-32.944956,26.606023,5
windy ridge,Windy Ridge,Eastern Cape,-31.75,25.583333,5
winterborn,Winterborn,Eastern Cape,-31.393099,26.576827,5
wintersrust,Wintersrust,Eastern Cape,-31.451343,26.097168,5
winterstrand,Winterstrand,Eastern Cape,-33.094737,27.790962,5
witbank,Witbank,Eastern Cape,-31.104357,26.862583,5
witelsbos,Witelsbos,Eastern Cape,-33.995161,24.113945,5
witfontein,Witfontein,Eastern Cape,-31.163558,26.615302,5
witkleibos,Witkleibos,Eastern Cape,-34.066667,24.45,5
witkoppies,Witkoppies,Eastern Cape,-30.831763,26.91711,5
witle-els-bosch,Witle-Els-Bosch,Eastern Cape,-33.995161,24.113945,5
witte kley bos,Witte Kley Bos,Eastern Cape,-34.066667,24.45,5
witt-els-bosch,Witt-Els-Bosch,Eastern Cape,-33.995161,24.113945,5
wofisi,Wofisi,Eastern Cape,-31.042061,29.64105,5
wolf river,Wolf River,Eastern Cape,-32.676369,27.037708,5
woltemade,Woltemade,Eastern Cape,-31.697289,26.478728,5
wolwefontein,Wolwefontein,Eastern Cape,-31.233368,26.659091,5
wolwehoek,Wolwehoek,Eastern Cape,-31.365437,26.093273,5
wolwekloof,Wolwekloof,Eastern Cape,-31.361595,25.975186,5
wolweplaat,Wolweplaat,Eastern Cape,-31.071121,26.171034,5
wonderboom,Wonderboom,Eastern Cape,-30.642823,27.014491,5
woodcliff,Woodcliff,Eastern Cape,-30.996876,28.183728,5
woodcliffs,Woodcliffs,Eastern Cape,-30.996876,28.183728,5
woodlands,Woodlands,Eastern Cape,-30.952963,26.428484,5
worthing,Worthing,Eastern Cape,-33.166667,27.333333,5
xabane,Xabane,Eastern Cape,-31.397013,28.681344,5
xabara,Xabara,Eastern Cape,-31.397013,28.681344,5
xama,Xama,Eastern Cape,-32.033333,28.716667,5
xamini,Xamini,Eastern Cape,-33.166667,27.533333,5
xamnyiba,Xamnyiba,Eastern Cape,-30.972063,29.337087,5
xanxo,Xanxo,Eastern Cape,-32.078281,29.004998,5
xaxazana,Xaxazana,Eastern Cape,-30.574054,28.513033,5
xengxe,Xengxe,Eastern Cape,-32.916667,27.166667,5
xhokonxa,Xhokonxa,Eastern Cape,-30.877277,28.844504,5
xhora,Xhora,Eastern Cape,-31.95427,28.660354,5
xibeni,Xibeni,Eastern Cape,-32.002288,28.647543,5
xilinxa,Xilinxa,Eastern Cape,-32.06633,28.002629,5
xobojiyne,Xobojiyne,Eastern Cape,-32.088304,28.532363,5
xokonxa,Xokonxa,Eastern Cape,-31.497749,28.213608,5
xokozweni,Xokozweni,Eastern Cape,-31.163319,29.544003,5
xola,Xola,Eastern Cape,-30.992619,29.248485,5
xolobeni,Xolobeni,Eastern Cape,-31.161179,30.077322,5
xolora,Xolora,Eastern Cape,-31.733333,27.383333,5
xongora,Xongora,Eastern Cape,-31.65436,28.400103,5
xonxa,Xonxa,Eastern Cape,-31.8,27.166667,5
xonya,Xonya,Eastern Cape,-31.843305,27.094391,5
xonyeni,Xonyeni,Eastern Cape,-31.923837,29.128895,5
xopo,Xopo,Eastern Cape,-31.142991,29.228418,5
xopozo,Xopozo,Eastern Cape,-30.997253,29.476783,5
xora,Xora,Eastern Cape,-31.95427,28.660354,5
xora mouth,Xora Mouth,Eastern Cape,-32.161259,28.993878,5
xorana,Xorana,Eastern Cape,-31.926434,28.765305,5
xuka,Xuka,Eastern Cape,-31.696098,28.123362,5
xuka drift,Xuka Drift,Eastern Cape,-31.700591,28.230332,5
xukula,Xukula,Eastern Cape,-31.001984,29.158109,5
xukwane,Xukwane,Eastern Cape,-32.89248,27.167889,5
xwili,Xwili,Eastern Cape,-31.733665,28.551296,5
yantola's,Yantola's,Eastern Cape,-32.616667,26.95,5
yardley chase,Yardley Chase,Eastern Cape,-31.582024,26.682708,5
yarrow,Yarrow,Eastern Cape,-33.407659,26.364675,5
zaaifontein,Zaaifontein,Eastern Cape,-31.10634,25.966825,5
zabasa,Zabasa,Eastern Cape,-31.45604,28.242174,5
zadungahi,Zadungahi,Eastern Cape,-31.583333,27.85,5
zadungeni,Zadungeni,Eastern Cape,-31.06739,29.4423,5
zalara,Zalara,Eastern Cape,-32.997322,27.171348,5
zalis,Zalis,Eastern Cape,-32.766667,26.95,5
zalulwana,Zalulwana,Eastern Cape,-32.283333,28.15,5
zanci,Zanci,Eastern Cape,-31.834049,28.858755,5
zandfontein,Zandfontein,Eastern Cape,-31.374506,26.202694,5
zandkraalpoort,Zandkraalpoort,Eastern Cape,-33.266667,24.016667,5
zandkraalspoort,Zandkraalspoort,Eastern Cape,-33.266667,24.016667,5
zandukwane,Zandukwane,Eastern Cape,-31.380062,28.838693,5
zandvlakte,Zandvlakte,Eastern Cape,-33.581871,24.16594,5
zangontshi,Zangontshi,Eastern Cape,-31.144793,29.933558,5
zangotsho,Zangotsho,Eastern Cape,-31.144793,29.933558,5
zangqokwe,Zangqokwe,Eastern Cape,-32.075324,26.574481,5
zangwa,Zangwa,Eastern Cape,-32.427574,28.035784,5
zanyokwe,Zanyokwe,Eastern Cape,-32.766667,27.1,5
zazulwana,Zazulwana,Eastern Cape,-32.283333,28.15,5
zazulwana skool,Zazulwana Skool,Eastern Cape,-32.283333,28.15,5
zhikova,Zhikova,Eastern Cape,-33.231547,27.476486,5
zibi's,Zibi's,Eastern Cape,-32.733333,26.983333,5
zibukweni,Zibukweni,Eastern Cape,-30.99452,29.707741,5
zibungu,Zibungu,Eastern Cape,-31.471575,29.214067,5
zidindi,Zidindi,Eastern Cape,-31.990847,29.03103,5
zidulini,Zidulini,Eastern Cape,-30.914011,28.909367,5
zigadini,Zigadini,Eastern Cape,-32.240151,28.053603,5
zigodlo,Zigodlo,Eastern Cape,-32.981713,27.069835,5
zigudu,Zigudu,Eastern Cape,-32.166667,27.483333,5
zihlahleni,Zihlahleni,Eastern Cape,-32.852254,27.16546,5
zilandana,Zilandana,Eastern Cape,-31.104159,28.83284,5
zilangwe,Zilangwe,Eastern Cape,-30.736268,29.704235,5
zimbane,Zimbane,Eastern Cape,-30.744858,28.556132,5
zimbileni,Zimbileni,Eastern Cape,-30.970954,28.521865,5
zimbungu,Zimbungu,Eastern Cape,-31.471575,29.214067,5
zimpawaneni,Zimpawaneni,Eastern Cape,-30.669662,29.118314,5
zimpofu,Zimpofu,Eastern Cape,-30.610295,28.670176,5
zincuka,Zincuka,Eastern Cape,-30.60944,28.582391,5
zincukutwini,Zincukutwini,Eastern Cape,-31.858885,29.116879,5
zinduneni,Zinduneni,Eastern Cape,-31.683333,29.2,5
zingadini,Zingadini,Eastern Cape,-31.817889,27.663991,5
zingcuka,Zingcuka,Eastern Cape,-30.983749,28.934455,5
zingonyameni,Zingonyameni,Eastern Cape,-30.608185,28.535301,5
zingqutu,Zingqutu,Eastern Cape,-31.737194,27.517652,5
zingqwene,Zingqwene,Eastern Cape,-31.70251,27.366481,5
zingxala,Zingxala,Eastern Cape,-32.461059,28.292473,5
zinkawu,Zinkawu,Eastern Cape,-31.986339,29.053538,5
zinkumbini,Zinkumbini,Eastern Cape,-31.433333,29.016667,5
zintlawini,Zintlawini,Eastern Cape,-31.4,28.416667,5
zintukwini,Zintukwini,Eastern Cape,-31.589171,28.469676,5
zinyosini,Zinyosini,Eastern Cape,-31.093449,29.128581,5
ziqalabeni,Ziqalabeni,Eastern Cape,-30.53127,28.790541,5
ziqangweni,Ziqangweni,Eastern Cape,-31.65,29.483333,5
ziqhorana,Ziqhorana,Eastern Cape,-32.270029,28.651673,5
zisovini,Zisovini,Eastern Cape,-31.583813,26.97655,5
zitapile,Zitapile,Eastern Cape,-30.569706,28.861246,5
zitenji,Zitenji,Eastern Cape,-32.404261,28.668335,5
zitenjini,Zitenjini,Eastern Cape,-31.880796,28.84903,5
zithulele,Zithulele,Eastern Cape,-32.047906,29.059159,5
ziwundwana,Ziwundwana,Eastern Cape,-31.983333,28.166667,5
ziwundwane,Ziwundwane,Eastern Cape,-31.983333,28.166667,5
zixekeni,Zixekeni,Eastern Cape,-31.933333,28.783333,5
zizityaneni,Zizityaneni,Eastern Cape,-30.876794,29.734028,5
zonga,Zonga,Eastern Cape,-32.427574,28.035784,5
zulumema,Zulumema,Eastern Cape,-32.241715,26.640541,5
zwartkop,Zwartkop,Eastern Cape,-33.864057,25.601104,5
zwartkops,Zwartkops,Eastern Cape,-33.864057,25.601104,5
zwartwater,Zwartwater,Eastern Cape,-31.636543,26.838577,5
zwa-zakele,Zwa-Zakele,Eastern Cape,-33.875934,25.574323,5
zwelidumile,Zwelidumile,Eastern Cape,-32.3,28.6,5
zwelitsha,Zwelitsha,Eastern Cape,-32.919991,27.425858,5
zwide,Zwide,Eastern Cape,-33.867294,25.563919,5
aanhou,Aanhou,Free State,-30.533406,26.992765,3
aberfeldy,Aberfeldy,Free State,-28.231054,28.857114,3
abramskraal,Abramskraal,Free State,-29.133333,26.816667,3
aden,Aden,Free State,-29.772627,26.575412,3
afrikaskop,Afrikaskop,Free State,-28.2,28.7,3
aldam,Aldam,Free State,-28.288348,27.1623,3
alexandersfontein hotel,Alexandersfontein Hotel,Free State,-28.816667,24.8,3
alfa,Alfa,Free State,-29.580667,25.600822,3
alida,Alida,Free State,-29.440132,27.300014,3
allandale,Allandale,Free State,-28.845517,27.128895,3
allanridge,Allanridge,Free State,-27.754306,26.643825,3
allendale,Allendale,Free State,-28.845517,27.128895,3
alton,Alton,Free State,-28.933333,25.75,3
anglo alpha,Anglo Alpha,Free State,-27.994699,27.025446,3
annex,Annex,Free State,-29.623642,26.34048,3
anniesdale,Anniesdale,Free State,-29.841893,27.054702,3
antwerpen,Antwerpen,Free State,-30.190408,26.973844,3
aqua,Aqua,Free State,-29.466922,25.614132,3
arbeid adelt,Arbeid Adelt,Free State,-28.472132,28.840546,3
arbeidsloon,Arbeidsloon,Free State,-29.294123,25.966951,3
arcadia,Arcadia,Free State,-27.316667,29.283333,3
archbell,Archbell,Free State,-29.033333,26.85,3
arlington,Arlington,Free State,-28.028808,27.85335,3
assvoelkop,Assvoëlkop,Free State,-30.402032,26.49127,3
austins post,Austins Post,Free State,-29.509788,25.794034,3
austin's post,Austin's Post,Free State,-29.616667,25.8,3
avalon,Avalon,Free State,-30.126153,26.992784,3
avondkraal,Avondkraal,Free State,-29.85,26.2,3
avondrust,Avondrust,Free State,-29.268093,25.603506,3
baakfontein,Baakfontein,Free State,-29.650316,26.356453,3
babel,Babel,Free State,-30.100748,26.904387,3
bach rust,Bach Rust,Free State,-29.436251,25.911157,3
badsfontein,Badsfontein,Free State,-30.5,26.233333,3
bain's vlei,Bain's Vlei,Free State,-29.050283,26.112171,3
bakbank,Bakbank,Free State,-29.774541,25.590075,3
bakenkop,Bakenkop,Free State,-29.852919,25.893932,3
bakensvlei,Bakensvlei,Free State,-29.353493,25.698318,3
balaclava,Balaclava,Free State,-29.366667,26.966667,3
balkfontein,Balkfontein,Free State,-27.383333,26.5,3
bamokgoko,Bamokgoko,Free State,-28.1,25.516667,3
bankfontein,Bankfontein,Free State,-29.651829,26.073944,3
bankkraal,Bankkraal,Free State,-30.113348,26.793607,3
bannocks,Bannocks,Free State,-28.516667,28.816667,3
barclavar,Barclavar,Free State,-29.396012,26.98984,3
barry estate,Barry Estate,Free State,-28.25,28.75,3
batho,Batho,Free State,-29.137372,26.23074,3
batshabela,Batshabela,Free State,-26.838931,27.849463,3
bayswater,Bayswater,Free State,-29.079779,26.240103,3
bedelia,Bedelia,Free State,-27.981195,26.71406,3
bedelia west,Bedelia West,Free State,-27.966667,26.683333,3
beginsel,Beginsel,Free State,-29.319555,25.962386,3
belgie,België,Free State,-30.398913,26.429823,3
bellvue,Bellvue,Free State,-29.793666,26.688028,3
belmont,Belmont,Free State,-27.463776,28.739562,3
bergplaats,Bergplaats,Free State,-29.832634,25.685711,3
berlin,Berlin,Free State,-29.032012,26.506571,3
berlyn,Berlyn,Free State,-30.015843,26.583182,3
bermuda,Bermuda,Free State,-30.162312,26.746101,3
bernardus,Bernardus,Free State,-30.154812,26.878541,3
bertha shaft village,Bertha Shaft Village,Free State,-26.754884,27.939139,3
beste geluk,Beste Geluk,Free State,-29.411492,26.381991,3
bestersdam,Bestersdam,Free State,-29.535614,26.899621,3
bethanie,Bethanie,Free State,-29.606425,25.960855,3
bethany,Bethany,Free State,-29.606425,25.960855,3
bethel,Bethel,Free State,-30.423643,26.296947,3
bethesda,Bethesda,Free State,-29.415779,26.763769,3
bethlehem,Bethlehem,Free State,-28.230779,28.307071,3
bethulie,Bethulie,Free State,-30.49864,25.974577,3
betjeskraal,Betjeskraal,Free State,-30.639343,26.640776,3
biesiedal,Biesiedal,Free State,-29.633565,26.99689,3
biesiefontein,Biesiefontein,Free State,-29.707338,26.483415,3
biesiesvlei,Biesiesvlei,Free State,-30.125321,26.412882,3
biskop,Biskop,Free State,-29.033333,26.766667,3
blaauwdrift,Blaauwdrift,Free State,-28.117437,26.723438,3
blanco,Blanco,Free State,-30.006397,26.649303,3
blesbokfontein,Blesbokfontein,Free State,-29.558201,25.765375,3
bloemendat,Bloemendat,Free State,-30.320923,26.765222,3
bloemfontein,Bloemfontein,Free State,-29.121065,26.214003,3
bloemhoek,Bloemhoek,Free State,-30.231746,26.633774,3
bloemspruit,Bloemspruit,Free State,-29.124467,26.286227,3
bloomplaas,Bloomplaas,Free State,-30.152976,26.441518,3
bloubank,Bloubank,Free State,-29.588897,25.833224,3
blouboskop,Blouboskop,Free State,-29.528436,26.44539,3
bloubospan,Bloubospan,Free State,-29.098203,25.726846,3
bloudrif,Bloudrif,Free State,-28.117437,26.723438,3
bloukop,Bloukop,Free State,-29.303544,25.844303,3
bluegumspoon,Bluegumspoon,Free State,-29.877817,26.144732,3
bluff point,Bluff Point,Free State,-29.002729,27.095106,3
blydskap,Blydskap,Free State,-29.275927,26.820808,3
bochebela,Bochebela,Free State,-29.143369,26.238588,3
boereplaas,Boereplaas,Free State,-29.149725,25.554264,3
boesaksfontain,Boesaksfontain,Free State,-29.6744,26.129231,3
boesmanskop,Boesmanskop,Free State,-29.222826,25.601487,3
bolandsrus,Bolandsrus,Free State,-29.990986,26.564003,3
bonnievale,Bonnievale,Free State,-30.255056,26.582531,3
bonolo,Bonolo,Free State,-29.213634,26.760732,3
boomerang,Boomerang,Free State,-29.012452,25.823649,3
boomplaas,Boomplaas,Free State,-29.751543,26.284973,3
borakanelo,Borakanelo,Free State,-29.342239,26.928157,3
borekanelo,Borekanelo,Free State,-29.342239,26.928157,3
boshof,Boshof,Free State,-28.539137,25.239649,3
boskop,Boskop,Free State,-29.508469,26.214275,3
bosplaat,Bosplaat,Free State,-29.395183,25.924021,3
bospoort,Bospoort,Free State,-30.308261,26.52139,3
bosrand,Bosrand,Free State,-29.103166,25.976447,3
bossieskraal,Bossieskraal,Free State,-30.563282,26.710377,3
boston,Boston,Free State,-29,26.9,3
bothaskop,Bothaskop,Free State,-30.48149,26.797522,3
bothasrus,Bothasrus,Free State,-29.6702,26.575065,3
bothaville,Bothaville,Free State,-27.388697,26.617007,3
botshabelo,Botshabelo,Free State,-29.123036,26.773654,3
bottelfontein,Bottelfontein,Free State,-29.556133,26.384111,3
brabant,Brabant,Free State,-29.077983,26.038101,3
brackenhurst,Brackenhurst,Free State,-28.1,26.316667,3
brakdam,Brakdam,Free State,-29.279891,25.826994,3
brakfontein,Brakfontein,Free State,-29.754148,26.810965,3
brakgrond,Brakgrond,Free State,-30.358993,26.827942,3
braklaagte,Braklaagte,Free State,-29.101405,26.428299,3
brakvlei,Brakvlei,Free State,-30.164201,26.35725,3
brandewynsgat,Brandewynsgat,Free State,-30.465186,26.33985,3
brandfort,Brandfort,Free State,-28.700083,26.459684,3
brandis,Brandis,Free State,-28.633333,28.833333,3
brandkop,Brandkop,Free State,-29.4,26.966667,3
brandwater,Brandwater,Free State,-28.716667,28.1,3
bremiker,Bremiker,Free State,-30.04629,26.968157,3
brindisi,Brindisi,Free State,-28.724052,28.138232,3
buffelsvlei,Buffelsvlei,Free State,-27.583333,28.383333,3
bullberg,Bullberg,Free State,-29.564219,26.186577,3
bultfontein,Bultfontein,Free State,-28.287559,26.149963,3
bultfontein number 1,Bultfontein Number 1,Free State,-29.167132,26.789367,3
bultfontein number 2,Bultfontein Number 2,Free State,-29.165042,26.809491,3
bultfontein number 3,Bultfontein Number 3,Free State,-29.177681,26.819768,3
bultfontein number one,Bultfontein Number One,Free State,-29.167132,26.789367,3
bultfontein number three,Bultfontein Number Three,Free State,-29.177681,26.819768,3
bultfontein number two,Bultfontein Number Two,Free State,-29.165042,26.809491,3
caledon,Caledon,Free State,-30.200358,26.187651,3
caledon downs,Caledon Downs,Free State,-29.828844,26.938785,3
caledonia,Caledonia,Free State,-29.864316,26.888298,3
cambellton,Cambellton,Free State,-29.079293,26.335482,3
carolina,Carolina,Free State,-27.35,28.483333,3
cecilia,Cecilia,Free State,-29.364144,26.423734,3
ceciliasrust,Ceciliasrust,Free State,-29.040231,26.123405,3
cerillio,Cerillio,Free State,-29.048929,26.22454,3
champagne,Champagne,Free State,-28.997368,27.455967,3
charleron,Charleron,Free State,-29.816031,25.58421,3
charlespost,Charlespost,Free State,-30.435084,26.463085,3
charlesville,Charlesville,Free State,-29.780584,25.434913,3
chubane,Chubane,Free State,-29.053685,26.885305,3
chubani,Chubani,Free State,-29.053685,26.885305,3
claradene,Claradene,Free State,-29.216667,25.866667,3
clarens,Clarens,Free State,-28.515399,28.419846,3
clifton,Clifton,Free State,-26.816667,27.8,3
clocolan,Clocolan,Free State,-28.913669,27.565555,3
clydesdale,Clydesdale,Free State,-26.938522,27.914981,3
coalbrook,Coalbrook,Free State,-26.846406,27.87392,3
coalbrook collieries,Coalbrook Collieries,Free State,-26.883333,27.916667,3
collingham,Collingham,Free State,-29.65,26.75,3
colombo,Colombo,Free State,-29.835721,26.529064,3
commandodrift,Commandodrift,Free State,-27.488564,26.234886,3
commissie poort,Commissie Poort,Free State,-29.324275,27.285194,3
concordia,Concordia,Free State,-29.183904,25.721262,3
connaught,Connaught,Free State,-29.431978,27.141711,3
conserva,Conserva,Free State,-29.1993,26.003538,3
constantia,Constantia,Free State,-29.6,26.55,3
contest,Contest,Free State,-29.358187,26.733016,3
copenhagen,Copenhagen,Free State,-30.048811,26.75299,3
cornelia,Cornelia,Free State,-27.232265,28.852259,3
cornetspruit,Cornetspruit,Free State,-30.266667,27.3,3
cornflats,Cornflats,Free State,-29.038452,27.067296,3
cronjesrust,Cronjesrust,Free State,-30.166667,26.95,3
cyferfontein,Cyferfontein,Free State,-29.591731,26.46456,3
cyferkuil,Cyferkuil,Free State,-29.27487,25.935295,3
cypress grove,Cypress Grove,Free State,-29.856884,26.69135,3
dagbreek,Dagbreek,Free State,-27.960353,26.748419,3
dahlia,Dahlia,Free State,-29.011025,25.557295,3
dakpoort,Dakpoort,Free State,-29.283333,26.9,3
damfontein,Damfontein,Free State,-29.238924,27.310581,3
dampoort,Dampoort,Free State,-29.811385,25.600912,3
dan pienaar,Dan Pienaar,Free State,-29.085123,26.215086,3
dankbaar,Dankbaar,Free State,-28,28.516667,3
daspoort,Daspoort,Free State,-29.631778,26.8114,3
de brug,De Brug,Free State,-29.146635,25.805447,3
de draai,De Draai,Free State,-30.23742,26.439624,3
de hague,De Hague,Free State,-30.075217,26.640352,3
de hoek,De hoek,Free State,-29.598162,26.961577,3
de hoop,De Hoop,Free State,-29.501249,26.382943,3
de put wes,De Put Wes,Free State,-29.62655,25.77372,3
de ron,De Ron,Free State,-30.232763,26.38104,3
de rust,De Rust,Free State,-26.766667,27.833333,3
de schans,De Schans,Free State,-29.749563,26.576185,3
de skans,De Skans,Free State,-29.749563,26.576185,3
de werf,De Werf,Free State,-29.030052,25.067304,3
dealesville,Dealesville,Free State,-28.674858,25.766808,3
dealsville,Dealsville,Free State,-28.674858,25.766808,3
deeigenoot,Deeigenoot,Free State,-29.352853,25.654587,3
deelfontein,Deelfontein,Free State,-29.603693,26.449893,3
deelkraal,Deelkraal,Free State,-29.422789,26.514681,3
deelpan,Deelpan,Free State,-29.08182,25.551962,3
deelsdam,Deelsdam,Free State,-29.509576,26.416929,3
deelvlei,Deelvlei,Free State,-29.678768,25.783038,3
delemont,Delemont,Free State,-29.807152,25.675599,3
deliahsfontein,Deliahsfontein,Free State,-30.277122,26.447793,3
deneysville,Deneysville,Free State,-26.890798,28.097067,3
denysville,Denysville,Free State,-26.890798,28.097067,3
derots,Derots,Free State,-28.55,28.5,3
devlei,Devlei,Free State,-30.309051,26.459608,3
dewetsdorp,Dewetsdorp,Free State,-29.58274,26.66511,3
die ark,Die Ark,Free State,-28.555479,28.475199,3
die hoogte,Die Hoogte,Free State,-29.94395,26.794569,3
die vlatke,Die Vlatke,Free State,-29.075247,25.936769,3
diefontein,Diefontein,Free State,-29.642991,26.316247,3
diepfontein,Diepfontein,Free State,-29.382345,27.044887,3
diepkloof,Diepkloof,Free State,-30.103968,26.766812,3
dikgang,Dikgang,Free State,-29.457152,26.909709,3
donkerhoek,Donkerhoek,Free State,-29.877569,26.4118,3
doornaar,Doornaar,Free State,-29.187742,26.048912,3
doornhoek,Doornhoek,Free State,-29.218473,25.67462,3
doornpan,Doornpan,Free State,-29.146743,25.677988,3
doornplaaf,Doornplaaf,Free State,-29.07202,25.514076,3
draaikloof,Draaikloof,Free State,-30.544642,26.639998,3
driefontein,Driefontein,Free State,-28.695482,27.617149,3
driehoek,Driehoek,Free State,-29.242792,25.832756,3
driekuil,Driekuil,Free State,-29.112244,27.188481,3
drieloek,Drieloek,Free State,-29.024028,26.046124,3
dronkfontein,Dronkfontein,Free State,-30.6,26.533333,3
droogebult,Droogebult,Free State,-27.761434,29.171287,3
droogfontein,Droogfontein,Free State,-29.684817,26.438191,3
drukop,Drukop,Free State,-29.771755,26.331578,3
drupfontein,Drupfontein,Free State,-29.92067,26.172498,3
du toitskraal,Du Toitskraal,Free State,-29.853497,26.054909,3
du toitsrus,Du Toitsrus,Free State,-29.448471,25.671653,3
duike,Duike,Free State,-30.106861,26.463588,3
dysselsrust,Dysselsrust,Free State,-29.194516,26.110046,3
eben,Eben,Free State,-29.202609,25.923724,3
ebenaeser,Ebenaeser,Free State,-30.6,25.733333,3
ebenhaezer,Ebenhaezer,Free State,-28.383333,28.283333,3
edenburg,Edenburg,Free State,-29.736613,25.936398,3
edenville,Edenville,Free State,-27.551803,27.676317,3
eensaam,Eensaam,Free State,-29.454188,26.222226,3
eensaamkraal,Eensaamkraal,Free State,-29.930021,26.46679,3
eenzaamheid,Eenzaamheid,Free State,-28.052022,28.71226,3
eeram,Eeram,Free State,-28.119079,29.045018,3
egypt,Egypt,Free State,-29.167647,26.956811,3
elandsberg,Elandsberg,Free State,-30.128386,26.966754,3
elandshoek,Elandshoek,Free State,-30.002743,26.369064,3
elderslea,Elderslea,Free State,-29.775483,26.981431,3
eldoraigne,Eldoraigne,Free State,-28.85,28.116667,3
elim,Elim,Free State,-30.216667,26.866667,3
ellasrus,Ellasrus,Free State,-29.287435,27.136157,3
ellerslie suid,Ellerslie Suid,Free State,-29.566667,26.25,3
emmarentia,Emmarentia,Free State,-30.526081,26.505502,3
endon,Endon,Free State,-29.066667,26.15,3
endor,Endor,Free State,-29.927668,26.05406,3
endwey,Endwey,Free State,-30.133333,26.25,3
erasmus,Erasmus,Free State,-29.904,26.479737,3
erfdeel,Erfdeel,Free State,-29.324664,26.453167,3
erfenis,Erfenis,Free State,-29.720554,26.319986,3
erfhoek,Erfhoek,Free State,-30.171768,26.317579,3
erfurt,Erfurt,Free State,-29.531182,26.211288,3
erica,Erica,Free State,-29.223469,26.097976,3
erickswill,Erickswill,Free State,-28.283333,25.4,3
erideel,Erideel,Free State,-29.895213,25.869784,3
eureka,Eureka,Free State,-28.246827,28.306025,3
evas post,Evas Post,Free State,-29.433333,27.133333,3
excelsior,Excelsior,Free State,-28.2973,25.882423,3
fairhead,Fairhead,Free State,-29.468739,27.210934,3
farao's fontein,Farao's Fontein,Free State,-29.613555,26.953708,3
fauresmith,Fauresmith,Free State,-29.748935,25.315049,3
felicia,Felicia,Free State,-30.12705,26.862101,3
feloana,Feloana,Free State,-29.116816,26.738827,3
ferreira,Ferreira,Free State,-29.208944,26.181268,3
fichardtpark,Fichardtpark,Free State,-29.139744,26.179023,3
ficksburg,Ficksburg,Free State,-28.873682,27.881286,3
flora,Flora,Free State,-28.796177,27.318544,3
florida,Florida,Free State,-29.94709,26.163902,3
florisbad,Florisbad,Free State,-28.766667,26.083333,3
folies bergere,Folies Bergere,Free State,-29.027652,26.182114,3
fonteintjie,Fonteintjie,Free State,-29.876702,25.863075,3
fort kelly,Fort Kelly,Free State,-29.271358,27.00014,3
fouriesburg,Fouriesburg,Free State,-28.583333,28.133333,3
fouriespruitpoort,Fouriespruitpoort,Free State,-29.665834,26.413912,3
fraaiuitzicht,Fraaiuitzicht,Free State,-28.093205,28.195595,3
frankfort,Frankfort,Free State,-27.266667,28.483333,3
franshoek,Franshoek,Free State,-29.082917,25.718123,3
franskraal,Franskraal,Free State,-29.691752,26.677399,3
franskraal noord,Franskraal Noord,Free State,-30.149166,26.500847,3
galilea,Galilea,Free State,-30.272328,26.876745,3
gedenk,Gedenk,Free State,-29.394091,27.409587,3
geluk,Geluk,Free State,-27.316667,28.7,3
geluksdam,Geluksdam,Free State,-29.326246,25.961384,3
geluksfontein,Geluksfontein,Free State,-29.509625,25.63428,3
gelukwaarts,Gelukwaarts,Free State,-29.996953,26.919864,3
generaal de wet,Generaal de Wet,Free State,-29.142423,26.202153,3
gladdegrond,Gladdegrond,Free State,-30.609355,26.63292,3
gladstone,Gladstone,Free State,-29.364214,26.838203,3
glaisnock verona,Glaisnock Verona,Free State,-29.318954,25.665765,3
glen avon,Glen Avon,Free State,-28.998497,27.040404,3
glen isla,Glen Isla,Free State,-29.933333,27.083333,3
glen mokopo,Glen Mokopo,Free State,-29.480677,27.094174,3
glen reenen,Glen Reenen,Free State,-28.505878,28.617541,3
glengary,Glengary,Free State,-29.57645,26.63025,3
glenhee,Glenhee,Free State,-29.716784,26.970488,3
gleniffer,Gleniffer,Free State,-29.687368,25.523514,3
goedchoop,Goedchoop,Free State,-29.555621,25.607078,3
goede hoop,Goede Hoop,Free State,-27.766667,28.516667,3
goede hoop,Goede Hoop,Free State,-30.031128,26.288222,3
goede trouw,Goede Trouw,Free State,-30.562705,26.660086,3
goedehoop,Goedehoop,Free State,-29.542692,25.594013,3
goedemoed,Goedemoed,Free State,-30.557021,26.403795,3
goed-en-mooi,Goed-en-Mooi,Free State,-30.060509,26.291622,3
goedgedacht,Goedgedacht,Free State,-28.016667,28.6,3
goedgegund,Goedgegund,Free State,-30.566769,26.839385,3
goedmoed,Goedmoed,Free State,-30.557021,26.403795,3
goewerneurskloof,Goewerneurskloof,Free State,-30.237777,26.892106,3
golden valley,Golden Valley,Free State,-30.048894,26.479441,3
goode hoop,Goode Hoop,Free State,-30.092825,26.811821,3
grasslands,Grasslands,Free State,-29.155451,26.288537,3
grassville,Grassville,Free State,-29.155451,26.288537,3
greys,Greys,Free State,-28.616667,28.816667,3
groen draai,Groen Draai,Free State,-28.433253,28.587358,3
groenfontein,Groenfontein,Free State,-30.072403,26.331926,3
groenpoort,Groenpoort,Free State,-30.416233,26.689412,3
groenvlakte,Groenvlakte,Free State,-30.028035,26.109107,3
groot highlands,Groot Highlands,Free State,-29.85,26.55,3
grootdam,Grootdam,Free State,-29.380768,26.920356,3
grootfontein,Grootfontein,Free State,-29.63352,26.296903,3
grootgeluk,Grootgeluk,Free State,-29.449312,25.98163,3
groothoek,Groothoek,Free State,-29.283333,26.866667,3
groot-suurfontein,Groot-Suurfontein,Free State,-30.337475,25.811647,3
grootverlang,Grootverlang,Free State,-29.600608,26.340888,3
grootvlei,Grootvlei,Free State,-30.334147,26.707886,3
grootwater,Grootwater,Free State,-29.653773,26.312565,3
gruisplaats,Gruisplaats,Free State,-27.25,29.166667,3
grysdal,Grysdal,Free State,-30.133894,26.82461,3
guinesses,Guinesses,Free State,-30.189079,26.994412,3
gwentham,Gwentham,Free State,-29.008988,26.214247,3
hagesdam,Hagesdam,Free State,-29.358063,25.783446,3
hamilton,Hamilton,Free State,-30.366147,26.64944,3
hanakoe,Hanakoe,Free State,-29.45707,26.986696,3
ha-rankopane,Ha-Rankopane,Free State,-28.557022,28.83464,3
harantsatsa,Harantsatsa,Free State,-29.150096,26.922,3
harmonie,Harmonie,Free State,-27.555036,27.643915,3
harrismith,Harrismith,Free State,-28.272758,29.129462,3
hartbeesfontein,Hartbeesfontein,Free State,-30.14707,26.14397,3
hartebeesfontein,Hartebeesfontein,Free State,-30.19654,26.41281,3
hayfield,Hayfield,Free State,-29.098734,26.942266,3
hebron,Hebron,Free State,-29.001927,25.962277,3
heelfontein,Heelfontein,Free State,-29.555184,26.551272,3
heelgoed,Heelgoed,Free State,-30.1,27.3,3
heeltevrede,Heeltevrede,Free State,-29.017867,26.182685,3
heilbron,Heilbron,Free State,-27.281154,27.970901,3
helderhoek,Helderhoek,Free State,-29.7,26.25,3
helderpoort,Helderpoort,Free State,-29.280287,26.514025,3
helleton,Helleton,Free State,-30.183333,26.9,3
hennenman,Hennenman,Free State,-27.976539,27.024227,3
henningsdale,Henningsdale,Free State,-30.354157,26.98874,3
hermanus,Hermanus,Free State,-30.261411,26.337987,3
hermitage,Hermitage,Free State,-30.647835,26.915264,3
hertzogville,Hertzogville,Free State,-28.127595,25.503873,3
hessiesdeel,Hessiesdeel,Free State,-29.676675,26.355381,3
heuningspruit,Heuningspruit,Free State,-27.448936,27.418572,3
hibernia,Hibernia,Free State,-28.574374,27.695016,3
highlands,Highlands,Free State,-29.066667,26.183333,3
hillandale,Hillandale,Free State,-29.333333,27.366667,3
hobhouse,Hobhouse,Free State,-29.527197,27.144719,3
hoekfontein,Hoekfontein,Free State,-30.475094,26.968777,3
holfontein,Holfontein,Free State,-29.354744,27.041451,3
holmdene,Holmdene,Free State,-29.496913,26.118149,3
holmesdale,Holmesdale,Free State,-29.052797,26.04097,3
holstein,Holstein,Free State,-30.083692,26.747953,3
homeward,Homeward,Free State,-29.324899,26.863508,3
hoogstede,Hoogstede,Free State,-30.168485,26.575919,3
hoogte,Hoogte,Free State,-30.369507,26.387578,3
hoopstad,Hoopstad,Free State,-27.832735,25.908326,3
hope,Hope,Free State,-29.733333,26.366667,3
hope valley,Hope Valley,Free State,-29.21601,26.163836,3
houtberg,Houtberg,Free State,-30.262743,26.830375,3
houtnek,Houtnek,Free State,-29.026319,26.802025,3
hueningkrans,Hueningkrans,Free State,-30.436568,26.372447,3
hugenoot,Hugenoot,Free State,-30.558842,26.832625,3
huntley,Huntley,Free State,-29.195177,26.1771,3
illawarra,Illawarra,Free State,-30.429398,26.897163,3
inhoek,Inhoek,Free State,-27.986889,28.417413,3
inkruipsfontein,Inkruipsfontein,Free State,-30.36803,26.513596,3
iona,Iona,Free State,-30.483333,25.783333,3
isabel,Isabel,Free State,-29.1,26.066667,3
jaagbaan,Jaagbaan,Free State,-29.717786,26.63755,3
jacobs erf,Jacobs Erf,Free State,-27.275467,28.41392,3
jacobsdal,Jacobsdal,Free State,-29.127922,24.773824,3
jagersfontein,Jagersfontein,Free State,-29.761258,25.427058,3
jakhalsgezang,Jakhalsgezang,Free State,-29.815806,26.482968,3
jakkalsfontein,Jakkalsfontein,Free State,-29.709943,25.621325,3
jonasfontein,Jonasfontein,Free State,-29.749138,26.176685,3
joubert,Joubert,Free State,-29.25,26.15,3
juis soo,Juis Soo,Free State,-29.411627,27.233235,3
juistzoo,Juistzoo,Free State,-29.411627,27.233235,3
julies post,Julies Post,Free State,-29.90848,26.094932,3
juta,Juta,Free State,-30.251152,26.667469,3
kaalhoek,Kaalhoek,Free State,-29.577769,26.399587,3
kagisanong,Kagisanong,Free State,-29.193719,26.236057,3
kalkbult,Kalkbult,Free State,-29.298438,26.263858,3
kalkfontein,Kalkfontein,Free State,-27.65,28.983333,3
kalkoenkrans,Kalkoenkrans,Free State,-29.997017,26.202884,3
kalwerspruit,Kalwerspruit,Free State,-27.366667,28.833333,3
kalwevlei,Kalwevlei,Free State,-27.355231,29.269396,3
kameelpan,Kameelpan,Free State,-28.85,24.966667,3
kapokfontein,Kapokfontein,Free State,-29.826833,26.399936,3
karreckloof,Karreckloof,Free State,-30.443683,26.371783,3
karreehoek,Karreehoek,Free State,-29.68459,26.753735,3
kassel,Kassel,Free State,-29.552196,26.460472,3
katfontein,Katfontein,Free State,-30.180526,26.067367,3
kayalami,Kayalami,Free State,-29.038928,26.095882,3
kebonoe,Kebonoe,Free State,-29.466667,26.933333,3
kelly's view,Kelly's View,Free State,-29.156962,26.095158,3
kestell,Kestell,Free State,-28.31094,28.703599,3
kgalala,Kgalala,Free State,-28.933333,26.816667,3
kildare,Kildare,Free State,-28.999163,26.882307,3
klaarwater,Klaarwater,Free State,-29.480911,25.645051,3
klein,Klein,Free State,-29.55,25.65,3
klein lowridge,Klein Lowridge,Free State,-29.296643,27.256953,3
kleindam,Kleindam,Free State,-30.179009,26.799581,3
kleinfontein,Kleinfontein,Free State,-29.355657,26.555132,3
kleinheek,Kleinheek,Free State,-29.517013,26.707489,3
kleinpaarl,Kleinpaarl,Free State,-28.283333,28.4,3
kleinplaas,Kleinplaas,Free State,-29.424927,25.624143,3
kleinplaats,Kleinplaats,Free State,-29.424927,25.624143,3
kleinsevenfontein,Kleinsevenfontein,Free State,-30.103567,26.413703,3
kleinstradt,Kleinstradt,Free State,-29.220756,26.102537,3
klipdam,Klipdam,Free State,-30.591144,26.917807,3
klipdrif,Klipdrif,Free State,-29.759755,25.633456,3
klipdrift,Klipdrift,Free State,-30.15,26.95,3
klipfontein,Klipfontein,Free State,-27.466667,28.233333,3
kliphuis,Kliphuis,Free State,-29.857598,26.421606,3
klipkuil,Klipkuil,Free State,-30.425047,26.511567,3
klipplaatdrif,Klipplaatdrif,Free State,-29.981243,25.844192,3
klopperspruit,Klopperspruit,Free State,-30.200699,26.283508,3
knoffelspruit,Knoffelspruit,Free State,-30.521349,26.946548,3
knoppiesfontein,Knoppiesfontein,Free State,-29.583333,25.566667,3
koetsrus,Koetsrus,Free State,-28.716667,25.4,3
koffiefontein,Koffiefontein,Free State,-29.406611,25.003093,3
kolbe,Kolbe,Free State,-29.233333,26.183333,3
komissie drift,Komissie Drift,Free State,-29.311508,26.767955,3
kommandant,Kommandant,Free State,-28.267157,28.343066,3
kommandodrif,Kommandodrif,Free State,-27.488564,26.234886,3
kommetjesfontein,Kommetjesfontein,Free State,-30.190899,25.631733,3
kommissiedrif,Kommissiedrif,Free State,-29.311508,26.767955,3
kommissiepoort,Kommissiepoort,Free State,-29.324275,27.285194,3
koornland,Koornland,Free State,-29.013894,27.627353,3
kopjes,Kopjes,Free State,-27.241789,27.574222,3
kopjes irrigation settlement,Kopjes Irrigation Settlement,Free State,-27.251986,27.602121,3
koppie,Koppie,Free State,-29.454535,26.571205,3
koppie alleen,Koppie Alleen,Free State,-29.474341,26.456424,3
koppies,Koppies,Free State,-27.241789,27.574222,3
koppies irrigation settlement,Koppies Irrigation Settlement,Free State,-27.251986,27.602121,3
koppies nedersetting,Koppies Nedersetting,Free State,-27.251986,27.602121,3
koppieskraal,Koppieskraal,Free State,-29.390022,26.762135,3
kornetspruit,Kornetspruit,Free State,-30.266667,27.3,3
korthoek,Korthoek,Free State,-29.972364,25.882718,3
koudekraal,Koudekraal,Free State,-29.872057,26.192476,3
kraaifontein,Kraaifontein,Free State,-30.080784,25.670836,3
kraalfontein,Kraalfontein,Free State,-30.358401,26.053756,3
kragbron,Kragbron,Free State,-26.907821,27.88731,3
kransfontein,Kransfontein,Free State,-28.133234,28.56373,3
kranskloof,Kranskloof,Free State,-30.223008,26.766204,3
kranskop,Kranskop,Free State,-30.580836,26.907086,3
krapfontein,Krapfontein,Free State,-29.451548,26.12065,3
kratzenstein,Kratzenstein,Free State,-28.216667,29.233333,3
kromdraai,Kromdraai,Free State,-29.213619,26.521129,3
kromhof,Kromhof,Free State,-27.933333,29.5,3
kromkuilplaas,Kromkuilplaas,Free State,-28.766667,25.533333,3
krompan,Krompan,Free State,-27.075411,28.317555,3
kromspruit,Kromspruit,Free State,-29.258338,26.40886,3
kroonspruit,Kroonspruit,Free State,-29.658001,26.294794,3
kroonstad,Kroonstad,Free State,-27.65036,27.234879,3
krugersdeel,Krugersdeel,Free State,-30.381732,26.426096,3
krugersrus,Krugersrus,Free State,-29.233067,25.537538,3
krugersvlei,Krugersvlei,Free State,-30.149911,26.31853,3
kruidfontein,Kruidfontein,Free State,-30.62181,26.856965,3
kruispad,Kruispad,Free State,-27.945934,28.737698,3
kuruman,Kuruman,Free State,-29.95,27,3
kut-el-mara,Kut-el-mara,Free State,-30.011517,26.511153,3
kutloanong,Kutloanong,Free State,-27.833333,26.75,3
kwaggafontein,Kwaggafontein,Free State,-29.131052,26.144684,3
kwartfontein,Kwartfontein,Free State,-30.201927,26.675861,3
kwestiefontein,Kwestiefontein,Free State,-29.254214,26.015536,3
la rochelle,La Rochelle,Free State,-29.990349,26.707453,3
ladybrand,Ladybrand,Free State,-29.194483,27.45739,3
langhoek,Langhoek,Free State,-27.602229,29.364496,3
langkuil,Langkuil,Free State,-29.980274,25.755665,3
langlaagte,Langlaagte,Free State,-29.885759,26.121769,3
langrand,Langrand,Free State,-29.069094,27.225036,3
langverwag,Langverwag,Free State,-30.006534,26.568767,3
lasfontein,Lasfontein,Free State,-29.797605,25.941953,3
leeufontein,Leeufontein,Free State,-29.11434,26.905627,3
leeurivier,Leeurivier,Free State,-29.259691,27.207209,3
leeuspruit,Leeuspruit,Free State,-30.332647,26.836156,3
leeuvlei,Leeuvlei,Free State,-29.016667,25.866667,3
leeuw rivier,Leeuw Rivier,Free State,-29.259691,27.207209,3
leeuwkop,Leeuwkop,Free State,-28.683333,24.983333,3
leeuwpoort,Leeuwpoort,Free State,-29.814346,26.218539,3
leeuwvlei,Leeuwvlei,Free State,-29.016667,25.866667,3
lekabi,Lekabi,Free State,-27.016667,27.8,3
lemoen hoek,Lemoen Hoek,Free State,-29.361048,25.945238,3
lemoenfontein,Lemoenfontein,Free State,-29.73317,26.399581,3
lemoenkloof,Lemoenkloof,Free State,-29.733333,26.25,3
lente,Lente,Free State,-29.317026,25.717021,3
lentevlei,Lentevlei,Free State,-29.235524,26.220554,3
letselaskraal,Letselaskraal,Free State,-28.55,28.316667,3
libani,Libani,Free State,-29.305137,25.767775,3
liliefontein,Liliefontein,Free State,-29.526971,25.966761,3
lilydale,Lilydale,Free State,-30.014101,25.956935,3
linana,Linana,Free State,-29.024823,27.098436,3
lincelles,Lincelles,Free State,-30.033333,27.116667,3
linden,Linden,Free State,-29.18485,26.030226,3
lindley,Lindley,Free State,-27.879096,27.91348,3
lockshoek,Lockshoek,Free State,-29.162467,26.031336,3
loeuwfontein,Loeuwfontein,Free State,-29.765882,26.490932,3
lonalis,Lonalis,Free State,-29.159401,25.797375,3
longlead,Longlead,Free State,-30.020812,26.885284,3
lourensa,Lourensa,Free State,-30.343115,26.39452,3
lovedale,Lovedale,Free State,-29.235948,27.080188,3
lowlands,Lowlands,Free State,-29.273349,26.10042,3
lucernvlei,Lucernvlei,Free State,-29.704738,26.563434,3
luckhoff,Luckhoff,Free State,-29.750235,24.787943,3
lusaka,Lusaka,Free State,-29.156382,26.77075,3
lushof,Lushof,Free State,-29.377563,26.194807,3
lusthof,Lusthof,Free State,-29.478793,26.554343,3
lynchfield,Lynchfield,Free State,-29.15,26.35,3
lyons rose,Lyons Rose,Free State,-29.254914,25.692156,3
mackenzie,Mackenzie,Free State,-28.083333,28.466667,3
mafane,Mafane,Free State,-29.259517,26.825652,3
magaleng,Magaleng,Free State,-30.158352,27.395197,3
maghaleen,Maghaleen,Free State,-30.158352,27.395197,3
maidstone,Maidstone,Free State,-30.006719,26.973881,3
maidwell,Maidwell,Free State,-29.755908,26.71647,3
majankeng,Majankeng,Free State,-27.116667,26.966667,3
makhaleng,Makhaleng,Free State,-30.158352,27.395197,3
makkateesfontein,Makkateesfontein,Free State,-30.482676,26.878467,3
malans post,Malans Post,Free State,-28.034096,28.096993,3
malfa,Malfa,Free State,-29.371862,27.309881,3
malvern,Malvern,Free State,-29.447389,26.785128,3
mamre,Mamre,Free State,-29.479285,26.188588,3
manilla,Manilla,Free State,-30.066667,26.6,3
manitoba,Manitoba,Free State,-30.577991,26.652607,3
marcelapoort,Marcelapoort,Free State,-30.633333,26.816667,3
marianna,Marianna,Free State,-29.022836,26.052931,3
mariasdal,Mariasdal,Free State,-29.078976,27.027698,3
marico,Marico,Free State,-29.065313,26.674653,3
markgraaf,Markgraaf,Free State,-29.161363,25.606258,3
marl bank river,Marl Bank River,Free State,-26.791858,27.763586,3
maronan,Maronan,Free State,-29.248995,26.087689,3
marquard,Marquard,Free State,-28.664489,27.430481,3
marseilles,Marseilles,Free State,-29.183796,27.287904,3
maselspoort,Maselspoort,Free State,-29.030701,26.402382,3
mathunyeng,Mathunyeng,Free State,-29.149332,26.934829,3
matsiliso,Matsiliso,Free State,-28.583333,28.833333,3
mbhele namahali,Mbhelé Namahali,Free State,-28.566667,28.833333,3
meadhurst,Meadhurst,Free State,-29.062727,26.077142,3
meadows,Meadows,Free State,-29.815429,25.91871,3
meadowvale,Meadowvale,Free State,-29.225577,26.092292,3
mearsgeluk,Mearsgeluk,Free State,-29.323453,26.27567,3
melrose,Melrose,Free State,-29.490395,26.888389,3
memel,Memel,Free State,-27.681591,29.566865,3
mentzberg,Mentzberg,Free State,-29.95,26.766667,3
mentzburg,Mentzburg,Free State,-29.95,26.766667,3
meriba,Meriba,Free State,-29.410579,25.868126,3
merino,Merino,Free State,-29.087801,26.76256,3
meul river,Meul River,Free State,-28.05,29,3
meulplaas,Meulplaas,Free State,-29.247968,27.374471,3
meulrivier,Meulrivier,Free State,-28.05,29,3
meyers halt,Meyers Halt,Free State,-30.64762,26.931923,3
meyerskraal,Meyerskraal,Free State,-30.318023,26.623135,3
michville,Michville,Free State,-29.216667,24.583333,3
middebult,Middebult,Free State,-26.836095,28.04942,3
middelbult,Middelbult,Free State,-26.836095,28.04942,3
middelburg,Middelburg,Free State,-29.71296,26.783772,3
middeldal,Middeldal,Free State,-29.065882,26.836709,3
middeldeel,Middeldeel,Free State,-29.065882,26.836709,3
middelfontein,Middelfontein,Free State,-29.810747,26.257547,3
middelkroon,Middelkroon,Free State,-29.866667,26.383333,3
middelplaas,Middelplaas,Free State,-29.497427,26.919625,3
middelpoort,Middelpoort,Free State,-29.3318,26.488571,3
middelpunt,Middelpunt,Free State,-29.535875,27.157019,3
middelstuk,Middelstuk,Free State,-30.595875,26.62811,3
middelvlei,Middelvlei,Free State,-30.279468,26.989389,3
middelwater,Middelwater,Free State,-29.97592,25.861903,3
middendeel,Middendeel,Free State,-29.379348,25.828521,3
middleburg,Middleburg,Free State,-30.056306,26.626188,3
midway,Midway,Free State,-29.101989,26.319529,3
milton,Milton,Free State,-29.05082,26.948781,3
mimosa flars,Mimosa Flars,Free State,-29.111379,25.993658,3
misgunsfontein,Misgunsfontein,Free State,-29.586418,26.206118,3
misgunst,Misgunst,Free State,-27.594091,26.412592,3
mispa,Mispa,Free State,-29.770966,26.525825,3
modderpoort,Modderpoort,Free State,-29.109227,27.453847,3
modutung,Modutung,Free State,-28.985859,26.800629,3
moedhou,Moedhou,Free State,-30.484447,26.428192,3
moerbeidal,Moerbeidal,Free State,-30.543787,26.458898,3
mokoena,Mokoena,Free State,-29.195174,26.839694,3
mokoto,Mokoto,Free State,-29.110668,26.809394,3
mokwena,Mokwena,Free State,-29.195174,26.839694,3
molala,Molala,Free State,-29.06339,26.715629,3
montagu,Montagu,Free State,-30.154746,26.39347,3
montgomery,Montgomery,Free State,-30.353331,26.183409,3
montrose,Montrose,Free State,-29.528888,26.811986,3
mooibult,Mooibult,Free State,-27.083333,28.666667,3
mooidraai,Mooidraai,Free State,-27.166667,29.15,3
mooifontein,Mooifontein,Free State,-27.9,29.566667,3
mooihoek,Mooihoek,Free State,-29.2357,25.582224,3
mooiplaas,Mooiplaas,Free State,-29.348073,27.428677,3
mooivlakte,Mooivlakte,Free State,-29.013664,26.093883,3
mooiwater,Mooiwater,Free State,-27.212205,28.630155,3
moordraai,Moordraai,Free State,-27.166667,29.15,3
morago,Morago,Free State,-28.983333,26.85,3
morakgo,Morakgo,Free State,-29.013684,26.849782,3
morelig,Môrelig,Free State,-28.220478,28.292297,3
moreson,Moreson,Free State,-27.783333,28.8,3
morester,Morester,Free State,-29.026147,25.555237,3
morgenzon,Morgenzon,Free State,-29.632774,26.640713,3
morokashoek,Morokashoek,Free State,-29.296105,26.836571,3
moroto,Moroto,Free State,-29.10032,26.984655,3
morovane,Morovane,Free State,-29.554973,26.789874,3
motlala,Motlala,Free State,-29.200211,26.865931,3
motlatla,Motlatla,Free State,-29.200035,26.867807,3
murphys rust,Murphys Rust,Free State,-28.306387,29.381305,3
naaupoort,Naaupoort,Free State,-29.407786,27.062506,3
nalisview,Nalisview,Free State,-29.246788,26.220452,3
namahadi,Namahadi,Free State,-28.564614,28.820253,3
namahali,Namahali,Free State,-28.55,28.833333,3
neethlingshalte,Neethlingshalte,Free State,-28.883333,25.633333,3
negefontein,Negefontein,Free State,-29.366667,27.266667,3
negenfontein,Negenfontein,Free State,-29.366667,27.266667,3
neoitgedacht,Neoitgedacht,Free State,-29.280984,26.264253,3
newlands,Newlands,Free State,-29.204759,27.154655,3
niekerksvlei,Niekerksvlei,Free State,-29.480306,26.426045,3
niewejaarspruit,Niewejaarspruit,Free State,-30.647805,26.758018,3
noga's post,Noga's Post,Free State,-29.355145,26.787021,3
noodhulpsdam,Noodhulpsdam,Free State,-29.379441,25.602928,3
nooitgedacht,Nooitgedacht,Free State,-29.390471,25.883341,3
noordhoek,Noordhoek,Free State,-29.089307,26.243023,3
nooritgedacht,Nooritgedacht,Free State,-29.222477,25.92504,3
nortjesnek,Nortjesnek,Free State,-29.616132,25.795259,3
norway,Norway,Free State,-30.239756,26.76997,3
nottingham,Nottingham,Free State,-29.233333,25.883333,3
novo,Novo,Free State,-29.757452,26.850784,3
ntshieng,Ntshieng,Free State,-29.154556,26.946637,3
nuwevlei,Nuwevlei,Free State,-30.220221,26.95932,3
odendaalrus,Odendaalrus,Free State,-27.873939,26.690719,3
odendaalrust,Odendaalrust,Free State,-27.873939,26.690719,3
odendaals rust,Odendaals Rust,Free State,-27.873939,26.690719,3
odendaalsrus,Odendaalsrus,Free State,-27.873939,26.690719,3
olga,Olga,Free State,-29.336754,26.221221,3
olievenhout bank,Olievenhout Bank,Free State,-29.887114,26.945562,3
olievenkop,Olievenkop,Free State,-29.509736,25.935279,3
olievenkoppies,Olievenkoppies,Free State,-29.320484,26.049406,3
olivewoodpark,Olivewoodpark,Free State,-29.977355,26.907322,3
olyvenfontein,Olyvenfontein,Free State,-30.280997,26.392739,3
olyvenkoppiespan,Olyvenkoppiespan,Free State,-29.063626,25.565476,3
ommerin,Ommerin,Free State,-29.683236,25.559929,3
ongegund,Ongegund,Free State,-30.203583,26.859518,3
ongeluksfontein,Ongeluksfontein,Free State,-30.564831,26.321131,3
ongelukskop,Ongelukskop,Free State,-29.774116,26.147218,3
onse rust,Onse Rust,Free State,-29.275642,26.190414,3
onverdiend,Onverdiend,Free State,-27.8,28.216667,3
oorlogspoort,Oorlogspoort,Free State,-29.632253,26.467157,3
oorskot,Oorskot,Free State,-29.609087,26.030579,3
oosdeel,Oosdeel,Free State,-29.406852,25.799386,3
oostenryk,Oostenryk,Free State,-29.832189,26.708676,3
oosterbeek,Oosterbeek,Free State,-27.983333,29.4,3
orange river,Orange River,Free State,-30.533333,27.066667,3
orangia,Orangia,Free State,-26.933333,26.816667,3
oranje,Oranje,Free State,-29.03305,25.589691,3
oranjekrag,Oranjekrag,Free State,-30.593926,25.492268,3
oranjeville,Oranjeville,Free State,-26.993792,28.209672,3
oranjezicht,Oranjezicht,Free State,-29.084558,26.104948,3
oudersgift,Oudersgift,Free State,-30.568788,26.561449,3
oudersorg,Oudersorg,Free State,-30.452823,26.970396,3
oudestrypoort,Oudestrypoort,Free State,-30.521838,25.797959,3
oufontein,Oufontein,Free State,-27.483333,28.683333,3
overschot,Overschot,Free State,-30.303728,26.415659,3
overskat,Overskat,Free State,-29.583333,26.033333,3
paalland,Paalland,Free State,-30.104282,26.400965,3
paardedam,Paardedam,Free State,-29.870695,25.92168,3
paardekop,Paardekop,Free State,-29.767823,26.229356,3
paardekraal,Paardekraal,Free State,-29.840353,26.808915,3
paardekuil,Paardekuil,Free State,-29.290773,26.424573,3
paardelaagte,Paardelaagte,Free State,-30.581471,26.40406,3
paardeplass,Paardeplass,Free State,-30.489197,25.674343,3
palmietfontein,Palmietfontein,Free State,-29.234321,25.721637,3
palmyra,Palmyra,Free State,-29.446087,27.209438,3
pamona,Pamona,Free State,-26.915173,27.448465,3
pantydefaid,Pantydefaid,Free State,-29.035046,26.117755,3
papfontein,Papfontein,Free State,-29.36385,26.685563,3
paradys,Paradys,Free State,-29.096622,26.837861,3
parys,Parys,Free State,-26.903296,27.457268,3
paul roux,Paul Roux,Free State,-28.29747,27.950424,3
perdefontein,Perdefontein,Free State,-29.423192,26.507696,3
perdekraal,Perdekraal,Free State,-29.400613,26.466506,3
petrus steyn,Petrus Steyn,Free State,-27.648479,28.130643,3
petrusburg,Petrusburg,Free State,-29.115975,25.414347,3
petruspan,Petruspan,Free State,-29.003519,25.839447,3
phahameng,Phahameng,Free State,-29.158449,26.242942,3
philippolis,Philippolis,Free State,-30.265562,25.274273,3
phutaditjhaba,Phutaditjhaba,Free State,-28.52423,28.81582,3
phuthaditjhaba,Phuthaditjhaba,Free State,-28.52423,28.81582,3
pieterskop,Pieterskop,Free State,-30.508467,26.548171,3
plaaitjiesfontein,Plaaitjiesfontein,Free State,-29.315055,26.533923,3
platrand,Platrand,Free State,-29.167529,26.623295,3
poklenberg,Poklenberg,Free State,-29.266667,26.766667,3
poortje,Poortje,Free State,-30.660962,26.678449,3
poortjie,Poortjie,Free State,-29.447709,26.455711,3
poortjiesfontein,Poortjiesfontein,Free State,-29.64156,26.02369,3
potsane,Potsane,Free State,-29.134679,26.755481,3
praalhoek,Praalhoek,Free State,-29.307564,25.932765,3
prairie,Prairie,Free State,-29.205591,27.306841,3
putdam,Putdam,Free State,-29.034656,25.972085,3
quaggafontein,Quaggafontein,Free State,-29.131052,26.144684,3
rademansval,Rademansval,Free State,-28.895355,25.345868,3
rakhoi,Rakhoi,Free State,-29.050306,26.990724,3
rakoi,Rakoi,Free State,-29.050306,26.990724,3
rangershoek,Rangershoek,Free State,-29.05,27.4,3
rapulane,Rapulane,Free State,-29.482494,26.945599,3
ratabane,Ratabane,Free State,-29.086848,26.805849,3
ratlau,Ratlau,Free State,-29.208194,26.831068,3
raveloe,Raveloe,Free State,-30.160302,26.997058,3
ravensworth,Ravensworth,Free State,-30.666667,26.716667,3
red hill,Red Hill,Free State,-29.520383,26.773299,3
reddersburg,Reddersburg,Free State,-29.653012,26.167733,3
reitfontein,Reitfontein,Free State,-30.213405,26.944672,3
reitput,Reitput,Free State,-30.034287,26.315741,3
reitz,Reitz,Free State,-27.801383,28.427264,3
reliance,Reliance,Free State,-29.275372,27.119722,3
retiefsdal,Retiefsdal,Free State,-29.106568,25.573586,3
retreat,Retreat,Free State,-30.681314,26.852098,3
revonne,Revonne,Free State,-29.033333,25.983333,3
rheboksfontein,Rheboksfontein,Free State,-29.184653,27.366198,3
riebeeckstad,Riebeeckstad,Free State,-27.926564,26.81162,3
riet river,Riet River,Free State,-29.109304,24.684958,3
rietfontein,Rietfontein,Free State,-27.106011,28.096659,3
riethork,Riethork,Free State,-30.278138,26.894169,3
rietkuil,Rietkuil,Free State,-29.666787,26.470579,3
rietpoort,Rietpoort,Free State,-29.467102,26.71347,3
rietrivier,Rietrivier,Free State,-29.109304,24.684958,3
rietrivier nedersetting,Rietrivier Nedersetting,Free State,-29.109304,24.684958,3
rietspruit,Rietspruit,Free State,-28.427052,27.305679,3
rifle,Rifle,Free State,-30.363046,26.782877,3
ringaroma,Ringaroma,Free State,-30.275221,26.376713,3
riversdale,Riversdale,Free State,-29.420865,27.061529,3
riversford,Riversford,Free State,-29.398696,26.119215,3
riviera,Riviera,Free State,-29.444673,26.019522,3
riviera settlement,Riviera Settlement,Free State,-27.066667,28.2,3
roadside,Roadside,Free State,-27.517641,28.850137,3
roberts rust,Roberts Rust,Free State,-30.4,26.45,3
robertsrus,Robertsrus,Free State,-29.533333,26.85,3
robertsrust,Robertsrust,Free State,-29.533333,26.85,3
rocklands,Rocklands,Free State,-29.176547,26.232763,3
rohallion,Rohallion,Free State,-29.675998,27.012027,3
rondebult,Rondebult,Free State,-29.596081,26.386881,3
roodebloem,Roodebloem,Free State,-28.528957,28.915793,3
roodebult,Roodebult,Free State,-30.453175,26.408484,3
roodekop,Roodekop,Free State,-29.195227,26.773484,3
roodepoort,Roodepoort,Free State,-27.166667,28.166667,3
roodepoort nedersetting,Roodepoort Nedersetting,Free State,-27.219124,27.505998,3
roodepoort settlement,Roodepoort Settlement,Free State,-27.219124,27.505998,3
rooderand,Rooderand,Free State,-26.883333,27.316667,3
rooderant,Rooderant,Free State,-29.984273,26.126307,3
roodia,Roodia,Free State,-26.767433,27.839189,3
rooidam,Rooidam,Free State,-29.066667,26.133333,3
rooifontein,Rooifontein,Free State,-29.170157,26.867139,3
rooikop,Rooikop,Free State,-30.316941,26.858281,3
rooikopfontein,Rooikopfontein,Free State,-30.464594,26.929972,3
rooikraal,Rooikraal,Free State,-29.498879,26.230136,3
rooikuil,Rooikuil,Free State,-30.375806,26.553991,3
rooipoort,Rooipoort,Free State,-29.971189,26.171159,3
rooirantjies,Rooirantjiés,Free State,-29.900522,25.926985,3
roorirantjies,Roorirantjies,Free State,-29.896134,25.84767,3
rootbult,Rootbult,Free State,-29.373577,27.264066,3
rose valley,Rose Valley,Free State,-29.166667,26.95,3
rosemaryn,Rosemaryn,Free State,-29.95,26.35,3
rosendal,Rosendal,Free State,-28.504807,27.932928,3
rouw,Rouw,Free State,-27.5,29.016667,3
rouxville,Rouxville,Free State,-30.418267,26.836559,3
runnymeade,Runnymeade,Free State,-29.982054,27.161735,3
rus my siel,Rus My Siel,Free State,-29.619544,26.897507,3
ruspiaas,Ruspiaas,Free State,-30.292616,25.934474,3
rusplaas,Rusplaas,Free State,-29.110139,26.91308,3
rusplass,Rusplass,Free State,-30.288389,26.988872,3
rust en vrede,Rust en Vrede,Free State,-30.427971,26.609461,3
rustfontein,Rustfontein,Free State,-29.847477,26.451464,3
rustig,Rustig,Free State,-29.053866,26.442787,3
saaihoek,Saaihoek,Free State,-29.79606,26.862819,3
saaiplass,Saaiplass,Free State,-30.212289,26.803562,3
saamwerk,Saamwerk,Free State,-29.55,26.25,3
saaron,Saaron,Free State,-29.927922,26.661849,3
sabella,Sabella,Free State,-29.684487,26.937101,3
salmonslaa,Salmonslaa,Free State,-29.003468,26.63769,3
saltpan,Saltpan,Free State,-28.71901,26.066141,3
samekoms,Samekoms,Free State,-29.393526,25.834431,3
samenkoms,Samenkoms,Free State,-29.021284,27.100288,3
samesuiping,Samesuiping,Free State,-29.457221,25.777668,3
sanddrif,Sanddrif,Free State,-30.63127,26.508637,3
sandspruit,Sandspruit,Free State,-29.022561,27.259403,3
sannaspos,Sannaspos,Free State,-29.160959,26.550879,3
sans souci,Sans Souci,Free State,-29.066667,26.116667,3
sasolburg,Sasolburg,Free State,-26.815934,27.829707,3
scandinavia drift,Scandinavia Drift,Free State,-26.939292,27.051882,3
scarsdale,Scarsdale,Free State,-30.064728,26.955408,3
schoongezicht,Schoongezicht,Free State,-29.312166,25.947078,3
schoonspruit,Schoonspruit,Free State,-27.083333,28.933333,3
schoonvlakte,Schoonvlakte,Free State,-29.333333,25.8,3
schoonzicht,Schoonzicht,Free State,-29.21567,26.215601,3
schrynders post,Schrynders Post,Free State,-29.576164,27.015515,3
sediba,Sediba,Free State,-29.028768,26.941587,3
seeda,Seeda,Free State,-29.233333,25.733333,3
segene,Segene,Free State,-29.466667,26.916667,3
sekhutlong,Sekhutlong,Free State,-29.159216,26.938894,3
sekretarispan,Sekretarispan,Free State,-29.209517,26.130428,3
selosesha,Selosesha,Free State,-29.199939,26.815132,3
senekal,Senekal,Free State,-28.319708,27.620816,3
sertyn,Sertyn,Free State,-30.089226,26.176653,3
serwalo,Serwalo,Free State,-29.204785,26.788739,3
sheridan,Sheridan,Free State,-28.541009,28.096964,3
shoongesig,Shoongesig,Free State,-30.061786,26.783086,3
sibton,Sibton,Free State,-29.420143,26.83645,3
sibylia,Sibylia,Free State,-29.28161,27.208122,3
sigma myn,Sigma Myn,Free State,-26.849435,27.836358,3
sipres,Sipres,Free State,-29.133333,25.983333,3
skaapkraal,Skaapkraal,Free State,-30.084904,26.67018,3
skandinawiedrif,Skandinawiëdrif,Free State,-26.939292,27.051882,3
skatfontein,Skatfontein,Free State,-30.385114,26.784191,3
skemer,Skemer,Free State,-30.017256,25.633716,3
skietboek,Skietboek,Free State,-30.573467,26.494813,3
skiethoek,Skiethoek,Free State,-30.132913,26.326545,3
skoonsig,Skoonsig,Free State,-29.334867,26.722477,3
skoonvlakte,Skoonvlakte,Free State,-29.433999,25.676877,3
slabberts,Slabberts,Free State,-28.434415,28.186525,3
slagterskop,Slagterskop,Free State,-30.211095,25.840438,3
slangfontein,Slangfontein,Free State,-29.434233,26.562112,3
smaldeel,Smaldeel,Free State,-30.202512,26.365939,3
smithfield,Smithfield,Free State,-30.213664,26.530699,3
soetfontein,Soetfontein,Free State,-29.6,26.25,3
soetvlei,Soetvlei,Free State,-29.220089,26.046649,3
solferino,Solferino,Free State,-30.298857,26.971342,3
somersvlakte,Somersvlakte,Free State,-30.122985,26.292856,3
sonderlaag,Sonderlaag,Free State,-29.350014,25.818255,3
sonneblom,Sonneblom,Free State,-30.048838,26.80004,3
sonop,Sonop,Free State,-29.902939,26.388605,3
sonskyn,Sonskyn,Free State,-29.39539,26.222627,3
sorgvliet,Sorgvliet,Free State,-29.503143,25.524089,3
south holme,South Holme,Free State,-29.076916,26.11213,3
soutpan,Soutpan,Free State,-28.71901,26.066141,3
speranza,Speranza,Free State,-28.819644,25.131943,3
sperville,Sperville,Free State,-29.166667,26.333333,3
spetfontein,Spetfontein,Free State,-30.2,26.966667,3
spitskop,Spitskop,Free State,-29.035675,26.776671,3
spitzkop,Spitzkop,Free State,-29.333333,25.833333,3
spreeufontein,Spreeufontein,Free State,-30.099104,25.902262,3
springbok,Springbok,Free State,-29.305172,25.576718,3
springbokfontein,Springbokfontein,Free State,-30.435679,25.983169,3
springfield,Springfield,Free State,-28.532822,27.525494,3
springfontein,Springfontein,Free State,-29.427063,26.905225,3
springkaanfontein,Springkaanfontein,Free State,-29.515957,27.056234,3
springs,Springs,Free State,-29.469251,26.859645,3
stafpoort,Stafpoort,Free State,-30.070113,26.386473,3
steel's drift,Steel's Drift,Free State,-27.355589,29.485141,3
stefanus,Stefanus,Free State,-30.533114,26.798661,3
stellaland,Stellaland,Free State,-29.616667,26.95,3
stenekamps kop,Stenekamps Kop,Free State,-28.516667,28.183333,3
sterkfontein,Sterkfontein,Free State,-29.784915,26.80914,3
sterkstroom,Sterkstroom,Free State,-30.575602,26.945455,3
sterkwater,Sterkwater,Free State,-30.378806,26.70655,3
sterlefontein,Sterlefontein,Free State,-29.25,26.066667,3
steunmekaar,Steunmekaar,Free State,-29.503143,25.524089,3
steynskraal,Steynskraal,Free State,-29.452651,25.704191,3
steynsrus,Steynsrus,Free State,-27.953333,27.563944,3
steynsrust,Steynsrust,Free State,-27.953333,27.563944,3
stilfontein,Stilfontein,Free State,-29.493227,26.597143,3
stille woning,Stille Woning,Free State,-29.039193,26.048673,3
stillerus,Stillerus,Free State,-29.3,26.6,3
stillerust,Stillerust,Free State,-29.445332,25.719659,3
stillestroom,Stillestroom,Free State,-29.667327,26.070199,3
stinkhoutfontein,Stinkhoutfontein,Free State,-29.809788,26.014333,3
stoomhoek,Stoomhoek,Free State,-28.807514,26.105131,3
strydfontein,Strydfontein,Free State,-30.221281,26.255733,3
strydom college,Strydom College,Free State,-29.166667,26.783333,3
strydpoort,Strydpoort,Free State,-30.543028,26.605718,3
suidelyn,Suidelyn,Free State,-30.159226,26.940531,3
summer pride,Summer Pride,Free State,-29.205522,26.274465,3
sunnydale,Sunnydale,Free State,-30.406799,26.66686,3
sunnyside,Sunnyside,Free State,-26.911664,27.469494,3
susannas rust,Susannas Rust,Free State,-28.113014,28.111054,3
suurbult,Suurbult,Free State,-29.506096,27.09849,3
swartfontein,Swartfontein,Free State,-27.933333,28.6,3
swartjan,Swartjan,Free State,-29.153354,26.107743,3
swartkoppies,Swartkoppies,Free State,-29.950314,25.49756,3
swartlaagte,Swartlaagte,Free State,-30.047745,26.520629,3
sweet valley,Sweet Valley,Free State,-27.566658,29.694528,3
sweetfontein,Sweetfontein,Free State,-30.008388,26.830074,3
swesterpan,Swesterpan,Free State,-29.0854,25.686262,3
swinburne,Swinburne,Free State,-28.34866,29.277582,3
tabane,Tabane,Free State,-29.252703,26.789695,3
tafu,Tafu,Free State,-28.833333,28.633333,3
talla,Talla,Free State,-28.981873,26.909635,3
talsen,Talsen,Free State,-28.012446,25.355524,3
tandem,Tandem,Free State,-29.243877,27.527112,3
tempe,Tempe,Free State,-29.092889,26.187314,3
tevrede,Tevrede,Free State,-29.080419,26.60143,3
thaba nchu,Thaba Nchu,Free State,-29.209325,26.838982,3
thaba patchoa,Thaba Patchoa,Free State,-29.314221,27.120024,3
thaba phashawa,Thaba Phashawa,Free State,-29.314221,27.120024,3
thaba phatshawa,Thaba Phatshawa,Free State,-29.314221,27.120024,3
thaba phatshwa,Thaba Phatshwa,Free State,-29.314221,27.120024,3
thabantsjoe,Thabantsjoe,Free State,-29.209325,26.838982,3
thabong,Thabong,Free State,-27.958711,26.829902,3
thalassa,Thalassa,Free State,-29.415148,26.73513,3
the bend,The Bend,Free State,-29.449156,26.050695,3
the chase,The Chase,Free State,-29.061355,25.723196,3
the cliff,The Cliff,Free State,-29.490536,26.763655,3
the hall,The Hall,Free State,-29.487697,26.052142,3
the haven,The Haven,Free State,-29.133845,27.531037,3
the junction,The Junction,Free State,-30.657359,26.766641,3
the poplars,The Poplars,Free State,-29.50146,26.814007,3
the willows,The Willows,Free State,-29.253928,26.066131,3
theoville,Theoville,Free State,-26.761496,27.753812,3
theunissen,Theunissen,Free State,-28.410979,26.701068,3
thorley,Thorley,Free State,-29.518994,26.788498,3
three sisters,Three Sisters,Free State,-29.316667,26.9,3
thubisi,Thubisi,Free State,-29.162554,26.757985,3
tieniesrand,Tieniesrand,Free State,-29.620844,26.377851,3
tierhoek,Tierhoek,Free State,-30.485688,26.978643,3
tiger river,Tiger River,Free State,-29.115459,26.789454,3
torbrek,Torbrek,Free State,-29.524301,26.376743,3
traacha,Traacha,Free State,-30.286331,26.545631,3
trompsburg,Trompsburg,Free State,-30.033626,25.780406,3
truitjesfontein,Truitjesfontein,Free State,-30.5,26.266667,3
tumahole,Tumahole,Free State,-26.913577,27.481102,3
turflaagte,Turflaagte,Free State,-29.209209,26.243809,3
twee spruit,Twee Spruit,Free State,-28.133333,28.683333,3
tweefontein,Tweefontein,Free State,-28.416667,29.083333,3
tweefout,Tweefout,Free State,-30.609638,26.861605,3
tweeling,Tweeling,Free State,-27.555131,28.516092,3
tweelingdrift,Tweelingdrift,Free State,-29.9,26.166667,3
tweespruit,Tweespruit,Free State,-27.966667,28.6,3
tweespruit,Tweespruit,Free State,-29.185207,27.031891,3
tweevlei,Tweevlei,Free State,-30.636031,26.72676,3
twellsdale,Twellsdale,Free State,-30.099738,26.988397,3
twishoek,Twishoek,Free State,-28.433253,28.587358,3
twyfelfontein,Twyfelfontein,Free State,-29.461936,25.801511,3
tylden,Tylden,Free State,-29.488843,26.853179,3
uitenhagesdoorn,Uitenhagesdoorn,Free State,-29.348934,25.548247,3
uithoek,Uithoek,Free State,-29.028681,25.833668,3
uitkyk,Uitkyk,Free State,-28.65019,28.175749,3
uitzicht,Uitzicht,Free State,-29.919164,26.442971,3
umballa,Umballa,Free State,-30.343436,26.945928,3
union,Union,Free State,-30.08268,26.358398,3
universitas,Universitas,Free State,-29.121225,26.183258,3
ursula,Ursula,Free State,-29.012701,26.0716,3
uysklip,Uysklip,Free State,-29.383333,26.65,3
vaal,Vaal,Free State,-26.766667,27.95,3
vaal power station village,Vaal Power Station Village,Free State,-26.766667,27.95,3
vaalbank,Vaalbank,Free State,-29.485381,26.687563,3
vaalburg,Vaalburg,Free State,-28.333333,28.833333,3
vaalkraal,Vaalkraal,Free State,-29.518772,26.277664,3
vaalpark,Vaalpark,Free State,-26.769247,27.849837,3
vaalspruit,Vaalspruit,Free State,-29.9278,26.784571,3
vaarvel,Vaarvel,Free State,-28.35,28.716667,3
van heerdenskraal,Van Heerdenskraal,Free State,-29.182071,25.874979,3
van reenen,Van Reenen,Free State,-28.374339,29.380385,3
van staden's rust,Van Staden's Rust,Free State,-29.987368,27.0163,3
van stadensrus,Van Stadensrus,Free State,-29.987368,27.0163,3
van tonderspoortjie,Van Tonderspoortjie,Free State,-29.402809,25.729275,3
van wyksrus,Van Wyksrus,Free State,-30.156067,26.472589,3
vanzylsplaas,Vanzylsplaas,Free State,-29.283333,27.3,3
ventersburg,Ventersburg,Free State,-28.085614,27.138143,3
venterskroon,Venterskroon,Free State,-26.9,27.266667,3
verdun,Verdun,Free State,-30.448411,26.443635,3
verfkraal,Verfkraal,Free State,-29.830586,26.173938,3
vergaderrand,Vergaderrand,Free State,-30.457619,26.699694,3
verkeerdevlei,Verkeerdevlei,Free State,-28.832641,26.777698,3
verkykerskop,Verkykerskop,Free State,-27.920524,29.278993,3
vermont,Vermont,Free State,-29.943761,26.587496,3
verrekykerskop,Verrekykerskop,Free State,-27.920524,29.278993,3
vetmaakfontein,Vetmaakfontein,Free State,-30.03051,26.710503,3
victor,Victor,Free State,-28.483333,25.566667,3
vierfontein,Vierfontein,Free State,-27.096136,26.775465,3
viljoensdrif,Viljoensdrif,Free State,-26.731901,27.922417,3
viljoenskroon,Viljoenskroon,Free State,-27.208406,26.948553,3
villiers,Villiers,Free State,-27.030256,28.600612,3
vinkelfontein,Vinkelfontein,Free State,-30.529228,26.924919,3
virginia,Virginia,Free State,-28.10391,26.86593,3
visgat,Visgat,Free State,-30.033333,25.9,3
visserskop,Visserskop,Free State,-29.933333,25.95,3
vlakfontein,Vlakfontein,Free State,-29.470764,26.290785,3
vlaklaagte,Vlaklaagte,Free State,-27.233333,28.1,3
vlakleegte,Vlakleegte,Free State,-28.170374,26.213374,3
vlakplaas,Vlakplaas,Free State,-29.05757,27.121308,3
vleispruit,Vleispruit,Free State,-30.216853,26.831009,3
vnooifontein,Vnooifontein,Free State,-30.416667,26.2,3
vogelfontein,Vogelfontein,Free State,-29.624356,26.210876,3
voorharts,Voorharts,Free State,-30.417259,26.521523,3
voorwaarts,Voorwaarts,Free State,-29.259794,25.576084,3
vorstersvlakte,Vorstersvlakte,Free State,-30.241179,26.351176,3
vrede,Vrede,Free State,-27.425734,29.165854,3
vredefort,Vredefort,Free State,-27.008048,27.364601,3
vredepoort,Vredepoort,Free State,-29.233333,26,3
vredevlei,Vredevlei,Free State,-29.984036,25.545826,3
vryheid,Vryheid,Free State,-30.201884,26.773118,3
vrywoning,Vrywoning,Free State,-29.116667,26.966667,3
waaipoort,Waaipoort,Free State,-30.251945,26.611245,3
wanda,Wanda,Free State,-29.602995,24.437764,3
warden,Warden,Free State,-27.85452,28.965296,3
wasbank,Wasbank,Free State,-29.726697,26.425992,3
waterbron,Waterbron,Free State,-28.99794,26.059772,3
waterbult,Waterbult,Free State,-27.783333,29.45,3
waterford,Waterford,Free State,-30.286418,26.668701,3
waterkloof,Waterkloof,Free State,-30.309785,25.297067,3
waterland,Waterland,Free State,-29.216069,27.215193,3
waterloo,Waterloo,Free State,-29.178071,26.061513,3
waterpas,Waterpas,Free State,-29.333333,26.6,3
waterpaslaagte,Waterpaslaagte,Free State,-28.716667,25.3,3
waterval,Waterval,Free State,-29.100956,26.503646,3
weiveld,Weiveld,Free State,-26.973633,27.625194,3
welbedacht,Welbedacht,Free State,-29.1,27.316667,3
welgedaap,Welgedaap,Free State,-29.716667,26.5,3
welgestreden,Welgestreden,Free State,-29.271741,27.413643,3
welkom,Welkom,Free State,-27.986442,26.706612,3
welkon,Welkon,Free State,-30.381969,26.547638,3
weltevrede,Weltevrede,Free State,-26.833333,27.766667,3
weltevrede nedersetting,Weltevrede Nedersetting,Free State,-27.230753,27.552074,3
weltevreden,Weltevreden,Free State,-26.833333,27.766667,3
weltevreden settlement,Weltevreden Settlement,Free State,-27.230753,27.552074,3
weltevrede-oos,Weltevrede-Oos,Free State,-29.506001,26.529892,3
welverdiend,Welverdiend,Free State,-27.066667,28.766667,3
wepener,Wepener,Free State,-29.728664,27.038051,3
werda,Werda,Free State,-29.406916,25.646362,3
wesselsbron,Wesselsbron,Free State,-27.854904,26.365827,3
weston,Weston,Free State,-29.516667,26.2,3
westree,Westree,Free State,-29.966667,26.233333,3
whitehills,Whitehills,Free State,-29.124929,27.407179,3
whites,Whites,Free State,-28.007329,26.993241,3
wildealskloof,Wildealskloof,Free State,-29.034282,26.240418,3
wildebeesfontein,Wildebeesfontein,Free State,-29.741537,26.411379,3
wildebeeslaagte,Wildebeeslaagte,Free State,-28.502003,27.357878,3
wildebeestlaagte,Wildebeestlaagte,Free State,-30.480221,26.463751,3
wilgedraai,Wilgedraai,Free State,-29.616071,27.056486,3
wilgerfontein,Wilgerfontein,Free State,-29.909041,26.138561,3
wilgevlei,Wilgevlei,Free State,-27.296352,29.255065,3
wilhelmshohe,Wilhelmshöhe,Free State,-29.383715,26.081653,3
willow park,Willow Park,Free State,-29.451815,26.853946,3
willows,Willows,Free State,-29.12078,26.205288,3
winburg,Winburg,Free State,-28.518046,27.009331,3
windpoort,Windpoort,Free State,-30.579393,26.750106,3
winkelpos,Winkelpos,Free State,-27.6,26.8,3
winkelpost,Winkelpost,Free State,-27.6,26.8,3
witlaagte,Witlaagte,Free State,-29.95433,26.196372,3
witsieshoek,Witsieshoek,Free State,-28.529602,28.800361,3
witzieshoek,Witzieshoek,Free State,-28.529602,28.800361,3
wolfkop,Wolfkop,Free State,-29.128531,26.07135,3
woltemede,Woltemede,Free State,-30.499992,26.399371,3
wolvenspruit,Wolvenspruit,Free State,-28.845895,25.548719,3
wolvepan,Wolvepan,Free State,-29.766667,26.533333,3
wolwedrift,Wolwedrift,Free State,-28.845895,25.548719,3
wolwehoek,Wolwehoek,Free State,-26.914522,27.817005,3
wolwekoek,Wolwekoek,Free State,-26.914522,27.817005,3
wolwekop,Wolwekop,Free State,-29.45948,26.669424,3
wolweleegte,Wolweleegte,Free State,-29.878341,26.216927,3
wolwepan,Wolwepan,Free State,-29.766667,26.533333,3
wolwespruit,Wolwespruit,Free State,-28.845895,25.548719,3
wonderklip,Wonderklip,Free State,-29.423174,26.130615,3
wonderkop,Wonderkop,Free State,-29.273191,27.116236,3
woodbridge,Woodbridge,Free State,-29.402763,26.820209,3
woodlands,Woodlands,Free State,-29.195418,26.075028,3
woodridge,Woodridge,Free State,-29.402763,26.820209,3
workshop,Workshop,Free State,-29.93453,27.057939,3
yestervarkfontein,Yestervarkfontein,Free State,-30.101473,26.5183,3
york,York,Free State,-29.301294,26.966314,3
yoxford,Yoxford,Free State,-29.413379,26.84787,3
yuleton,Yuleton,Free State,-29.448124,26.739911,3
zamdela,Zamdela,Free State,-26.837306,27.843526,3
zanddraai,Zanddraai,Free State,-27.841501,28.788046,3
zastron,Zastron,Free State,-30.302249,27.083951,3
zeekoegat,Zeekoegat,Free State,-30.367163,26.884615,3
zevenjaarsfontein,Zevenjaarsfontein,Free State,-30.516667,26.833333,3
zuurfontein,Zuurfontein,Free State,-29.833333,26.816667,3
zuurspruit,Zuurspruit,Free State,-29.766532,26.38529,3
akasia,Akasia,Gauteng,-25.656111,28.092778,6
alberton,Alberton,Gauteng,-26.265207,28.140595,6
albertynsville,Albertynsville,Gauteng,-26.266667,27.85,6
alexandra,Alexandra,Gauteng,-26.105284,28.098836,6
alrapark,Alrapark,Gauteng,-26.435236,28.512918,6
alrode,Alrode,Gauteng,-26.308539,28.132243,6
althea,Althea,Gauteng,-26.426639,27.90708,6
annaton,Annaton,Gauteng,-26.534651,27.91619,6
annlin,Annlin,Gauteng,-25.685858,28.197592,6
antwerp,Antwerp,Gauteng,-26.105248,28.154828,6
arcon park,Arcon Park,Gauteng,-26.63446,27.943321,6
aston woods,Aston Woods,Gauteng,-26.25219,28.526301,6
atteridgeville,Atteridgeville,Gauteng,-25.770373,28.080728,6
avalon,Avalon,Gauteng,-26.1,28.133333,6
avondzon,Avondzon,Gauteng,-25.771478,28.454876,6
balmoral,Balmoral,Gauteng,-26.506207,27.92467,6
bantjesloo,Bantjesloo,Gauteng,-26.2,27.95,6
baragwanath,Baragwanath,Gauteng,-26.266667,27.983333,6
baragwanath hospital,Baragwanath Hospital,Gauteng,-26.266667,27.983333,6
barrage,Barrage,Gauteng,-26.764364,27.679608,6
baviaanspoort,Baviaanspoort,Gauteng,-25.673601,28.356133,6
beckedan,Beckedan,Gauteng,-26.066667,27.7,6
bedfordview,Bedfordview,Gauteng,-26.176685,28.142165,6
bedworth park,Bedworth Park,Gauteng,-26.707551,27.877721,6
bekkersdal,Bekkersdal,Gauteng,-26.28336,27.699256,6
benoni,Benoni,Gauteng,-26.190851,28.311338,6
bhongwem,Bhongwem,Gauteng,-26.166559,27.726803,6
bhongweni lokasie,Bhongweni Lokasie,Gauteng,-26.166559,27.726803,6
blackheath,Blackheath,Gauteng,-26.134646,27.971066,6
blignautrus,Blignautrus,Gauteng,-26.413708,27.945078,6
blyvooruitsig,Blyvooruitsig,Gauteng,-26.4,27.4,6
blyvooruitzicht,Blyvooruitzicht,Gauteng,-26.4,27.4,6
boekenhoutfontein,Boekenhoutfontein,Gauteng,-25.5,28.083333,6
boipatong,Boipatong,Gauteng,-26.665961,27.851356,6
boksburg,Boksburg,Gauteng,-26.214953,28.254732,6
bon accord,Bon Accord,Gauteng,-25.620322,28.202003,6
booysens,Booysens,Gauteng,-26.228694,28.025612,6
bophelong,Bophelong,Gauteng,-26.693849,27.79747,6
boskruin,Boskruin,Gauteng,-26.08607,27.950338,6
brakfontein,Brakfontein,Gauteng,-25.983805,28.792533,6
brakpan,Brakpan,Gauteng,-26.236561,28.369378,6
brandvlei,Brandvlei,Gauteng,-26.137812,27.577357,6
brandylei,Brandylei,Gauteng,-26.137812,27.577357,6
brenthurst,Brenthurst,Gauteng,-26.249532,28.370898,6
brentwood park,Brentwood Park,Gauteng,-26.135261,28.292582,6
brink's vlakfontein,Brink's Vlakfontein,Gauteng,-26.183333,27.8,6
brixton,Brixton,Gauteng,-26.19143,28.000378,6
bromona,Bromona,Gauteng,-25.683333,28.316667,6
bronkhorstspruit,Bronkhorstspruit,Gauteng,-25.810153,28.742483,6
brooklyn,Brooklyn,Gauteng,-25.765387,28.241388,6
bryanston,Bryanston,Gauteng,-26.052106,28.028051,6
bultfontein,Bultfontein,Gauteng,-26.415422,28.486828,6
bynespoort,Bynespoort,Gauteng,-25.646154,28.456022,6
capital park,Capital Park,Gauteng,-25.725136,28.188835,6
carletonville,Carletonville,Gauteng,-26.360943,27.397673,6
casseldale,Casseldale,Gauteng,-26.262956,28.467898,6
centurion,Centurion,Gauteng,-25.840795,28.176102,6
cerutiville,Cerutiville,Gauteng,-26.43677,28.512181,6
charterston,Charterston,Gauteng,-26.438406,28.512605,6
chartwell,Chartwell,Gauteng,-25.975518,27.967221,6
chrissiefontein,Chrissiefontein,Gauteng,-26.584509,28.04573,6
clayville,Clayville,Gauteng,-25.956156,28.220653,6
clubview,Clubview,Gauteng,-25.834802,28.170299,6
clubview east,Clubview East,Gauteng,-25.837222,28.167778,6
constantiapark,Constantiapark,Gauteng,-25.80907,28.279702,6
craighall,Craighall,Gauteng,-26.116667,28.016667,6
craighall park,Craighall Park,Gauteng,-26.125284,28.023821,6
crown douglas,Crown Douglas,Gauteng,-25.848333,28.919444,6
culemborgpark,Culemborgpark,Gauteng,-26.180044,27.691263,6
cullinan,Cullinan,Gauteng,-25.670885,28.523645,6
daleside,Daleside,Gauteng,-26.499076,28.064616,6
dalview,Dalview,Gauteng,-26.252898,28.347633,6
dancornia,Dancornia,Gauteng,-26.116667,27.6,6
danville,Danville,Gauteng,-25.74047,28.127472,6
daveyton,Daveyton,Gauteng,-26.138159,28.424922,6
de deur,De Deur,Gauteng,-26.533333,27.933333,6
de deur estates,De Deur Estates,Gauteng,-26.520429,27.92957,6
denneboom,Denneboom,Gauteng,-25.718056,28.334167,6
dersley,Dersley,Gauteng,-26.204659,28.414505,6
devon,Devon,Gauteng,-26.355763,28.778369,6
diepkloof,Diepkloof,Gauteng,-26.243584,27.950505,6
discovery,Discovery,Gauteng,-26.161889,27.894452,6
dobsonville,Dobsonville,Gauteng,-26.22342,27.867242,6
doornfontein,Doornfontein,Gauteng,-26.394885,27.320884,6
doornkop,Doornkop,Gauteng,-26.241658,27.806566,6
doornpoort,Doornpoort,Gauteng,-25.655056,28.254786,6
doornrandjies,Doornrandjies,Gauteng,-25.920161,27.995436,6
droogheuwel,Droogheuwel,Gauteng,-26.183333,27.65,6
dube,Dube,Gauteng,-26.25,27.916667,6
duduza,Duduza,Gauteng,-26.379594,28.406282,6
duncanville,Duncanville,Gauteng,-26.654711,27.937432,6
dunkeld,Dunkeld,Gauteng,-26.137843,28.041183,6
dunnottar,Dunnottar,Gauteng,-26.345934,28.428479,6
duxberry,Duxberry,Gauteng,-26.073543,28.053129,6
east lynne,East Lynne,Gauteng,-25.706642,28.277774,6
east village,East Village,Gauteng,-26.387818,27.514832,6
eastwood,Eastwood,Gauteng,-25.784167,28.306111,6
edendale,Edendale,Gauteng,-26.133333,28.15,6
edenvale,Edenvale,Gauteng,-26.139224,28.165755,6
eerste fabrieke,Eerste Fabrieke,Gauteng,-25.720278,28.36,6
eersterus,Eersterus,Gauteng,-25.705459,28.314954,6
eikenhof,Eikenhof,Gauteng,-26.332683,27.97381,6
ekandustria,Ekandustria,Gauteng,-25.688988,28.7104,6
ekangala,Ekangala,Gauteng,-25.696193,28.749183,6
elands,Elands,Gauteng,-26.160112,27.650896,6
elandsfontein,Elandsfontein,Gauteng,-25.696667,28.568056,6
elandsrivier,Elandsrivier,Gauteng,-25.764444,28.577222,6
elarduspark,Elarduspark,Gauteng,-25.834992,28.26129,6
eldoradopark,Eldoradopark,Gauteng,-26.297115,27.897841,6
eldoraigne,Eldoraigne,Gauteng,-25.838333,28.150833,6
eljeesee,Eljeesee,Gauteng,-26.085457,27.673284,6
elsburg,Elsburg,Gauteng,-26.245578,28.197863,6
emmarentia,Emmarentia,Gauteng,-26.166003,28.011657,6
emmasdale,Emmasdale,Gauteng,-26.54681,28.349182,6
enkeldoorn,Enkeldoorn,Gauteng,-25.4064,28.67772,6
enkeldoring,Enkeldoring,Gauteng,-25.4064,28.67772,6
erand,Erand,Gauteng,-25.983333,28.116667,6
erasmia,Erasmia,Gauteng,-25.814641,28.095952,6
erasmus,Erasmus,Gauteng,-25.810153,28.742483,6
evaton,Evaton,Gauteng,-26.533333,27.85,6
fairland,Fairland,Gauteng,-26.133871,27.94532,6
fairlands,Fairlands,Gauteng,-26.133871,27.94532,6
farmall,Farmall,Gauteng,-25.999011,27.957902,6
ferndale,Ferndale,Gauteng,-26.088022,27.995264,6
fietas,Fietas,Gauteng,-26.2,28.083333,6
florida,Florida,Gauteng,-26.174348,27.925642,6
fontainbleau,Fontainbleau,Gauteng,-26.103024,27.970836,6
fontainebleau,Fontainebleau,Gauteng,-26.103024,27.970836,6
fordsburg,Fordsburg,Gauteng,-26.25,27.833333,6
forfar,Forfar,Gauteng,-25.764167,28.612222,6
four ways,Four Ways,Gauteng,-26.029018,27.999382,6
garsfontein,Garsfontein,Gauteng,-25.793499,28.299999,6
geduld,Geduld,Gauteng,-26.232791,28.425865,6
geldenhuis,Geldenhuis,Gauteng,-26.183333,28.116667,6
germiston,Germiston,Gauteng,-26.234806,28.176654,6
gezina,Gezina,Gauteng,-25.718667,28.206734,6
gladysvale,Gladysvale,Gauteng,-25.9,27.766667,6
glen austin,Glen Austin,Gauteng,-25.966667,28.15,6
glen donald,Glen Donald,Gauteng,-26.612017,27.989228,6
glenharvie,Glenharvie,Gauteng,-26.389893,27.615915,6
glenvista,Glenvista,Gauteng,-26.282076,28.047985,6
golf view,Golf View,Gauteng,-26.426552,27.943603,6
government village,Government Village,Gauteng,-26.206014,27.697089,6
graley,Graley,Gauteng,-25.766667,28.85,6
grasmere,Grasmere,Gauteng,-26.427497,27.86023,6
greenview,Greenview,Gauteng,-25.731389,28.397778,6
groenpunt,Groenpunt,Gauteng,-26.826341,28.038443,6
groot-elandsvlei,Groot-Elandsvlei,Gauteng,-26.139916,27.6703,6
halfway house,Halfway House,Gauteng,-25.997137,28.129919,6
hartsenbergfontein,Hartsenbergfontein,Gauteng,-26.397421,27.956029,6
hartzenbergfontein,Hartzenbergfontein,Gauteng,-26.397421,27.956029,6
hatfield,Hatfield,Gauteng,-25.749728,28.243141,6
hatherley,Hatherley,Gauteng,-25.733333,28.366667,6
hatherly,Hatherly,Gauteng,-25.733333,28.366667,6
heather bell,Heather Bell,Gauteng,-26.083333,28.333333,6
heidelberg,Heidelberg,Gauteng,-26.504759,28.359214,6
heidelburg,Heidelburg,Gauteng,-26.504759,28.359214,6
hekpoort,Hekpoort,Gauteng,-25.882235,27.61654,6
helderblom,Helderblom,Gauteng,-26.096643,27.695398,6
helena's rust,Helena's Rust,Gauteng,-26.6,27.933333,6
henley on klip,Henley on Klip,Gauteng,-26.53896,28.06288,6
hercules,Hercules,Gauteng,-25.724438,28.164396,6
heumingfontein,Heumingfontein,Gauteng,-26.419701,28.759674,6
hillbrow,Hillbrow,Gauteng,-26.18921,28.048761,6
hillshaven,Hillshaven,Gauteng,-26.364473,27.658079,6
hillside,Hillside,Gauteng,-26.222875,27.621627,6
hiltonia,Hiltonia,Gauteng,-26.370047,27.782588,6
holfontein,Holfontein,Gauteng,-26.164718,27.465381,6
homestead apple orchards,Homestead Apple Orchards,Gauteng,-26.461413,27.936189,6
honeydew,Honeydew,Gauteng,-26.079918,27.925387,6
honeyvale,Honeyvale,Gauteng,-25.533333,28.15,6
hornsnek,Hornsnek,Gauteng,-25.635833,28.058611,6
houghton,Houghton,Gauteng,-26.16242,28.051305,6
houghton estate,Houghton Estate,Gauteng,-26.16242,28.051305,6
houtkop,Houtkop,Gauteng,-26.6,27.866667,6
hyde park,Hyde Park,Gauteng,-26.120694,28.03788,6
inadan,Inadan,Gauteng,-26.014097,27.957208,6
inanda,Inanda,Gauteng,-26.119772,28.058779,6
innesdale,Innesdale,Gauteng,-25.716667,28.216667,6
irene,Irene,Gauteng,-25.870443,28.217773,6
ironside,Ironside,Gauteng,-26.509493,27.912697,6
isando,Isando,Gauteng,-26.13955,28.209341,6
isidule,Isidule,Gauteng,-25.814192,28.405578,6
jabavu,Jabavu,Gauteng,-26.25,27.916667,6
jackson's drift,Jackson's Drift,Gauteng,-26.332014,27.989006,6
jameson park,Jameson Park,Gauteng,-26.451156,28.416546,6
johannesburg,Johannesburg,Gauteng,-26.205171,28.049815,6
kagiso,Kagiso,Gauteng,-26.142014,27.7979,6
kalbasfontein,Kalbasfontein,Gauteng,-26.501853,27.683161,6
kameelpoortnek,Kameelpoortnek,Gauteng,-25.7,28.333333,6
kate hamel,Kate Hamel,Gauteng,-26.3,28.233333,6
kate hamel settlement,Kate Hamel Settlement,Gauteng,-26.3,28.233333,6
katlehong,Katlehong,Gauteng,-26.339949,28.156996,6
kempton park,Kempton Park,Gauteng,-26.098762,28.233013,6
kenilworth,Kenilworth,Gauteng,-26.247092,28.047313,6
kensington,Kensington,Gauteng,-26.196748,28.096871,6
kew,Kew,Gauteng,-26.121325,28.095734,6
khutsong,Khutsong,Gauteng,-26.324593,27.321027,6
kings kloof,Kings Kloof,Gauteng,-26.05,27.783333,6
klein elandsvlei,Klein Elandsvlei,Gauteng,-26.154141,27.634847,6
klip river,Klip River,Gauteng,-26.577704,28.005014,6
klipdrift,Klipdrift,Gauteng,-25.36027,28.338243,6
klipfontein,Klipfontein,Gauteng,-25.816667,28.083333,6
kliprivier,Kliprivier,Gauteng,-26.577704,28.005014,6
kloofsig,Kloofsig,Gauteng,-25.812975,28.205524,6
kocksoord,Kocksoord,Gauteng,-26.22311,27.646182,6
koedoe,Koedoe,Gauteng,-25.9,28.016667,6
komnader,Komnader,Gauteng,-25.916667,27.566667,6
kromdraai,Kromdraai,Gauteng,-25.460736,28.268955,6
krugersdorp,Krugersdorp,Gauteng,-26.092835,27.790701,6
krugersdorp west,Krugersdorp West,Gauteng,-26.097905,27.748411,6
kwamhlanga,Kwamhlanga,Gauteng,-25.430006,28.712183,6
kwathema,KwaThema,Gauteng,-26.295754,28.400089,6
la guelderland,La Guelderland,Gauteng,-25.45,28.183333,6
lady selborne,Lady Selborne,Gauteng,-25.7,28.133333,6
lakeside,Lakeside,Gauteng,-26.099343,28.146984,6
langlaagte,Langlaagte,Gauteng,-26.366667,28.05,6
laudium,Laudium,Gauteng,-25.787024,28.103862,6
lavenir,Lavenir,Gauteng,-25.65,28.333333,6
laversburg,Laversburg,Gauteng,-26.429483,28.495078,6
lawley,Lawley,Gauteng,-26.386026,27.813287,6
lawley south,Lawley South,Gauteng,-26.4,27.816667,6
leeukraal-dos,Leeukraal-Dos,Gauteng,-25.35,28.3,6
leeukraal-oos,Leeukraal-Oos,Gauteng,-25.35,28.3,6
leeuwfontein,Leeuwfontein,Gauteng,-25.671792,28.35983,6
lenasia,Lenasia,Gauteng,-26.320516,27.835641,6
lenteland,Lenteland,Gauteng,-26.578223,27.893563,6
lewisham,Lewisham,Gauteng,-26.122451,27.814421,6
linden,Linden,Gauteng,-26.130879,27.996152,6
lindequesdrif,Lindequesdrif,Gauteng,-26.741433,27.577677,6
lindequesdrift,Lindequesdrift,Gauteng,-26.741433,27.577677,6
little falls,Little Falls,Gauteng,-26.119001,27.890826,6
lochvaal,Lochvaal,Gauteng,-26.742633,27.69704,6
lombardy east,Lombardy East,Gauteng,-26.118323,28.124729,6
loumarina,Loumarina,Gauteng,-26.15,27.65,6
lyndhurst,Lyndhurst,Gauteng,-26.127517,28.109052,6
lynnwood,Lynnwood,Gauteng,-25.759737,28.26506,6
lynnwood manor,Lynnwood Manor,Gauteng,-25.765687,28.280825,6
lyttelton,Lyttelton,Gauteng,-25.829884,28.201197,6
maanhaarrand,Maanhaarrand,Gauteng,-25.915718,27.456824,6
mabopane,Mabopane,Gauteng,-25.497677,28.100654,6
mackenzieville,Mackenzieville,Gauteng,-26.438406,28.512605,6
madeteleli,Madeteleli,Gauteng,-25.95,27.783333,6
magaliesburg,Magaliesburg,Gauteng,-25.993603,27.55619,6
makometsane,Makometsane,Gauteng,-25.1156,28.927032,6
malotto,Malotto,Gauteng,-25.462606,28.638733,6
malvern,Malvern,Gauteng,-26.202662,28.101387,6
malvern east,Malvern East,Gauteng,-26.202662,28.101387,6
mamelodi,Mamelodi,Gauteng,-25.713013,28.365341,6
maraisburg,Maraisburg,Gauteng,-26.17523,27.939398,6
marievale,Marievale,Gauteng,-26.353459,28.497515,6
marshallstown,Marshallstown,Gauteng,-26.2,28.083333,6
marshalltown,Marshalltown,Gauteng,-26.2,28.083333,6
martindale,Martindale,Gauteng,-26.2,28.083333,6
mckay,McKay,Gauteng,-26.633333,27.966667,6
meadowlands,Meadowlands,Gauteng,-26.2,27.883333,6
melville,Melville,Gauteng,-26.176038,28.008953,6
menlo park,Menlo Park,Gauteng,-25.771111,28.307778,6
meule,Meule,Gauteng,-25.65,28.533333,6
meyerspark,Meyerspark,Gauteng,-25.741106,28.32162,6
meyerton,Meyerton,Gauteng,-26.559866,28.019501,6
meyerton farms,Meyerton Farms,Gauteng,-26.55,28,6
middenerdale,Middenerdale,Gauteng,-26.414051,27.842557,6
mid-ennerdale,Mid-Ennerdale,Gauteng,-26.414051,27.842557,6
midrand,Midrand,Gauteng,-25.963611,28.137778,6
modderfontein,Modderfontein,Gauteng,-26.091011,28.166905,6
mofolo,Mofolo,Gauteng,-26.253018,27.888295,6
mohlakeng,Mohlakeng,Gauteng,-26.225994,27.696346,6
moloto,Moloto,Gauteng,-25.462606,28.638733,6
monavoni,Monavoni,Gauteng,-25.9,28.1,6
monument park,Monument Park,Gauteng,-25.806884,28.226912,6
mooiplaas,Mooiplaas,Gauteng,-25.832356,28.090061,6
mooka,Mooka,Gauteng,-25.715278,28.073056,6
morningside,Morningside,Gauteng,-26.077456,28.062456,6
moroka,Moroka,Gauteng,-26.259422,27.876816,6
mount hope,Mount Hope,Gauteng,-25.434691,28.634269,6
mpanzaville,Mpanzaville,Gauteng,-26.267812,27.858492,6
muldersdrif,Muldersdrif,Gauteng,-26.032987,27.841318,6
muldersdrift,Muldersdrift,Gauteng,-26.032987,27.841318,6
nancefield,Nancefield,Gauteng,-26.30395,27.917881,6
natalspruit,Natalspruit,Gauteng,-26.306452,28.146056,6
new state areas,New State Areas,Gauteng,-26.25,28.433333,6
newclare,Newclare,Gauteng,-26.2,28.083333,6
newlands,Newlands,Gauteng,-26.169168,27.96611,6
nigel,Nigel,Gauteng,-26.431376,28.477132,6
noordheuwel,Noordheuwel,Gauteng,-26.08665,27.802779,6
norkem park,Norkem Park,Gauteng,-26.05316,28.222891,6
northcliff,Northcliff,Gauteng,-26.153953,27.961575,6
northdene,Northdene,Gauteng,-26.033333,28.083333,6
northdene estate,Northdene Estate,Gauteng,-26.033333,28.083333,6
oberholzer,Oberholzer,Gauteng,-26.355468,27.386664,6
oberholzer settlement,Oberholzer Settlement,Gauteng,-26.35,27.3,6
olifantsfontein,Olifantsfontein,Gauteng,-25.949257,28.229452,6
onderstepoort,Onderstepoort,Gauteng,-25.649512,28.185408,6
oos-driefontein,Oos-Driefontein,Gauteng,-26.384766,27.48637,6
ooster,Ooster,Gauteng,-26.153574,27.641672,6
ophir,Ophir,Gauteng,-26.539196,27.981634,6
orange grove,Orange Grove,Gauteng,-26.161838,28.090109,6
orlando,Orlando,Gauteng,-26.251662,27.926209,6
ottosdrif,Ottosdrif,Gauteng,-26.7,27.75,6
ottosdrift,Ottosdrift,Gauteng,-26.7,27.75,6
paardekraal,Paardekraal,Gauteng,-26.183333,27.883333,6
pageview,Pageview,Gauteng,-26.2,28.083333,6
panpoort,Panpoort,Gauteng,-25.736111,28.443333,6
parkhurst,Parkhurst,Gauteng,-26.138139,28.018238,6
parkmore,Parkmore,Gauteng,-26.095959,28.037448,6
parktown,Parktown,Gauteng,-26.182052,28.026709,6
parkview,Parkview,Gauteng,-26.165288,28.024387,6
payneville,Payneville,Gauteng,-26.216667,28.466667,6
peacehaven,Peacehaven,Gauteng,-26.662702,27.946862,6
percydale,Percydale,Gauteng,-25.773333,28.641667,6
petit,Petit,Gauteng,-26.098548,28.376438,6
petronella,Petronella,Gauteng,-25.506111,28.251944,6
pienaarsrivier nedersetting,Pienaarsrivier Nedersetting,Gauteng,-25.325556,28.308611,6
pimville,Pimville,Gauteng,-26.272301,27.906818,6
pinedene,Pinedene,Gauteng,-25.916111,28.232778,6
pretoria,Pretoria,Gauteng,-25.706944,28.229444,6
pretoria north,Pretoria North,Gauteng,-25.681983,28.174773,6
pretoria west,Pretoria West,Gauteng,-25.75442,28.161252,6
pretoria-noord,Pretoria-Noord,Gauteng,-25.681983,28.174773,6
pretoria-wes,Pretoria-Wes,Gauteng,-25.75442,28.161252,6
primrose,Primrose,Gauteng,-26.186887,28.165965,6
protea,Protea,Gauteng,-26.286102,27.840991,6
protea ridge,Protea Ridge,Gauteng,-26.033333,27.75,6
putfontein,Putfontein,Gauteng,-26.122288,28.404054,6
pylpunt,Pylpunt,Gauteng,-25.552604,28.285034,6
pyramid,Pyramid,Gauteng,-25.59053,28.237072,6
queenswood,Queenswood,Gauteng,-25.729691,28.25323,6
randburg,Randburg,Gauteng,-26.099072,27.975854,6
randfontein,Randfontein,Gauteng,-26.178429,27.690266,6
randfontein south,Randfontein South,Gauteng,-26.253954,27.681699,6
randgate,Randgate,Gauteng,-26.16881,27.682158,6
randjesfontein,Randjesfontein,Gauteng,-25.951667,28.1425,6
randridge,Randridge,Gauteng,-26.136011,27.631658,6
ratanda,Ratanda,Gauteng,-26.552327,28.326743,6
rayton,Rayton,Gauteng,-25.739172,28.533384,6
redan,Redan,Gauteng,-26.619398,27.963669,6
renos,Renos,Gauteng,-25.933333,27.85,6
rensburg,Rensburg,Gauteng,-26.525089,28.374005,6
rensburgdorp,Rensburgdorp,Gauteng,-26.525089,28.374005,6
rhenosterfontein,Rhenosterfontein,Gauteng,-25.266667,28.566667,6
richmond,Richmond,Gauteng,-26.693717,27.937401,6
rietfontein,Rietfontein,Gauteng,-25.706865,28.224287,6
rikasrus,Rikasrus,Gauteng,-26.256016,27.560676,6
riversdaie,Riversdaie,Gauteng,-26.606272,28.051204,6
riversdale,Riversdale,Gauteng,-26.606272,28.051204,6
riverside,Riverside,Gauteng,-25.699722,28.310833,6
rivonia,Rivonia,Gauteng,-26.053154,28.059594,6
roberts heights,Roberts Heights,Gauteng,-25.8,28.116667,6
robertsham,Robertsham,Gauteng,-26.244874,28.014128,6
rodora,Rodora,Gauteng,-26.216667,27.5,6
roodekrans,Roodekrans,Gauteng,-26.102781,27.850225,6
roodepoort,Roodepoort,Gauteng,-26.156882,27.888162,6
roodeport-maraisburg,Roodeport-Maraisburg,Gauteng,-26.156882,27.888162,6
roodia,Roodia,Gauteng,-26.733333,27.8,6
rooihuiskraal,Rooihuiskraal,Gauteng,-25.89428,28.150757,6
rooiwal,Rooiwal,Gauteng,-25.53215,28.186602,6
roosevelt park,Roosevelt Park,Gauteng,-26.15,27.983333,6
rosettenville,Rosettenville,Gauteng,-26.24634,28.056598,6
rosherville,Rosherville,Gauteng,-26.183333,28.15,6
roshnee,Roshnee,Gauteng,-26.561868,27.941026,6
rosslyn,Rosslyn,Gauteng,-25.624167,28.094167,6
rothdene,Rothdene,Gauteng,-26.601968,27.994392,6
rust ter vaal,Rust ter Vaal,Gauteng,-26.573562,27.945231,6
sandhurst,Sandhurst,Gauteng,-26.109865,28.043438,6
sandown,Sandown,Gauteng,-26.1,28.066667,6
sandton,Sandton,Gauteng,-26.05,27.966667,6
saulsville,Saulsville,Gauteng,-25.774195,28.057561,6
schapenrust,Schapenrust,Gauteng,-26.267509,28.366418,6
sebokeng,Sebokeng,Gauteng,-26.55898,27.844094,6
selection park,Selection Park,Gauteng,-26.289891,28.447032,6
seringkop,Seringkop,Gauteng,-25.515,28.725833,6
sesfontein,Sesfontein,Gauteng,-26.082507,28.367682,6
sharpeville,Sharpeville,Gauteng,-26.684154,27.874338,6
sharpville,Sharpville,Gauteng,-26.684154,27.874338,6
silberman's post,Silberman's Post,Gauteng,-25.4,28.1,6
silbermanspos,Silbermanspos,Gauteng,-25.4,28.1,6
silverton,Silverton,Gauteng,-25.725892,28.313702,6
sinoville,Sinoville,Gauteng,-25.676292,28.219874,6
sonderwater,Sonderwater,Gauteng,-25.689545,28.542572,6
sonlandpark,Sonlandpark,Gauteng,-26.611873,27.903991,6
sonnedal,Sonnedal,Gauteng,-26.033333,27.9,6
sophiatown,Sophiatown,Gauteng,-26.17465,27.974209,6
soshanguve,Soshanguve,Gauteng,-25.472878,28.099189,6
southdene,Southdene,Gauteng,-26.412027,27.37169,6
soutpan,Soutpan,Gauteng,-25.407222,28.103056,6
soweto,Soweto,Gauteng,-26.267812,27.858492,6
sphinx,Sphinx,Gauteng,-25.605556,28.213333,6
springfield collieries,Springfield Collieries,Gauteng,-26.598058,27.942572,6
springs,Springs,Gauteng,-26.25,28.4,6
spykerras,Spykerras,Gauteng,-25.455556,28.266944,6
stil gelee,Stil Gelee,Gauteng,-25.595044,28.262489,6
stofberg,Stofberg,Gauteng,-26.833333,28.066667,6
stofberg-gedenkskool,Stofberg-Gedenkskool,Gauteng,-26.833333,28.066667,6
stoffberggedenkskool,Stoffberggedenkskool,Gauteng,-26.833333,28.066667,6
strathavon,Strathavon,Gauteng,-26.1,28.066667,6
strydfontein,Strydfontein,Gauteng,-25.637033,28.040381,6
sunnyside,Sunnyside,Gauteng,-25.757459,28.211326,6
susterstroom,Susterstroom,Gauteng,-25.547049,28.947346,6
swartspruit,Swartspruit,Gauteng,-25.72071,28.012323,6
sybrandskraal,Sybrandskraal,Gauteng,-25.462606,28.638733,6
tarlton,Tarlton,Gauteng,-26.083333,27.65,6
tembisa,Tembisa,Gauteng,-25.996363,28.226802,6
ten acre,Ten Acre,Gauteng,-26.254908,27.616228,6
tetema,Tetema,Gauteng,-25.65,28.85,6
thabakhubedu,Thabakhubedu,Gauteng,-25.341457,29.251988,6
the highlands,The Highlands,Gauteng,-25.798056,28.290833,6
the village,The Village,Gauteng,-26.400095,27.384816,6
thorndale,Thorndale,Gauteng,-25.933333,27.516667,6
three rivers,Three Rivers,Gauteng,-26.654056,27.976208,6
tierpoort,Tierpoort,Gauteng,-25.870931,28.438568,6
toekomsrus,Toekomsrus,Gauteng,-26.206201,27.711381,6
tokoza,Tokoza,Gauteng,-26.366667,28.066667,6
trevallyn,Trevallyn,Gauteng,-26.019605,27.951687,6
triomf,Triomf,Gauteng,-26.17465,27.974209,6
tsakane,Tsakane,Gauteng,-26.35626,28.382083,6
turffontein,Turffontein,Gauteng,-26.241861,28.036932,6
vaalplaas,Vaalplaas,Gauteng,-25.642767,28.888198,6
vaalview,Vaalview,Gauteng,-26.725751,27.75105,6
valhalla,Valhalla,Gauteng,-25.805838,28.149428,6
valley nedersettings,Valley Nedersettings,Gauteng,-26.518393,28.01536,6
valley settlements,Valley Settlements,Gauteng,-26.518393,28.01536,6
van der merwe,Van der Merwe,Gauteng,-25.721667,28.496944,6
van der merweskroon,Van der Merweskroon,Gauteng,-26.610564,27.922278,6
van wyksrus,Van Wyksrus,Gauteng,-26.325172,27.879704,6
van wyksrust,Van Wyksrust,Gauteng,-26.325172,27.879704,6
vanderbijlpark,Vanderbijlpark,Gauteng,-26.711711,27.837949,6
vasfontein,Vasfontein,Gauteng,-25.541448,28.238862,6
venterpos-west,Venterpos-West,Gauteng,-26.266667,27.633333,6
venterspos,Venterspos,Gauteng,-26.274035,27.621188,6
venterspost,Venterspost,Gauteng,-26.274035,27.621188,6
vereeniging,Vereeniging,Gauteng,-26.673133,27.926147,6
verena,Verena,Gauteng,-25.482506,29.027634,6
verwoerdburg,Verwoerdburg,Gauteng,-25.840795,28.176102,6
villieria,Villieria,Gauteng,-25.717364,28.232176,6
vlakplaas,Vlakplaas,Gauteng,-26.633849,27.679876,6
vlakplaats,Vlakplaats,Gauteng,-26.633849,27.679876,6
vleikop,Vleikop,Gauteng,-26.26638,27.554005,6
voortrekker,Voortrekker,Gauteng,-25.8,28.116667,6
voortrekkerhoogte,Voortrekkerhoogte,Gauteng,-25.8,28.116667,6
voortrekkers,Voortrekkers,Gauteng,-25.8,28.116667,6
vosloorus,Vosloorus,Gauteng,-26.357449,28.207561,6
vrededorp,Vrededorp,Gauteng,-26.2,28.083333,6
waaikraal,Waaikraal,Gauteng,-25.998902,28.696554,6
walkerville,Walkerville,Gauteng,-26.420927,27.952515,6
wallmannstal,Wallmannstal,Gauteng,-25.516667,28.3,6
wallmannsthal,Wallmannsthal,Gauteng,-25.516667,28.3,6
wallmansthall,Wallmansthall,Gauteng,-25.539682,28.314665,6
waltloo,Waltloo,Gauteng,-25.723564,28.313977,6
waterdal,Waterdal,Gauteng,-26.56718,27.880503,6
waterkloof,Waterkloof,Gauteng,-25.778633,28.238021,6
waterkloof glen,Waterkloof Glen,Gauteng,-25.783333,28.266667,6
water's edge,Water's Edge,Gauteng,-26.323179,27.370789,6
waverley,Waverley,Gauteng,-25.702295,28.259068,6
waverly,Waverly,Gauteng,-26.135274,28.078383,6
welbekend,Welbekend,Gauteng,-25.94801,28.477347,6
welgedag,Welgedag,Gauteng,-26.209964,28.501257,6
weltevredenpark,Weltevredenpark,Gauteng,-26.126133,27.931283,6
welverdiend,Welverdiend,Gauteng,-26.387516,27.27789,6
wemmer,Wemmer,Gauteng,-26.2,28.016667,6
wespark,Wespark,Gauteng,-25.754821,28.126658,6
wes-rand,Wes-Rand,Gauteng,-26.3,27.75,6
west fort,West Fort,Gauteng,-25.735225,28.090592,6
west park,West Park,Gauteng,-25.754821,28.126658,6
west rand garden,West Rand Garden,Gauteng,-26.285293,27.660944,6
west rand garden estate,West Rand Garden Estate,Gauteng,-26.285293,27.660944,6
westcliff,Westcliff,Gauteng,-26.172102,28.026845,6
westcliffe,Westcliffe,Gauteng,-26.172102,28.026845,6
westdene,Westdene,Gauteng,-26.175325,27.987569,6
westergloor,Westergloor,Gauteng,-26.200438,27.699655,6
western areas,Western Areas,Gauteng,-26.35,27.7,6
western township,Western Township,Gauteng,-26.166667,27.883333,6
westford,Westford,Gauteng,-25.735225,28.090592,6
westonaria,Westonaria,Gauteng,-26.319055,27.648605,6
wheatlands,Wheatlands,Gauteng,-26.211951,27.612959,6
wilgerivier,Wilgerivier,Gauteng,-25.828889,28.8775,6
willowdene,Willowdene,Gauteng,-26.289099,27.955782,6
windsor,Windsor,Gauteng,-26.116667,27.966667,6
wingate park,Wingate Park,Gauteng,-25.825928,28.267086,6
witfield,Witfield,Gauteng,-26.186909,28.206419,6
witpoortjie,Witpoortjie,Gauteng,-26.1498,27.827309,6
wonderfontein,Wonderfontein,Gauteng,-25.8,28.883333,6
wylies farm,Wylies Farm,Gauteng,-25.75621,28.09509,6
wynberg,Wynberg,Gauteng,-26.1,28.083333,6
yeoville,Yeoville,Gauteng,-26.182987,28.065008,6
ystervarkfontein,Ystervarkfontein,Gauteng,-25.588163,28.717881,6
zesfontein,Zesfontein,Gauteng,-26.082507,28.367682,6
zonderwater,Zonderwater,Gauteng,-25.689545,28.542572,6
zonnehoeve,Zonnehoeve,Gauteng,-26.070272,27.875403,6
zusterstroom,Zusterstroom,Gauteng,-25.547049,28.947346,6
aboretum,Aboretum,KwaZulu Natal,-28.756846,32.061743,2
aboyne,Aboyne,KwaZulu Natal,-28.666667,32.033333,2
acme,Acme,KwaZulu Natal,-28.593495,32.188436,2
acton homes,Acton Homes,KwaZulu Natal,-28.641221,29.406465,2
adams college,Adams College,KwaZulu Natal,-30.031986,30.815679,2
adams m.s.,Adams M.S.,KwaZulu Natal,-30.031986,30.815679,2
adams mission,Adams Mission,KwaZulu Natal,-30.031986,30.815679,2
adams mission station,Adams Mission Station,KwaZulu Natal,-30.031986,30.815679,2
addington,Addington,KwaZulu Natal,-29.85,31.033333,2
agatha,Agatha,KwaZulu Natal,-28.2,30.75,2
ahrens,Ahrens,KwaZulu Natal,-29.062592,30.754607,2
albert,Albert,KwaZulu Natal,-29.440393,30.43344,2
albert falls,Albert Falls,KwaZulu Natal,-29.440393,30.43344,2
alcockspruit,Alcockspruit,KwaZulu Natal,-27.912508,30.001128,2
alderly,Alderly,KwaZulu Natal,-30.152347,30.331516,2
aldinville,Aldinville,KwaZulu Natal,-29.389426,31.246065,2
allerton,Allerton,KwaZulu Natal,-30.551513,30.537107,2
aloe corner,Aloe Corner,KwaZulu Natal,-29.904508,30.318663,2
alton,Alton,KwaZulu Natal,-28.762046,32.006789,2
altona,Altona,KwaZulu Natal,-27.379014,31.211045,2
altoona,Altoona,KwaZulu Natal,-27.379014,31.211045,2
alva,Alva,KwaZulu Natal,-28.5,30.4,2
amanzana,Amanzana,KwaZulu Natal,-28.786578,29.115933,2
amanzimtoti,Amanzimtoti,KwaZulu Natal,-30.052188,30.885266,2
amatata,aMatata,KwaZulu Natal,-29.62318,30.851909,2
amatikulu,aMatikulu,KwaZulu Natal,-29.046069,31.527783,2
ambleside,Ambleside,KwaZulu Natal,-29.373332,30.459219,2
amiel park,Amiel Park,KwaZulu Natal,-27.743728,29.926411,2
amitikulu station,Amitikulu Station,KwaZulu Natal,-29.046069,31.527783,2
anerley,Anerley,KwaZulu Natal,-30.676207,30.506806,2
appelbos,Appelbos,KwaZulu Natal,-29.384698,30.846734,2
appelsbosch,Appelsbosch,KwaZulu Natal,-29.384698,30.846734,2
arbor park,Arbor Park,KwaZulu Natal,-27.777156,29.9509,2
arboretum,Arboretum,KwaZulu Natal,-28.756846,32.061743,2
arborville,Arborville,KwaZulu Natal,-30.338577,30.599296,2
ardee,Ardee,KwaZulu Natal,-30.388943,30.375691,2
ardmore,Ardmore,KwaZulu Natal,-29.013724,29.493504,2
ashley,Ashley,KwaZulu Natal,-29.550627,30.112546,2
ashton,Ashton,KwaZulu Natal,-29.316667,31.233333,2
assina,Assina,KwaZulu Natal,-29.533333,29.833333,2
atherstone,Atherstone,KwaZulu Natal,-29.789255,30.347066,2
athlone,Athlone,KwaZulu Natal,-29.803059,31.030961,2
austerville,Austerville,KwaZulu Natal,-29.944921,30.977813,2
avocadale,Avocadale,KwaZulu Natal,-29.966667,29.816667,2
avondale,Avondale,KwaZulu Natal,-29.999973,30.530655,2
babanago,Babanago,KwaZulu Natal,-28.377345,31.085083,2
babanango,Babanango,KwaZulu Natal,-28.377345,31.085083,2
ballengeich,Ballengeich,KwaZulu Natal,-27.894015,29.97484,2
ballitoville,Ballitoville,KwaZulu Natal,-29.538969,31.214386,2
bambela,Bambela,KwaZulu Natal,-28.537025,31.751418,2
banbanango,Banbanango,KwaZulu Natal,-28.377345,31.085083,2
bandlabathwa,Bandlabathwa,KwaZulu Natal,-27.916667,31.183333,2
banganomo,Banganomo,KwaZulu Natal,-27.739636,31.901568,2
banginyama,Banginyama,KwaZulu Natal,-30.666667,30.016667,2
bangonomo,Bangonomo,KwaZulu Natal,-27.739636,31.901568,2
bassonsdrif,Bassonsdrif,KwaZulu Natal,-28.75,30.616667,2
bassonsdrift,Bassonsdrift,KwaZulu Natal,-28.75,30.616667,2
baviaanskrantz,Baviaanskrantz,KwaZulu Natal,-29.136071,30.734138,2
bayala,Bayala,KwaZulu Natal,-28.442199,31.820105,2
bayete,Bayete,KwaZulu Natal,-28.683333,31.066667,2
bayhead,Bayhead,KwaZulu Natal,-29.891679,30.989963,2
baynesfield,Baynesfield,KwaZulu Natal,-29.757483,30.353156,2
baynesfield estate,Baynesfield Estate,KwaZulu Natal,-29.757483,30.353156,2
beckenham,Beckenham,KwaZulu Natal,-30.644044,29.908652,2
bedat,Bedat,KwaZulu Natal,-29.683333,30.633333,2
bedat store,Bedat Store,KwaZulu Natal,-29.683333,30.633333,2
beersheba,Beersheba,KwaZulu Natal,-29.787434,29.662616,2
belhambra,Belhambra,KwaZulu Natal,-28.833333,30.083333,2
bellair,Bellair,KwaZulu Natal,-29.891951,30.950618,2
bellevue,Bellevue,KwaZulu Natal,-30.36122,28.88262,2
belliview,Belliview,KwaZulu Natal,-30.36122,28.88262,2
bennezar,Bennezar,KwaZulu Natal,-27.55,31.45,2
berea,Berea,KwaZulu Natal,-29.933333,31,2
bergville,Bergville,KwaZulu Natal,-28.731223,29.351867,2
berkleys,Berkleys,KwaZulu Natal,-30.863595,30.370522,2
besters,Besters,KwaZulu Natal,-28.433333,29.65,2
bethel,Bethel,KwaZulu Natal,-27.48245,31.891929,2
bhicini,Bhicini,KwaZulu Natal,-27.968454,31.839245,2
bhokweni,Bhokweni,KwaZulu Natal,-27.374794,32.031719,2
bhukubhukwini,Bhukubhukwini,KwaZulu Natal,-27.294445,32.266769,2
bishop colenso,Bishop Colenso,KwaZulu Natal,-29.57643,30.454538,2
bishopstowe,Bishopstowe,KwaZulu Natal,-29.57643,30.454538,2
biyela,Biyela,KwaZulu Natal,-28.483333,31.55,2
blaauwbosch,Blaauwbosch,KwaZulu Natal,-27.802098,30.086351,2
blaauwbosch laagte,Blaauwbosch Laagte,KwaZulu Natal,-27.802098,30.086351,2
blaauwkrantz,Blaauwkrantz,KwaZulu Natal,-28.85,29.85,2
blackburn,Blackburn,KwaZulu Natal,-28.957075,31.523316,2
blackmoor,Blackmoor,KwaZulu Natal,-29.883333,29.45,2
blarney,Blarney,KwaZulu Natal,-29.85,30.216667,2
bloemendal,Bloemendal,KwaZulu Natal,-27.835538,31.065455,2
blythedale beach,Blythedale Beach,KwaZulu Natal,-29.370641,31.347046,2
bo,Bo,KwaZulu Natal,-28.483333,30.416667,2
bon-accord,Bon-Accord,KwaZulu Natal,-30.334958,28.893274,2
bonds drift,Bonds Drift,KwaZulu Natal,-29.183333,31.416667,2
bongonoma,Bongonoma,KwaZulu Natal,-27.739636,31.901568,2
bonjaneni,Bonjaneni,KwaZulu Natal,-28.686541,28.976165,2
borderland,Borderland,KwaZulu Natal,-30.946634,30.171942,2
borderland estate,Borderland Estate,KwaZulu Natal,-30.946634,30.171942,2
boschfontein,Boschfontein,KwaZulu Natal,-30.583333,29.116667,2
boshoek,Boshoek,KwaZulu Natal,-27.583333,31.35,2
boston,Boston,KwaZulu Natal,-29.666667,29.966667,2
botha's hill,Botha's Hill,KwaZulu Natal,-29.736306,30.736352,2
boven,Boven,KwaZulu Natal,-28.483333,30.416667,2
braemar,Braemar,KwaZulu Natal,-30.965426,30.182853,2
braemer,Braemer,KwaZulu Natal,-30.965426,30.182853,2
brakfontein,Brakfontein,KwaZulu Natal,-28.001755,30.95825,2
brakspruit,Brakspruit,KwaZulu Natal,-27.960725,30.815421,2
brechan,Brechan,KwaZulu Natal,-30.017755,29.306857,2
brechen,Brechen,KwaZulu Natal,-30.017755,29.306857,2
brighton beach,Brighton Beach,KwaZulu Natal,-29.939574,31.000896,2
brookes,Brookes,KwaZulu Natal,-29.616667,29.766667,2
brooke's store,Brooke's Store,KwaZulu Natal,-29.616667,29.766667,2
brookland,Brookland,KwaZulu Natal,-30.558858,29.784497,2
brooklands,Brooklands,KwaZulu Natal,-30.517664,30.171583,2
brooklyn,Brooklyn,KwaZulu Natal,-28.919021,31.331005,2
brooks nek,Brooks Nek,KwaZulu Natal,-30.650429,29.487382,2
broteni,Broteni,KwaZulu Natal,-29.633333,29.7,2
brown stones,Brown Stones,KwaZulu Natal,-29.19655,29.983806,2
bruntville,Bruntville,KwaZulu Natal,-29.221886,30.013558,2
bruyns hill,Bruyns Hill,KwaZulu Natal,-29.447788,30.654811,2
bucklands farm,Bucklands Farm,KwaZulu Natal,-29.594349,29.582914,2
buckquoy,Buckquoy,KwaZulu Natal,-29.749317,29.76805,2
bululwane,Bululwane,KwaZulu Natal,-27.93707,31.496183,2
bulwer,Bulwer,KwaZulu Natal,-29.805932,29.76729,2
burford,Burford,KwaZulu Natal,-28.435577,29.783149,2
burners,Burners,KwaZulu Natal,-29.55,29.466667,2
burnside,Burnside,KwaZulu Natal,-30.586877,29.820422,2
bushyvales,Bushyvales,KwaZulu Natal,-30.912364,30.291679,2
busingata,Busingata,KwaZulu Natal,-28.727391,28.99898,2
busingatha,Busingatha,KwaZulu Natal,-28.727391,28.99898,2
buxedeni,Buxedeni,KwaZulu Natal,-27.983333,31.85,2
buxideni,Buxideni,KwaZulu Natal,-27.983333,31.85,2
by-products,By-Products,KwaZulu Natal,-28.283333,30.1,2
byrne,Byrne,KwaZulu Natal,-29.826882,30.183403,2
byrne settlement,Byrne Settlement,KwaZulu Natal,-29.826882,30.183403,2
calrossie,Calrossie,KwaZulu Natal,-28.15,30.416667,2
calvert,Calvert,KwaZulu Natal,-27.996601,30.833843,2
calverts,Calverts,KwaZulu Natal,-27.996601,30.833843,2
camperdown,Camperdown,KwaZulu Natal,-29.728678,30.542558,2
cars end,Cars End,KwaZulu Natal,-30.026226,30.053464,2
cartriff,Cartriff,KwaZulu Natal,-30.123366,30.349935,2
cato bridge,Cato Bridge,KwaZulu Natal,-29.733333,30.583333,2
cato manor,Cato Manor,KwaZulu Natal,-29.860701,30.945801,2
cato ridge,Cato Ridge,KwaZulu Natal,-29.733333,30.583333,2
cecelia,Cecelia,KwaZulu Natal,-27.909524,29.875098,2
cedara,Cedara,KwaZulu Natal,-29.547815,30.266549,2
cedara agricultural college,Cedara Agricultural College,KwaZulu Natal,-29.547815,30.266549,2
cedara college,Cedara College,KwaZulu Natal,-29.547815,30.266549,2
cedarville,Cedarville,KwaZulu Natal,-30.384193,29.041644,2
centocow,Centocow,KwaZulu Natal,-30.014581,29.725004,2
cesa,Cesa,KwaZulu Natal,-27.996857,31.375689,2
ceza,Ceza,KwaZulu Natal,-27.996857,31.375689,2
chakaskraal,Chakaskraal,KwaZulu Natal,-29.449315,31.21532,2
chalwell,Chalwell,KwaZulu Natal,-30.345092,30.180449,2
charlestown,Charlestown,KwaZulu Natal,-27.411118,29.873748,2
chase valley,Chase Valley,KwaZulu Natal,-29.557431,30.360074,2
chatsworth,Chatsworth,KwaZulu Natal,-29.918661,30.891699,2
chatsworth 1,Chatsworth 1,KwaZulu Natal,-29.918661,30.891699,2
chatsworth indian township,Chatsworth Indian Township,KwaZulu Natal,-29.918661,30.891699,2
chatwall,Chatwall,KwaZulu Natal,-30.521691,29.189105,2
chatwell,Chatwell,KwaZulu Natal,-30.345092,30.180449,2
cibini,Cibini,KwaZulu Natal,-30.172011,29.065385,2
clairwood,Clairwood,KwaZulu Natal,-29.912728,30.983655,2
clan syndicate mill,Clan Syndicate Mill,KwaZulu Natal,-29.383333,30.483333,2
clansthal,Clansthal,KwaZulu Natal,-30.24199,30.781318,2
claredon,Claredon,KwaZulu Natal,-29.598386,30.356681,2
claremont,Claremont,KwaZulu Natal,-29.793121,30.897877,2
clarevale,Clarevale,KwaZulu Natal,-30.652182,29.915972,2
claridge,Claridge,KwaZulu Natal,-29.53785,30.376843,2
claustal,Claustal,KwaZulu Natal,-30.24199,30.781318,2
clausthal,Clausthal,KwaZulu Natal,-30.24199,30.781318,2
clavis,Clavis,KwaZulu Natal,-27.419085,29.872257,2
cleland,Cleland,KwaZulu Natal,-29.645487,30.422619,2
cleland house,Cleland House,KwaZulu Natal,-29.645487,30.422619,2
clermont,Clermont,KwaZulu Natal,-29.793121,30.897877,2
clonleigh,Clonleigh,KwaZulu Natal,-27.960725,30.815421,2
cold place,Cold Place,KwaZulu Natal,-30.383333,30.25,2
coleford,Coleford,KwaZulu Natal,-29.958357,29.470226,2
colenso,Colenso,KwaZulu Natal,-28.739325,29.825816,2
collessie,Collessie,KwaZulu Natal,-28.670697,30.536111,2
con amore,Con Amore,KwaZulu Natal,-30.435574,29.168624,2
congella,Congella,KwaZulu Natal,-29.871895,30.995084,2
conningarth,Conningarth,KwaZulu Natal,-30.280892,29.015038,2
connomore,Connomore,KwaZulu Natal,-30.435574,29.168624,2
convention,Convention,KwaZulu Natal,-30.338698,29.257439,2
coolgardie,Coolgardie,KwaZulu Natal,-30.298911,30.481657,2
cooperdale,Cooperdale,KwaZulu Natal,-30.504206,29.567285,2
cornationweg,Cornationweg,KwaZulu Natal,-27.677145,31.06091,2
coronation,Coronation,KwaZulu Natal,-27.666667,31.05,2
coronation colliery,Coronation Colliery,KwaZulu Natal,-27.666667,31.05,2
coronation road,Coronation Road,KwaZulu Natal,-27.677145,31.06091,2
costmore,Costmore,KwaZulu Natal,-29.733333,29.6,2
couperdale,Couperdale,KwaZulu Natal,-30.504206,29.567285,2
covington,Covington,KwaZulu Natal,-28.765223,31.559757,2
craig side,Craig Side,KwaZulu Natal,-29.983333,30.3,2
cranswick,Cranswick,KwaZulu Natal,-30.340769,30.220286,2
creighton,Creighton,KwaZulu Natal,-30.027196,29.839552,2
cremin,Cremin,KwaZulu Natal,-28.446825,29.94499,2
cromwell,Cromwell,KwaZulu Natal,-30.256294,29.977131,2
crystal waters,Crystal Waters,KwaZulu Natal,-30.299309,30.131048,2
cungewane,Cungewane,KwaZulu Natal,-28.508468,30.887756,2
curries post,Curries Post,KwaZulu Natal,-29.359999,30.140069,2
curry's post,Curry's Post,KwaZulu Natal,-29.359999,30.140069,2
cutting,Cutting,KwaZulu Natal,-29.834011,30.970151,2
cymru,Cymru,KwaZulu Natal,-30.463935,30.415376,2
cyrildene,Cyrildene,KwaZulu Natal,-28.752665,31.899608,2
dalebe,Dalebe,KwaZulu Natal,-28.141936,31.343446,2
dalibba,Dalibba,KwaZulu Natal,-29.372796,30.899561,2
dalibho,Dalibho,KwaZulu Natal,-29.372796,30.899561,2
dalton,Dalton,KwaZulu Natal,-29.340931,30.631188,2
dannhauser,Dannhauser,KwaZulu Natal,-28.015097,30.056581,2
darnall,Darnall,KwaZulu Natal,-29.266792,31.357549,2
dassenhoek,Dassenhoek,KwaZulu Natal,-29.846992,30.8018,2
dayeni,Dayeni,KwaZulu Natal,-28.083373,31.541044,2
deemont,Deemont,KwaZulu Natal,-30.677784,29.846788,2
deemount,Deemount,KwaZulu Natal,-30.677784,29.846788,2
delville,Delville,KwaZulu Natal,-28.733333,29.3,2
denny dalton,Denny Dalton,KwaZulu Natal,-28.266667,31.266667,2
densainagar,Densainagar,KwaZulu Natal,-29.613859,31.151364,2
dernali station,Dernali Station,KwaZulu Natal,-29.266792,31.357549,2
dewdrop,Dewdrop,KwaZulu Natal,-28.583333,29.533333,2
deyi,Deyi,KwaZulu Natal,-30.482706,30.161826,2
dhlangubo,Dhlangubo,KwaZulu Natal,-28.769559,31.687315,2
didini,Didini,KwaZulu Natal,-30.017583,30.672608,2
dingle,Dingle,KwaZulu Natal,-30.433162,30.321185,2
dingley,Dingley,KwaZulu Natal,-30.433162,30.321185,2
dlebe,Dlebe,KwaZulu Natal,-28.128473,31.321166,2
dlomodlomo,Dlomodlomo,KwaZulu Natal,-27.833333,31.516667,2
dokodweni,Dokodweni,KwaZulu Natal,-29.072941,31.615453,2
dokolwani,Dokolwani,KwaZulu Natal,-27.373727,31.994235,2
dolwana,Dolwana,KwaZulu Natal,-28.616667,30.95,2
dongothuli,Dongothuli,KwaZulu Natal,-27.929863,31.880009,2
donnybrook,Donnybrook,KwaZulu Natal,-29.926904,29.878237,2
doonside,Doonside,KwaZulu Natal,-30.071081,30.868928,2
doornhoek,Doornhoek,KwaZulu Natal,-28.446269,29.436246,2
doornkloof,Doornkloof,KwaZulu Natal,-27.633333,30.933333,2
dragon peaks,Dragon Peaks,KwaZulu Natal,-29.020234,29.436334,2
drakensberg garden,Drakensberg Garden,KwaZulu Natal,-29.75,29.25,2
drakensberg garden hotel,Drakensberg Garden Hotel,KwaZulu Natal,-29.75,29.25,2
driefontein,Driefontein,KwaZulu Natal,-28.341061,29.698476,2
droogdal,Droogdal,KwaZulu Natal,-28.116667,29.883333,2
dududu,Dududu,KwaZulu Natal,-30.192555,30.617434,2
duff's road,Duff's Road,KwaZulu Natal,-29.744337,31.007691,2
dukuza,Dukuza,KwaZulu Natal,-28.748313,29.208355,2
dumenkungwini,Dumenkungwini,KwaZulu Natal,-27.333304,31.522594,2
dunbarton,Dunbarton,KwaZulu Natal,-29.126457,31.43808,2
dundee,Dundee,KwaZulu Natal,-28.166784,30.233707,2
durban,Durban,KwaZulu Natal,-29.857896,31.029198,2
durban north,Durban North,KwaZulu Natal,-29.782214,31.037022,2
durban-noord,Durban-Noord,KwaZulu Natal,-29.782214,31.037022,2
durnacol,Durnacol,KwaZulu Natal,-28.049122,30.017631,2
durslade,Durslade,KwaZulu Natal,-29.966667,30.483333,2
dwarsrand,Dwarsrand,KwaZulu Natal,-27.523997,31.429714,2
dwashiwa,Dwashiwa,KwaZulu Natal,-30.55655,30.276388,2
dweshula,Dweshula,KwaZulu Natal,-30.55655,30.276388,2
e dazini,e Dazini,KwaZulu Natal,-29.96529,29.656207,2
east lynn,East Lynn,KwaZulu Natal,-30.00956,30.01053,2
eastlyn,Eastlyn,KwaZulu Natal,-30.00956,30.01053,2
eboshi,eBoshi,KwaZulu Natal,-29.097334,29.738768,2
ebusingata,Ebusingata,KwaZulu Natal,-28.727391,28.99898,2
echane,Echane,KwaZulu Natal,-29.5,30.683333,2
echane store,Echane Store,KwaZulu Natal,-29.5,30.683333,2
edashi,Edashi,KwaZulu Natal,-29.105847,29.668579,2
eden,Eden,KwaZulu Natal,-30.85,30.15,2
edendale,Edendale,KwaZulu Natal,-29.652472,30.314977,2
edendale village,Edendale Village,KwaZulu Natal,-29.652472,30.314977,2
edendale-dorp,Edendale-dorp,KwaZulu Natal,-29.652472,30.314977,2
edenvale,Edenvale,KwaZulu Natal,-30.379027,28.923484,2
eedeswold,Eedeswold,KwaZulu Natal,-30.698043,30.415034,2
eensgevonden,Eensgevonden,KwaZulu Natal,-28.340561,30.807908,2
efikesuthe,eFikesuthe,KwaZulu Natal,-29.8,29.9,2
egolokodo,Egolokodo,KwaZulu Natal,-30.020964,30.852789,2
egolomi,Egolomi,KwaZulu Natal,-29.525882,31.125488,2
egoqweni,eGoqweni,KwaZulu Natal,-30.09028,30.594669,2
ekombe,Ekombe,KwaZulu Natal,-28.644466,30.897475,2
ekubusisweni,Ekubusisweni,KwaZulu Natal,-30.369014,30.443766,2
ekufuleni,Ekufuleni,KwaZulu Natal,-28.705606,31.417849,2
ekuhlengeni,Ekuhlengeni,KwaZulu Natal,-27.95,31.183333,2
ekupholeni,eKupholeni,KwaZulu Natal,-29.901711,30.253715,2
ekuthokozeni,Ekuthokozeni,KwaZulu Natal,-28.720996,30.737713,2
ekuthuleni,Ekuthuleni,KwaZulu Natal,-29.537589,30.60714,2
ekuthuthukeni,Ekuthuthukeni,KwaZulu Natal,-28.119974,30.802458,2
ekutuleni,Ekutuleni,KwaZulu Natal,-28.705606,31.417849,2
ekuvukeni,Ekuvukeni,KwaZulu Natal,-28.467523,30.155126,2
elandskop,Elandskop,KwaZulu Natal,-29.316667,29.7,2
elandskraal,Elandskraal,KwaZulu Natal,-28.480729,30.5295,2
elandslaagte,Elandslaagte,KwaZulu Natal,-28.4,29.95,2
elandsriver,Elandsriver,KwaZulu Natal,-29.673279,30.018702,2
elanga,Elanga,KwaZulu Natal,-30.056978,29.107624,2
elangeni,Elangeni,KwaZulu Natal,-29.796406,30.663939,2
elgin,Elgin,KwaZulu Natal,-27.733333,32.05,2
ellingham,Ellingham,KwaZulu Natal,-28.655452,31.774238,2
elupepeni,Elupepeni,KwaZulu Natal,-30.421498,30.152045,2
emachobeni,eMachobeni,KwaZulu Natal,-27.110124,31.998444,2
emadundube,eMadundube,KwaZulu Natal,-29.955745,30.765637,2
emafakathini,eMafakathini,KwaZulu Natal,-29.655743,30.127555,2
emakabeleni,Emakabeleni,KwaZulu Natal,-28.858491,30.833385,2
emangwasha,eMangwasha,KwaZulu Natal,-27.302138,32.158369,2
emanyuka,eManyuka,KwaZulu Natal,-27.370859,32.118123,2
emaswazini,eMaswazini,KwaZulu Natal,-29.668051,30.092901,2
ematikwe,eMatikwe,KwaZulu Natal,-29.674328,30.928691,2
ematimatolo,Ematimatolo,KwaZulu Natal,-29.141292,30.826789,2
embadleni,Embadleni,KwaZulu Natal,-26.95,32.133333,2
emberton,Emberton,KwaZulu Natal,-29.791575,30.799533,2
embo,eMbo,KwaZulu Natal,-30.130346,30.648304,2
embulwane,Embulwane,KwaZulu Natal,-29.17828,30.878494,2
embuyeni,eMbuyeni,KwaZulu Natal,-29.580311,30.858191,2
emfuleni,Emfuleni,KwaZulu Natal,-28.490125,31.861593,2
emfulumane,eMfulumane,KwaZulu Natal,-29.970796,29.571404,2
emgadleteni,eMgadleteni,KwaZulu Natal,-29.948456,30.210531,2
emhlangane,Emhlangane,KwaZulu Natal,-28.828178,30.315952,2
emkhohlwa,eMkhohlwa,KwaZulu Natal,-29.75861,29.873022,2
emmaus,Emmaus,KwaZulu Natal,-28.859266,29.381768,2
emngcelen,Emngcelen,KwaZulu Natal,-26.966667,32.033333,2
emoyeni,Emoyeni,KwaZulu Natal,-28.013591,32.2452,2
empangeni,Empangeni,KwaZulu Natal,-28.761974,31.893293,2
empembeni,Empembeni,KwaZulu Natal,-28.842403,31.990962,2
emseleni,Emseleni,KwaZulu Natal,-27.339618,32.564043,2
emushane,Emushane,KwaZulu Natal,-29.231827,31.104134,2
emvunyana,Emvunyana,KwaZulu Natal,-28.07038,30.781562,2
emvunyane,Emvunyane,KwaZulu Natal,-28.07038,30.781562,2
endulinde,Endulinde,KwaZulu Natal,-29.032925,31.398316,2
endulindi,Endulindi,KwaZulu Natal,-29.032925,31.398316,2
engedleni,eNgedleni,KwaZulu Natal,-29.533344,31.086517,2
engqekweni,eNgqekweni,KwaZulu Natal,-29.966667,30.216667,2
enhlahlehi,Enhlahlehi,KwaZulu Natal,-28.008214,30.777217,2
enhlalakahle,eNhlalakahle,KwaZulu Natal,-28.842264,30.308004,2
enhlanhleni,Enhlanhleni,KwaZulu Natal,-28.537395,30.40804,2
enhlanhleni mission,Enhlanhleni Mission,KwaZulu Natal,-28.537395,30.40804,2
enkanyisweni,Enkanyisweni,KwaZulu Natal,-30.019606,30.789379,2
enkovukeni,Enkovukeni,KwaZulu Natal,-26.923503,32.867097,2
enquabeni,Enquabeni,KwaZulu Natal,-30.733333,30.033333,2
ensingweni,Ensingweni,KwaZulu Natal,-28.954532,31.641548,2
ensutha,Ensutha,KwaZulu Natal,-29.624345,30.692993,2
entembani,eNtembani,KwaZulu Natal,-29.673095,30.218719,2
entumeni,Entumeni,KwaZulu Natal,-28.855967,31.324886,2
entumeni mission,Entumeni Mission,KwaZulu Natal,-28.855967,31.324886,2
entumeni store,Entumeni Store,KwaZulu Natal,-28.866648,31.326178,2
epsom,Epsom,KwaZulu Natal,-29.916667,29.75,2
erfpach,Erfpach,KwaZulu Natal,-27.400936,30.799302,2
escombe,Escombe,KwaZulu Natal,-29.877037,30.907062,2
eshowe,Eshowe,KwaZulu Natal,-28.886485,31.469903,2
esibhoweni,Esibhoweni,KwaZulu Natal,-27.379553,32.42417,2
esibongile,eSibongile,KwaZulu Natal,-28.185585,30.236224,2
esibudeni,Esibudeni,KwaZulu Natal,-28.755396,31.178522,2
esibudeni store,Esibudeni Store,KwaZulu Natal,-28.755396,31.178522,2
esibudeni store site,Esibudeni Store Site,KwaZulu Natal,-28.755396,31.178522,2
esigodaneni,eSigodaneni,KwaZulu Natal,-30.848634,30.194688,2
esikhawini,eSikhawini,KwaZulu Natal,-28.87097,31.899608,2
esikhawini township,Esikhawini Township,KwaZulu Natal,-28.87097,31.899608,2
esperanza,Esperanza,KwaZulu Natal,-30.338459,30.65213,2
esseldene,Esseldene,KwaZulu Natal,-29.534118,30.053517,2
essenwood,Essenwood,KwaZulu Natal,-29.83705,31.011231,2
estcourt,Estcourt,KwaZulu Natal,-29.01269,29.866194,2
ethels drive,Ethels Drive,KwaZulu Natal,-28.666667,29.15,2
etholeni,eTholeni,KwaZulu Natal,-28.420657,30.222181,2
everdon,Everdon,KwaZulu Natal,-29.45,30.25,2
evunga,Evunga,KwaZulu Natal,-30.832136,30.397903,2
evutha,Evutha,KwaZulu Natal,-29.046428,31.481163,2
eyrie,Eyrie,KwaZulu Natal,-29.933333,30.666667,2
ezinyosini,eZinyosini,KwaZulu Natal,-29.129084,29.686911,2
faerie glen,Faerie Glen,KwaZulu Natal,-30.857409,30.341502,2
fairfield,Fairfield,KwaZulu Natal,-30.257467,30.109117,2
fairfield mill,Fairfield Mill,KwaZulu Natal,-29.183333,30.6,2
fairleigh,Fairleigh,KwaZulu Natal,-27.776926,29.926862,2
fairview,Fairview,KwaZulu Natal,-28.756186,31.892819,2
fasimba,Fasimba,KwaZulu Natal,-28.721981,31.713864,2
feessaal,Feessaal,KwaZulu Natal,-28.15,31.116667,2
felixton,Felixton,KwaZulu Natal,-28.829574,31.89125,2
ferrby,Ferrby,KwaZulu Natal,-30.1,30.116667,2
ferreby,Ferreby,KwaZulu Natal,-30.1,30.116667,2
fettercairn,Fettercairn,KwaZulu Natal,-30.070785,29.344896,2
finchley,Finchley,KwaZulu Natal,-30.281355,30.053958,2
fitty park,Fitty Park,KwaZulu Natal,-28.571957,30.065612,2
flentershoek,Flentershoek,KwaZulu Natal,-27.563056,29.987731,2
flnnland,Flnnland,KwaZulu Natal,-29.905971,31.031955,2
forest hills,Forest Hills,KwaZulu Natal,-29.762633,30.828407,2
forest ranger,Forest Ranger,KwaZulu Natal,-29.05,29.4,2
forest view,Forest View,KwaZulu Natal,-29.9,29.766667,2
fort louis,Fort Louis,KwaZulu Natal,-28.411864,30.953418,2
fort nottingham,Fort Nottingham,KwaZulu Natal,-29.420086,29.90432,2
frankland,Frankland,KwaZulu Natal,-30.622431,30.378541,2
franklin,Franklin,KwaZulu Natal,-30.316547,29.45216,2
franklins,Franklins,KwaZulu Natal,-30.622431,30.378541,2
franklin's store,Franklin's Store,KwaZulu Natal,-30.622431,30.378541,2
fraser,Fraser,KwaZulu Natal,-29.531937,31.167582,2
freeland park,Freeland Park,KwaZulu Natal,-30.270713,30.759409,2
frere,Frere,KwaZulu Natal,-28.89129,29.775535,2
friedenau,Friedenau,KwaZulu Natal,-30.379946,30.481989,2
frome,Frome,KwaZulu Natal,-30.645499,30.472467,2
gailynn,Gailynn,KwaZulu Natal,-29.891326,29.648897,2
gala,Gala,KwaZulu Natal,-29.902324,29.726859,2
game warden,Game Warden,KwaZulu Natal,-29.283333,29.5,2
game wood,Game Wood,KwaZulu Natal,-29.245741,29.672862,2
gansa,Gansa,KwaZulu Natal,-30.638093,30.038415,2
gaqangezandla,Gaqangezandla,KwaZulu Natal,-28.717287,31.714776,2
garden castle,Garden Castle,KwaZulu Natal,-29.85,29.25,2
gaybrook,Gaybrook,KwaZulu Natal,-30.508727,29.701856,2
geluksburg,Geluksburg,KwaZulu Natal,-28.517229,29.350929,2
gelukstadt,Gelukstadt,KwaZulu Natal,-27.978382,31.039072,2
genezzano,Genezzano,KwaZulu Natal,-29.613859,31.151364,2
genozano,Genozano,KwaZulu Natal,-29.613859,31.151364,2
gezinsila,Gezinsila,KwaZulu Natal,-28.886666,31.500894,2
gillitts,Gillitts,KwaZulu Natal,-29.797056,30.799872,2
gillitts-emberton,Gillitts-Emberton,KwaZulu Natal,-29.797056,30.799872,2
gingindhlova,Gingindhlova,KwaZulu Natal,-29.026715,31.581523,2
gingindhlovu,Gingindhlovu,KwaZulu Natal,-29.026715,31.581523,2
gingindlovu,Gingindlovu,KwaZulu Natal,-29.026715,31.581523,2
ginginhlovu,Ginginhlovu,KwaZulu Natal,-29.026715,31.581523,2
glanfield,Glanfield,KwaZulu Natal,-30.635249,30.504328,2
gledhow,Gledhow,KwaZulu Natal,-29.36769,31.287913,2
gledhow mill,Gledhow Mill,KwaZulu Natal,-29.36769,31.287913,2
glen avon,Glen Avon,KwaZulu Natal,-29.145585,30.5336,2
glen bain,Glen Bain,KwaZulu Natal,-30.047035,30.008224,2
glen echo,Glen Echo,KwaZulu Natal,-30.5,30.533333,2
glencoe,Glencoe,KwaZulu Natal,-28.178269,30.147024,2
glendale,Glendale,KwaZulu Natal,-30.708428,30.349152,2
glendean,Glendean,KwaZulu Natal,-29.233333,30.216667,2
glenfield,Glenfield,KwaZulu Natal,-30.635249,30.504328,2
glenmore beach,Glenmore Beach,KwaZulu Natal,-31.012573,30.255971,2
glenside,Glenside,KwaZulu Natal,-29.116667,30.05,2
glenwood,Glenwood,KwaZulu Natal,-29.864279,30.985705,2
gluckstadt,Glückstadt,KwaZulu Natal,-27.978382,31.039072,2
gobandhlovu,Gobandhlovu,KwaZulu Natal,-28.852352,31.911726,2
gobeni,Gobeni,KwaZulu Natal,-27.666667,31.166667,2
godeni,Godeni,KwaZulu Natal,-28.078404,32.044307,2
godlogodlwane,Godlogodlwane,KwaZulu Natal,-27.253964,32.217266,2
goje,Goje,KwaZulu Natal,-28.28869,31.246913,2
golela,Golela,KwaZulu Natal,-27.316696,31.891461,2
gologodo,Gologodo,KwaZulu Natal,-29.99146,30.821427,2
golokodo,Golokodo,KwaZulu Natal,-29.99146,30.821427,2
golweni,Golweni,KwaZulu Natal,-27.833333,32.3,2
gomane,Gomane,KwaZulu Natal,-29.621421,29.88972,2
gonningarth,Gonningarth,KwaZulu Natal,-30.280892,29.015038,2
good hope,Good Hope,KwaZulu Natal,-28.950512,31.697328,2
goxe,Goxe,KwaZulu Natal,-30.610205,29.220571,2
grantham park,Grantham Park,KwaZulu Natal,-28.765959,31.899037,2
grantleigh,Grantleigh,KwaZulu Natal,-28.85,29.633333,2
greenhill,Greenhill,KwaZulu Natal,-29.827099,30.306303,2
greenwood park,Greenwood Park,KwaZulu Natal,-29.783333,31.016667,2
greystorie,Greystorie,KwaZulu Natal,-29.071943,29.798419,2
greytown,Greytown,KwaZulu Natal,-29.064155,30.592786,2
greyville,Greyville,KwaZulu Natal,-29.833333,31,2
groenkloof,Groenkloof,KwaZulu Natal,-27.416667,30.283333,2
groenvlei,Groenvlei,KwaZulu Natal,-27.459055,30.23027,2
grootkloof,Grootkloof,KwaZulu Natal,-27.416667,30.283333,2
grosvenor,Grosvenor,KwaZulu Natal,-29.914416,31.008076,2
groutville,Groutville,KwaZulu Natal,-29.389426,31.246065,2
guleka,Guleka,KwaZulu Natal,-30.333102,30.500248,2
guliga,Guliga,KwaZulu Natal,-30.333102,30.500248,2
gunjana,Gunjana,KwaZulu Natal,-28.644495,30.351765,2
gusenzamo,Gusenzamo,KwaZulu Natal,-28.17504,31.654167,2
hamewith,Hamewith,KwaZulu Natal,-28.943796,31.719079,2
hammarsdale,Hammarsdale,KwaZulu Natal,-29.800827,30.651961,2
hammersdale,Hammersdale,KwaZulu Natal,-29.800827,30.651961,2
hansonia,Hansonia,KwaZulu Natal,-29.7,29.716667,2
harburg,Harburg,KwaZulu Natal,-29.410314,30.736979,2
harden heights,Harden Heights,KwaZulu Natal,-29.265009,30.620493,2
harding,Harding,KwaZulu Natal,-30.576429,29.884006,2
harrison,Harrison,KwaZulu Natal,-29.733333,30.633333,2
hartlea,Hartlea,KwaZulu Natal,-29.9,29.383333,2
hattingspruit,Hattingspruit,KwaZulu Natal,-28.079052,30.125204,2
hay paddock,Hay Paddock,KwaZulu Natal,-29.616667,30.416667,2
hazeldene,Hazeldene,KwaZulu Natal,-30.508197,30.529343,2
heatonville,Heatonville,KwaZulu Natal,-28.661941,31.785615,2
hela hela,Hela Hela,KwaZulu Natal,-29.908307,30.097036,2
helpmekaar,Helpmekaar,KwaZulu Natal,-28.446815,30.419623,2
henburg park,Henburg Park,KwaZulu Natal,-29.232507,29.934159,2
hesselwood,Hesselwood,KwaZulu Natal,-29.072188,30.551207,2
hiabisa,Hiabisa,KwaZulu Natal,-28.145185,31.877187,2
hibberdene,Hibberdene,KwaZulu Natal,-30.572005,30.573607,2
highbury,Highbury,KwaZulu Natal,-29.86651,29.729273,2
highfield,Highfield,KwaZulu Natal,-28.996797,31.69974,2
highflats,Highflats,KwaZulu Natal,-30.266667,30.2,2
highlands,Highlands,KwaZulu Natal,-29.266667,31.2,2
hildesheim,Hildesheim,KwaZulu Natal,-27.470446,30.779408,2
hillandale,Hillandale,KwaZulu Natal,-29.4,31.15,2
hillary,Hillary,KwaZulu Natal,-29.881,30.938174,2
hillcrest,Hillcrest,KwaZulu Natal,-29.774746,30.76396,2
hillside,Hillside,KwaZulu Natal,-30.54388,29.127159,2
hilltop,Hilltop,KwaZulu Natal,-29.65,29.75,2
hilton,Hilton,KwaZulu Natal,-29.554533,30.300999,2
hilton road,Hilton Road,KwaZulu Natal,-29.554533,30.300999,2
himeville,Himeville,KwaZulu Natal,-29.746745,29.513614,2
hlaba,Hlaba,KwaZulu Natal,-30.467429,30.410756,2
hlabisa,Hlabisa,KwaZulu Natal,-28.145185,31.877187,2
hlangasa,Hlangasa,KwaZulu Natal,-28.656487,31.831076,2
hlazakazi,Hlazakazi,KwaZulu Natal,-28.377052,30.72123,2
hlobane,Hlobane,KwaZulu Natal,-27.716561,31.001122,2
hlokozi,Hlokozi,KwaZulu Natal,-30.366418,30.2848,2
hlomohlomo,Hlomohlomo,KwaZulu Natal,-27.713099,31.492329,2
hluhluwe,Hluhluwe,KwaZulu Natal,-28.033333,32.283333,2
hluku,Hluku,KwaZulu Natal,-30.624645,29.982177,2
holy cross,Holy Cross,KwaZulu Natal,-28.980415,31.65295,2
holy cross mission,Holy Cross Mission,KwaZulu Natal,-28.980415,31.65295,2
home farm,Home Farm,KwaZulu Natal,-28.583333,29.6,2
homewood,Homewood,KwaZulu Natal,-29.566667,30.166667,2
hopewell,Hopewell,KwaZulu Natal,-29.783333,30.4,2
howick,Howick,KwaZulu Natal,-29.477947,30.230571,2
hulett's,Hulett's,KwaZulu Natal,-28.755142,31.905101,2
hutton heights,Hutton Heights,KwaZulu Natal,-27.735228,29.926813,2
hylton,Hylton,KwaZulu Natal,-29.25,30.333333,2
ichubo,Ichubo,KwaZulu Natal,-28.833333,31.933333,2
idlebe,Idlebe,KwaZulu Natal,-28.141936,31.343446,2
ifafa,Ifafa,KwaZulu Natal,-30.419674,30.587651,2
ifafa beach,Ifafa Beach,KwaZulu Natal,-30.460331,30.652518,2
ihluku,Ihluku,KwaZulu Natal,-30.624645,29.982177,2
ikwezi la maci,Ikwezi La Maci,KwaZulu Natal,-30.616667,29.816667,2
illovo,Illovo,KwaZulu Natal,-30.116667,30.85,2
illovo beach,Illovo Beach,KwaZulu Natal,-30.114237,30.849473,2
imbali,iMbali,KwaZulu Natal,-29.654529,30.350633,2
imfume,Imfume,KwaZulu Natal,-30.121849,30.745907,2
impendhle,Impendhle,KwaZulu Natal,-29.60049,29.865608,2
impendhle location,Impendhle Location,KwaZulu Natal,-29.60049,29.865608,2
impendle,Impendle,KwaZulu Natal,-29.60049,29.865608,2
impenjati,Impenjati,KwaZulu Natal,-30.926502,30.297458,2
impolweni,Impolweni,KwaZulu Natal,-29.42827,30.491581,2
inadi,Inadi,KwaZulu Natal,-28.843155,30.683459,2
inanda,Inanda,KwaZulu Natal,-29.613916,30.928163,2
inanda seminary,Inanda Seminary,KwaZulu Natal,-29.701678,30.924606,2
inchanga,Inchanga,KwaZulu Natal,-29.738623,30.664123,2
inchanga park,Inchanga Park,KwaZulu Natal,-29.730988,30.642382,2
indudutu,Indudutu,KwaZulu Natal,-30.192555,30.617434,2
ingogo,Ingogo,KwaZulu Natal,-27.571991,29.890982,2
ingwavama,Ingwavama,KwaZulu Natal,-27.133134,31.997051,2
ingwavuma,Ingwavuma,KwaZulu Natal,-27.133134,31.997051,2
inhlaxatia,Inhlaxatia,KwaZulu Natal,-28.181073,31.251356,2
inhlazatatje,Inhlazatatje,KwaZulu Natal,-28.181073,31.251356,2
inhlazatia,Inhlazatia,KwaZulu Natal,-28.181073,31.251356,2
inhlazatje,Inhlazatje,KwaZulu Natal,-28.181073,31.251356,2
inhluku,Inhluku,KwaZulu Natal,-30.624645,29.982177,2
inkumba,Inkumba,KwaZulu Natal,-29.744382,29.854949,2
inkunzana,Inkunzana,KwaZulu Natal,-28.766667,31.666667,2
insuzi,Insuzi,KwaZulu Natal,-29.373684,30.937324,2
inyamane,Inyamane,KwaZulu Natal,-27.183333,32.083333,2
inyamane store,Inyamane Store,KwaZulu Natal,-27.183333,32.083333,2
inyanyadu,Inyanyadu,KwaZulu Natal,-27.976659,30.272822,2
inzinga,Inzinga,KwaZulu Natal,-29.516667,29.683333,2
isandlwana,Isandlwana,KwaZulu Natal,-28.810292,29.153569,2
ishogwe,Ishogwe,KwaZulu Natal,-27.433333,32.366667,2
isinembe,Isinembe,KwaZulu Natal,-29.466667,31.083333,2
isipingo,Isipingo,KwaZulu Natal,-29.986386,30.918531,2
isipingo beach,Isipingo Beach,KwaZulu Natal,-29.99702,30.943839,2
isipingo village,Isipingo Village,KwaZulu Natal,-29.99702,30.943839,2
isithebe,iSithebe,KwaZulu Natal,-29.101135,31.419987,2
island view,Island View,KwaZulu Natal,-29.889883,31.035112,2
islay,Islay,KwaZulu Natal,-29.816667,30.466667,2
islington,Islington,KwaZulu Natal,-30.167879,29.914318,2
ispongo,Ispongo,KwaZulu Natal,-30.166667,30.8,2
itafamsa,Itafamsa,KwaZulu Natal,-29.53553,30.856546,2
ivanhoe,Ivanhoe,KwaZulu Natal,-30.383333,30.183333,2
ixopo,Ixopo,KwaZulu Natal,-30.15,30.083333,2
izingolweni,Izingolweni,KwaZulu Natal,-30.784086,30.122944,2
izitende,Izitende,KwaZulu Natal,-27.333333,31.583333,2
izotsha,Izotsha,KwaZulu Natal,-30.783333,30.383333,2
jaagbaan,Jaagbaan,KwaZulu Natal,-29.34795,30.692913,2
jabavu,Jabavu,KwaZulu Natal,-28.275969,30.533331,2
jacobs,Jacobs,KwaZulu Natal,-29.916667,30.983333,2
jameson's drift,Jameson's Drift,KwaZulu Natal,-28.777355,30.896011,2
job's town,Job's Town,KwaZulu Natal,-27.733333,31.15,2
jokweni,Jokweni,KwaZulu Natal,-29.889865,29.725538,2
jolwayo,Jolwayo,KwaZulu Natal,-28.733333,30.333333,2
joubertstroom,Joubertstroom,KwaZulu Natal,-29.983333,30.15,2
journey's end,Journey's End,KwaZulu Natal,-28.571977,32.250266,2
jozini,Jozini,KwaZulu Natal,-27.429597,32.06658,2
kakashill,Kakashill,KwaZulu Natal,-30.516667,29.05,2
kalabasi,Kalabasi,KwaZulu Natal,-28.066667,30.016667,2
kalbassie,Kalbassie,KwaZulu Natal,-28.066667,30.016667,2
ka-mampungushe,Ka-Mampungushe,KwaZulu Natal,-30.10804,30.574444,2
kanzakene,KaNzakene,KwaZulu Natal,-29.642621,30.126686,2
karridene,Karridene,KwaZulu Natal,-30.126814,30.84621,2
keate's drift,Keate's Drift,KwaZulu Natal,-28.859898,30.498802,2
keats drift,Keats Drift,KwaZulu Natal,-28.859898,30.498802,2
kelso,Kelso,KwaZulu Natal,-30.369715,30.702883,2
kelso beach,Kelso Beach,KwaZulu Natal,-30.366667,30.7,2
kempdale,Kempdale,KwaZulu Natal,-30.534974,29.464087,2
kenilworth,Kenilworth,KwaZulu Natal,-30.429308,28.835646,2
keyelaer,Keyelaer,KwaZulu Natal,-29.911013,29.866221,2
khiphunyawo,Khiphunyawo,KwaZulu Natal,-27.318956,31.230889,2
kildare,Kildare,KwaZulu Natal,-29.222844,30.35828,2
kilegethe,Kilegethe,KwaZulu Natal,-27.9,31.166667,2
kings rest,Kings Rest,KwaZulu Natal,-29.905793,31.019038,2
kings view,Kings View,KwaZulu Natal,-29.91145,31.024852,2
kingsborough,Kingsborough,KwaZulu Natal,-30.083333,30.866667,2
kingsburgh,Kingsburgh,KwaZulu Natal,-30.083333,30.866667,2
kingscote,Kingscote,KwaZulu Natal,-30.025285,29.363739,2
kingsley,Kingsley,KwaZulu Natal,-27.930457,30.528188,2
kingsmead,Kingsmead,KwaZulu Natal,-29.85,31.016667,2
kingston,Kingston,KwaZulu Natal,-30.023445,29.148933,2
klingenberg,Klingenberg,KwaZulu Natal,-28.466667,30.466667,2
klip river location,Klip River Location,KwaZulu Natal,-28.65,30.333333,2
kliprivier,Kliprivier,KwaZulu Natal,-28.522875,30.286434,2
kliprivierlokasie,Kliprivierlokasie,KwaZulu Natal,-28.65,30.333333,2
klipspruit,Klipspruit,KwaZulu Natal,-28.8,30.416667,2
klonge,Klonge,KwaZulu Natal,-28.52735,31.968721,2
kloof,Kloof,KwaZulu Natal,-29.78529,30.823254,2
kokstad,Kokstad,KwaZulu Natal,-30.547231,29.42412,2
komankobolo,Komankobolo,KwaZulu Natal,-26.85,32.3,2
koningskroon,Koningskroon,KwaZulu Natal,-28.433473,31.305547,2
korhaan hill,Korhaan Hill,KwaZulu Natal,-28.718305,31.948192,2
kortbegrip,Kortbegrip,KwaZulu Natal,-28.656473,31.298843,2
kosi,Kosi,KwaZulu Natal,-26.866667,32.866667,2
kosi store,Kosi Store,KwaZulu Natal,-26.866667,32.866667,2
kranskop,Kranskop,KwaZulu Natal,-28.966667,30.866667,2
krantzkop,Krantzkop,KwaZulu Natal,-28.966667,30.866667,2
kromberg,Kromberg,KwaZulu Natal,-28.990149,30.693551,2
krommedraai,Krommedraai,KwaZulu Natal,-29.394628,30.499866,2
kromvlei,Kromvlei,KwaZulu Natal,-28.983333,30.766667,2
kruisfontein,Kruisfontein,KwaZulu Natal,-28.625868,29.103569,2
kuleka,Kuleka,KwaZulu Natal,-28.779223,31.900224,2
kuludake,Kuludake,KwaZulu Natal,-26.939282,32.017011,2
kunen,Kunen,KwaZulu Natal,-28.033333,32.8,2
kunyana,Kunyana,KwaZulu Natal,-30.458575,30.14426,2
kuzameni,Kuzameni,KwaZulu Natal,-30.625907,30.075125,2
kuze,Kuze,KwaZulu Natal,-30.540991,30.023235,2
kwabhidla,KwaBhidla,KwaZulu Natal,-29.772938,29.875109,2
kwacebelele,KwaCebelele,KwaZulu Natal,-29.894552,30.230956,2
kwacele,KwaCele,KwaZulu Natal,-30.784606,30.091015,2
kwaceza,KwaCeza,KwaZulu Natal,-27.996857,31.375689,2
kwadabeka,KwaDabeka,KwaZulu Natal,-29.775361,30.908169,2
kwadinabanye,KwaDinabanye,KwaZulu Natal,-27.047347,32.024293,2
kwadlamini,KwaDlamini,KwaZulu Natal,-29.163274,29.639636,2
kwadonsa,KwaDonsa,KwaZulu Natal,-30.100654,30.636657,2
kwadulela,KwaDulela,KwaZulu Natal,-29.597073,30.199022,2
kwaduma,KwaDuma,KwaZulu Natal,-28.068645,31.75774,2
kwadweshula,KwaDweshula,KwaZulu Natal,-30.55655,30.276388,2
kwagamalakhe,KwaGamalakhe,KwaZulu Natal,-30.809999,30.344251,2
kwagcwensa,KwaGcwensa,KwaZulu Natal,-29.366667,30.916667,2
kwagengeshe,KwaGengeshe,KwaZulu Natal,-29.849291,30.089586,2
kwagqugouma,KwaGqugouma,KwaZulu Natal,-29.46256,30.730914,2
kwahlomendlini,KwaHlomendlini,KwaZulu Natal,-30.79011,30.022956,2
kwaillophe,KwaIllophe,KwaZulu Natal,-29.493172,30.889497,2
kwajobe,KwaJobe,KwaZulu Natal,-27.549999,32.275616,2
kwajozana,KwaJozana,KwaZulu Natal,-27.623903,32.427021,2
kwamaci,KwaMaci,KwaZulu Natal,-30.653865,29.806072,2
kwamadlala,KwaMadlala,KwaZulu Natal,-30.611542,30.437476,2
kwamagaza,KwaMagaza,KwaZulu Natal,-28.616667,31.333333,2
kwamagoda,KwaMagoda,KwaZulu Natal,-29.911684,30.254667,2
kwamagubane,KwaMagubane,KwaZulu Natal,-29.297216,30.928635,2
kwamagwaza,KwaMagwaza,KwaZulu Natal,-28.616667,31.333333,2
kwamagwaza mission station,Kwamagwaza Mission Station,KwaZulu Natal,-28.616667,31.333333,2
kwamahlati,KwaMahlati,KwaZulu Natal,-28.270947,31.42982,2
kwamakhutha,KwaMakhutha,KwaZulu Natal,-30.025295,30.861297,2
kwamandlakazi,KwaMandlakazi,KwaZulu Natal,-28.024142,31.719209,2
kwamankonjane,KwaMankonjane,KwaZulu Natal,-29.211158,29.661998,2
kwamapeyana,KwaMapeyana,KwaZulu Natal,-29.429433,30.907728,2
kwamaqikizana,KwaMaqikizana,KwaZulu Natal,-30.34069,30.346058,2
kwamaqokomela,KwaMaqokomela,KwaZulu Natal,-29.452465,30.904343,2
kwamashu,KwaMashu,KwaZulu Natal,-29.751053,30.962036,2
kwamateni,KwaMateni,KwaZulu Natal,-28.018716,31.665214,2
kwamawanda,KwaMawanda,KwaZulu Natal,-28.490271,31.604861,2
kwambonambi,KwaMbonambi,KwaZulu Natal,-28.598273,32.089395,2
kwambonia,KwaMbonia,KwaZulu Natal,-27.383333,32.6,2
kwamboto,KwaMboto,KwaZulu Natal,-30.586594,30.066257,2
kwamgwagwa,KwaMgwagwa,KwaZulu Natal,-29.623674,30.173151,2
kwamjiji,KwaMjiji,KwaZulu Natal,-27.25,32.65,2
kwamkhiza,KwaMkhiza,KwaZulu Natal,-29.253056,29.634286,2
kwamkhize,KwaMkhize,KwaZulu Natal,-29.233333,29.65,2
kwamlamula,KwaMlamula,KwaZulu Natal,-27.256264,32.537957,2
kwamlimisi,KwaMlimisi,KwaZulu Natal,-27.36838,31.468941,2
kwamntoqotho,KwaMntoqotho,KwaZulu Natal,-29.61346,30.239112,2
kwamnyaisa,KwaMnyaisa,KwaZulu Natal,-27.666667,32.416667,2
kwamphephethwa,KwaMphephethwa,KwaZulu Natal,-29.84545,29.819828,2
kwampumuza,KwaMpumuza,KwaZulu Natal,-29.678163,30.162919,2
kwamshaya,KwaMshaya,KwaZulu Natal,-28.42319,32.069846,2
kwamshiwa,KwaMshiwa,KwaZulu Natal,-30.658451,30.069509,2
kwamthole,KwaMthole,KwaZulu Natal,-28.170541,32.119041,2
kwamwema,KwaMwema,KwaZulu Natal,-29.566667,30.9,2
kwandaba,KwaNdaba,KwaZulu Natal,-29.133333,29.716667,2
kwandengezi,KwaNdengezi,KwaZulu Natal,-29.837509,30.777772,2
kwandlangubo,KwaNdlangubo,KwaZulu Natal,-28.769559,31.687315,2
kwandlangubu,KwaNdlangubu,KwaZulu Natal,-28.769559,31.687315,2
kwa-ndlangybo,Kwa-Ndlangybo,KwaZulu Natal,-28.769559,31.687315,2
kwandlovu,KwaNdlovu,KwaZulu Natal,-29.334539,30.86478,2
kwangcolosi,KwaNgcolosi,KwaZulu Natal,-29.716246,30.820233,2
kwangendezi,KwaNgendezi,KwaZulu Natal,-29.837509,30.777772,2
kwangongoma,KwaNgongoma,KwaZulu Natal,-29.564735,31.006742,2
kwanguza,KwaNguza,KwaZulu Natal,-30.504643,30.096993,2
kwanibela,KwaNibela,KwaZulu Natal,-27.873907,32.457969,2
kwankunswana,KwaNkunswana,KwaZulu Natal,-30.636157,30.179038,2
kwanobhena,KwaNobhena,KwaZulu Natal,-29.48406,30.631422,2
kwanompondo,KwaNompondo,KwaZulu Natal,-28.067205,32.167875,2
kwanonhlanga,KwaNonhlanga,KwaZulu Natal,-30.81175,30.152937,2
kwanonjinjikazi,KwaNonjinjikazi,KwaZulu Natal,-27.062527,32.134852,2
kwanyana,Kwanyana,KwaZulu Natal,-30.929487,30.098753,2
kwanyuswa,KwaNyuswa,KwaZulu Natal,-29.400868,30.951192,2
kwanzimakwe,KwaNzimakwe,KwaZulu Natal,-30.976159,30.23386,2
kwapheshe,KwaPheshe,KwaZulu Natal,-29.884126,30.005186,2
kwaqiko,KwaQiko,KwaZulu Natal,-30.152348,30.526956,2
kwarwayi,KwaRwayi,KwaZulu Natal,-30.052885,30.692377,2
kwasandanezwe,KwaSandanezwe,KwaZulu Natal,-29.875225,30.020664,2
kwasanti,KwaSanti,KwaZulu Natal,-30.485692,30.155259,2
kwashiya,KwaShiya,KwaZulu Natal,-27.557025,32.45603,2
kwasonto,KwaSonto,KwaZulu Natal,-27.273808,32.629572,2
kwathunzi,KwaThunzi,KwaZulu Natal,-29.620111,29.641909,2
kwavimbindlela,KwaVimbindlela,KwaZulu Natal,-30.15711,30.656895,2
kwayibusele,KwaYibusele,KwaZulu Natal,-29.276898,30.825868,2
kwazamazama,KwaZamazama,KwaZulu Natal,-27.09994,32.287768,2
kwazondela,KwaZondela,KwaZulu Natal,-28.306163,31.443798,2
kwazondi,KwaZondi,KwaZulu Natal,-28.45,30.866667,2
kwa-zuluvuka,Kwa-Zuluvuka,KwaZulu Natal,-28.277827,32.022306,2
kwezi,Kwezi,KwaZulu Natal,-29.01755,29.899301,2
la lucia,La Lucia,KwaZulu Natal,-29.75,31.066667,2
la mercy,La Mercy,KwaZulu Natal,-29.639176,31.13106,2
ladysmith,Ladysmith,KwaZulu Natal,-28.553914,29.782697,2
lamaci,Lamaci,KwaZulu Natal,-30.616667,29.816667,2
lamont,Lamont,KwaZulu Natal,-29.942064,30.942998,2
lamont native village,Lamont Native Village,KwaZulu Natal,-29.942064,30.942998,2
lamontville,Lamontville,KwaZulu Natal,-29.942064,30.942998,2
langeni,Langeni,KwaZulu Natal,-30.637873,29.883317,2
langgewacht,Langgewacht,KwaZulu Natal,-28.299343,31.130934,2
langhoek,Langhoek,KwaZulu Natal,-27.393924,30.183954,2
langkrans,Langkrans,KwaZulu Natal,-27.824126,31.0408,2
langley,Langley,KwaZulu Natal,-28.533333,29.8,2
lansdown,Lansdown,KwaZulu Natal,-28.203061,32.173239,2
leisure crest,Leisure Crest,KwaZulu Natal,-31.016057,30.24572,2
lennoxton,Lennoxton,KwaZulu Natal,-27.771409,29.914503,2
lidgetton,Lidgetton,KwaZulu Natal,-29.440471,30.099969,2
lilani,Lilani,KwaZulu Natal,-29.116667,30.85,2
limehill,Limehill,KwaZulu Natal,-28.435803,30.243906,2
lockwood hall,Lockwood Hall,KwaZulu Natal,-30.150793,30.255886,2
lombardskop settlement,Lombardskop Settlement,KwaZulu Natal,-28.55,29.966667,2
longlands,Longlands,KwaZulu Natal,-30.059225,30.194144,2
loskop,Loskop,KwaZulu Natal,-28.933333,29.616667,2
louisiana,Louisiana,KwaZulu Natal,-30.685842,30.460402,2
louwsburg,Louwsburg,KwaZulu Natal,-27.578571,31.289403,2
lovat,Lovat,KwaZulu Natal,-30.566667,30.116667,2
lovodale,Lovodale,KwaZulu Natal,-29.878392,30.425514,2
lucerne,Lucerne,KwaZulu Natal,-28.925725,30.740069,2
lundini,Lundini,KwaZulu Natal,-27.141107,31.991458,2
lynnfield park,Lynnfield Park,KwaZulu Natal,-29.68904,30.470696,2
mabaleni,Mabaleni,KwaZulu Natal,-28.7,31.1,2
mabibi,Mabibi,KwaZulu Natal,-27.332093,32.731806,2
mabuyeni,Mabuyeni,KwaZulu Natal,-28.631534,31.967926,2
macekane,Macekane,KwaZulu Natal,-28.798222,31.806258,2
mackton,Mackton,KwaZulu Natal,-30.537796,29.685614,2
madadeni,Madadeni,KwaZulu Natal,-27.745481,30.035962,2
madonela,Madonela,KwaZulu Natal,-27.343114,32.262804,2
magabeni,Magabeni,KwaZulu Natal,-28.15,30.7,2
magadini,Magadini,KwaZulu Natal,-29.766291,30.017376,2
magdalena,Magdalena,KwaZulu Natal,-29.766667,29.183333,2
magidini,Magidini,KwaZulu Natal,-29.47364,31.022106,2
magode,Magode,KwaZulu Natal,-28.356657,30.778796,2
magogo,Magogo,KwaZulu Natal,-28.446917,30.804798,2
magudu,Magudu,KwaZulu Natal,-27.533532,31.648773,2
magut,Magut,KwaZulu Natal,-27.533532,31.648773,2
mahashem,Mahashem,KwaZulu Natal,-27.874593,31.522439,2
mahasheni,Mahasheni,KwaZulu Natal,-27.874467,31.534673,2
mahashini,Mahashini,KwaZulu Natal,-27.874467,31.534673,2
mahlabatini,Mahlabatini,KwaZulu Natal,-28.233604,31.469957,2
mahlombe,Mahlombe,KwaZulu Natal,-27.997638,31.568486,2
mahlone,Mahlone,KwaZulu Natal,-27.556907,30.957566,2
mahlubeni,Mahlubeni,KwaZulu Natal,-30.76876,30.013624,2
mahlutshini,Mahlutshini,KwaZulu Natal,-29.190376,29.600884,2
maidstone,Maidstone,KwaZulu Natal,-29.542651,31.135619,2
maitland,Maitland,KwaZulu Natal,-29.493182,29.571412,2
majomela,Majomela,KwaZulu Natal,-27.834803,31.553021,2
majozini,Majozini,KwaZulu Natal,-27.489285,32.019729,2
makabeleni,Makabeleni,KwaZulu Natal,-28.858491,30.833385,2
makakatana,Makakatana,KwaZulu Natal,-28.233333,32.4,2
makhanyezi,Makhanyezi,KwaZulu Natal,-28.702828,31.170951,2
makhowe,Makhowe,KwaZulu Natal,-27.961126,32.117904,2
makhuluseni,Makhuluseni,KwaZulu Natal,-29.539679,30.899059,2
makhuzeni,Makhuzeni,KwaZulu Natal,-29.927016,29.740454,2
makhwelela,Makhwelela,KwaZulu Natal,-28.814937,29.190765,2
makhwezini,Makhwezini,KwaZulu Natal,-28.513618,31.882339,2
makowe,Makowe,KwaZulu Natal,-27.961126,32.117904,2
makuzeni,Makuzeni,KwaZulu Natal,-29.980787,30.030369,2
maloen,Maloen,KwaZulu Natal,-29.45,30.316667,2
malukaze,Malukaze,KwaZulu Natal,-29.992024,30.890448,2
malvern,Malvern,KwaZulu Natal,-29.885209,30.925208,2
mamfene,Mamfene,KwaZulu Natal,-27.338325,32.21472,2
mancana,Mancana,KwaZulu Natal,-29.066667,29.966667,2
mandlazini,Mandlazini,KwaZulu Natal,-28.73629,32.057024,2
mangengenene,Mangengenene,KwaZulu Natal,-27.35,31.516667,2
mangeti,Mangeti,KwaZulu Natal,-29.172534,31.480098,2
manguzi,Manguzi,KwaZulu Natal,-26.986978,32.747357,2
mangwanteni,Mangwanteni,KwaZulu Natal,-29.708856,29.770426,2
mangwenya,Mangwenya,KwaZulu Natal,-27.26442,32.472151,2
manhashini,Manhashini,KwaZulu Natal,-27.874467,31.534673,2
manor gardens,Manor Gardens,KwaZulu Natal,-29.866667,30.983333,2
mansfield,Mansfield,KwaZulu Natal,-29.288271,30.084103,2
manston,Manston,KwaZulu Natal,-29.716667,29.45,2
manyiseni,Manyiseni,KwaZulu Natal,-26.912896,32.030303,2
manzibomvu,Manzibomvu,KwaZulu Natal,-27.583333,32.5,2
mapelana,Mapelana,KwaZulu Natal,-28.406512,32.423856,2
maphelana,Maphelana,KwaZulu Natal,-28.406512,32.423856,2
maphophoma,Maphophoma,KwaZulu Natal,-28.037808,31.677413,2
maphungu,Maphungu,KwaZulu Natal,-28.463849,30.7418,2
mapopoma,Mapopoma,KwaZulu Natal,-28.037808,31.677413,2
mapopoma store,Mapopoma Store,KwaZulu Natal,-28.037808,31.677413,2
mapumulo,Mapumulo,KwaZulu Natal,-29.158781,31.067046,2
maputa,Maputa,KwaZulu Natal,-26.986978,32.747357,2
maqikizana,Maqikizana,KwaZulu Natal,-30.34069,30.346058,2
marburg,Marburg,KwaZulu Natal,-30.742243,30.423884,2
margate,Margate,KwaZulu Natal,-30.863595,30.370522,2
margate no. 4,Margate No. 4,KwaZulu Natal,-30.863595,30.370522,2
mariannhill,Mariannhill,KwaZulu Natal,-29.845725,30.825797,2
marina beach,Marina Beach,KwaZulu Natal,-30.936778,30.305842,2
maritzburg,Maritzburg,KwaZulu Natal,-29.616785,30.39278,2
martin,Martin,KwaZulu Natal,-30.85317,30.072692,2
mary gray,Mary Gray,KwaZulu Natal,-29.369818,30.978754,2
masabe,Masabe,KwaZulu Natal,-26.283333,32.2,2
mashayilanga,Mashayilanga,KwaZulu Natal,-29.95,29.583333,2
massondale,Massondale,KwaZulu Natal,-27.733333,31.083333,2
matatiele,Matatiele,KwaZulu Natal,-30.34357,28.811606,2
matshane,Matshane,KwaZulu Natal,-28.75026,31.847784,2
matshetshisa,Matshetshisa,KwaZulu Natal,-30.385901,30.16955,2
mayime,Mayime,KwaZulu Natal,-27.856064,31.454386,2
mayville,Mayville,KwaZulu Natal,-29.85,30.983333,2
mbango,Mbango,KwaZulu Natal,-30.75636,30.446125,2
mbangweni,Mbangweni,KwaZulu Natal,-26.897774,32.351369,2
mbazwana,Mbazwana,KwaZulu Natal,-27.481049,32.582734,2
m'bazwane,M'Bazwane,KwaZulu Natal,-27.481049,32.582734,2
mbekakanye,Mbekakanye,KwaZulu Natal,-27.366147,31.541159,2
mbiswe,Mbiswe,KwaZulu Natal,-28.547258,31.052047,2
mbodleni,Mbodleni,KwaZulu Natal,-29.848289,29.857358,2
mbongolwane,Mbongolwane,KwaZulu Natal,-28.927635,31.201808,2
mboza,Mboza,KwaZulu Natal,-27.179488,32.270326,2
mdimela,Mdimela,KwaZulu Natal,-28.781864,31.109595,2
mdoni,Mdoni,KwaZulu Natal,-30.926502,30.297458,2
meadow brook,Meadow Brook,KwaZulu Natal,-30.313887,28.981138,2
meadownbrook,Meadownbrook,KwaZulu Natal,-30.313887,28.981138,2
meekton,Meekton,KwaZulu Natal,-30.537796,29.685614,2
meer en see,Meer en See,KwaZulu Natal,-28.772453,32.111294,2
mellville,Mellville,KwaZulu Natal,-29.377887,31.254847,2
melmoth,Melmoth,KwaZulu Natal,-28.586644,31.397832,2
melville,Melville,KwaZulu Natal,-29.377887,31.254847,2
mengete,Mengete,KwaZulu Natal,-29.172534,31.480098,2
mengu,Mengu,KwaZulu Natal,-27.099701,32.271522,2
merebank,Merebank,KwaZulu Natal,-29.9517,30.956266,2
merewent,Merewent,KwaZulu Natal,-29.96075,30.98027,2
merrivale,Merrivale,KwaZulu Natal,-29.513639,30.234141,2
merthley,Merthley,KwaZulu Natal,-29.033333,30.533333,2
messelfontein,Messelfontein,KwaZulu Natal,-28.066667,30.883333,2
metzelfontein,Metzelfontein,KwaZulu Natal,-28.066667,30.883333,2
mfabeni,Mfabeni,KwaZulu Natal,-28.107665,31.433331,2
mfolozi,Mfolozi,KwaZulu Natal,-28.488054,32.169186,2
mfongosi,Mfongosi,KwaZulu Natal,-27.3,32.166667,2
mfulamhle,Mfulamhle,KwaZulu Natal,-30.208296,29.912592,2
mfulamuhla,Mfulamuhla,KwaZulu Natal,-30.208296,29.912592,2
mfume,Mfume,KwaZulu Natal,-30.121849,30.745907,2
mfuyeni,Mfuyeni,KwaZulu Natal,-28.490125,31.861593,2
mgayi,Mgayi,KwaZulu Natal,-30.385354,30.490704,2
mgodi,Mgodi,KwaZulu Natal,-29.609565,29.762345,2
mgoqozi,Mgoqozi,KwaZulu Natal,-30.044912,30.716229,2
mgugu,Mgugu,KwaZulu Natal,-30.060255,30.644289,2
mgwenya,Mgwenya,KwaZulu Natal,-30.080215,30.50505,2
mhlabatini,Mhlabatini,KwaZulu Natal,-28.258556,31.440517,2
mhlangana,Mhlangana,KwaZulu Natal,-28.828178,30.315952,2
mhlangana mission,Mhlangana Mission,KwaZulu Natal,-28.828178,30.315952,2
mhlatuze flats,Mhlatuze Flats,KwaZulu Natal,-28.788389,31.943964,2
mhlungwane,Mhlungwane,KwaZulu Natal,-28.13414,30.855567,2
mid illovo,Mid Illovo,KwaZulu Natal,-29.966347,30.516104,2
middle valley,Middle Valley,KwaZulu Natal,-30.056978,29.107624,2
middlebrook,Middlebrook,KwaZulu Natal,-30.558858,29.784497,2
millerton,Millerton,KwaZulu Natal,-29.916667,30.583333,2
miriam booth,Miriam Booth,KwaZulu Natal,-30.12305,30.347299,2
mjindi,Mjindi,KwaZulu Natal,-27.410295,32.150498,2
mkhiweni,Mkhiweni,KwaZulu Natal,-28.101604,31.326568,2
mkhomazana,Mkhomazana,KwaZulu Natal,-29.682639,29.662224,2
mkhumbani,Mkhumbani,KwaZulu Natal,-30.179226,30.508448,2
mkobeni,Mkobeni,KwaZulu Natal,-29.766667,29.85,2
mkonjane,Mkonjane,KwaZulu Natal,-28.148871,30.578536,2
mkunya,Mkunya,KwaZulu Natal,-30.138879,30.405802,2
mkusi,Mkusi,KwaZulu Natal,-27.61641,32.038609,2
mkuze,Mkuze,KwaZulu Natal,-27.61641,32.038609,2
mkuze estate,Mkuze Estate,KwaZulu Natal,-27.629027,32.00968,2
mkuzi,Mkuzi,KwaZulu Natal,-27.61641,32.038609,2
mlambangwenya,Mlambangwenya,KwaZulu Natal,-27.181536,32.188724,2
mlambongwenya store,Mlambongwenya Store,KwaZulu Natal,-27.181536,32.188724,2
mncongweni,Mncongweni,KwaZulu Natal,-28.101604,31.326568,2
mngampondo,Mngampondo,KwaZulu Natal,-28.712201,31.686902,2
mnqobokazi,Mnqobokazi,KwaZulu Natal,-27.685598,32.43218,2
mobeni,Mobeni,KwaZulu Natal,-29.94825,30.95039,2
moguntia,Moguntia,KwaZulu Natal,-30.733333,30.1,2
mondlo,Mondlo,KwaZulu Natal,-27.982991,30.717694,2
montclair,Montclair,KwaZulu Natal,-29.919682,30.964724,2
montebello,Montebello,KwaZulu Natal,-29.439677,30.809537,2
monteseel,Monteseel,KwaZulu Natal,-29.741968,30.680766,2
montobella,Montobella,KwaZulu Natal,-29.439677,30.809537,2
monzi,Monzi,KwaZulu Natal,-28.447323,32.305534,2
mooi river,Mooi River,KwaZulu Natal,-29.208242,29.994598,2
mooirivier,Mooirivier,KwaZulu Natal,-29.208242,29.994598,2
moorberg,Moorberg,KwaZulu Natal,-29.059795,29.66316,2
moorleigh,Moorleigh,KwaZulu Natal,-28.977247,29.729769,2
morningside,Morningside,KwaZulu Natal,-29.820209,31.017358,2
morrison,Morrison,KwaZulu Natal,-30.566667,30.416667,2
morrisons,Morrisons,KwaZulu Natal,-30.566667,30.416667,2
mossdale,Mossdale,KwaZulu Natal,-28,29.916667,2
mount alida,Mount Alida,KwaZulu Natal,-29.179994,30.347565,2
mount charnwood,Mount Charnwood,KwaZulu Natal,-28.673611,31.728313,2
mount edgecombe,Mount Edgecombe,KwaZulu Natal,-29.706671,31.025098,2
mount elias,Mount Elias,KwaZulu Natal,-29.25458,30.798613,2
mount knoezan,Mount Knoezan,KwaZulu Natal,-30.517493,28.925081,2
mount knoezen,Mount Knoezen,KwaZulu Natal,-30.517493,28.925081,2
mount ngwibi,Mount Ngwibi,KwaZulu Natal,-27.793599,31.074141,2
mount saint bernard,Mount Saint Bernard,KwaZulu Natal,-28.912844,30.381733,2
mountain herberg hostel,Mountain Herberg Hostel,KwaZulu Natal,-29.05,29.4,2
mountain view,Mountain View,KwaZulu Natal,-27.782407,31.42551,2
mpendle,Mpendle,KwaZulu Natal,-29.60049,29.865608,2
mpenjathi,Mpenjathi,KwaZulu Natal,-30.926502,30.297458,2
mpenjati,Mpenjati,KwaZulu Natal,-30.926502,30.297458,2
mpeshu,Mpeshu,KwaZulu Natal,-30.6,30.55,2
mpkakathini,Mpkakathini,KwaZulu Natal,-27.480601,32.443688,2
mpofana,Mpofana,KwaZulu Natal,-28.883333,30.55,2
mpofane,Mpofane,KwaZulu Natal,-29.363571,29.700216,2
mpolweni,Mpolweni,KwaZulu Natal,-29.42827,30.491581,2
mpophomeni,Mpophomeni,KwaZulu Natal,-29.568219,30.186182,2
mpukunyoni,Mpukunyoni,KwaZulu Natal,-28.336272,32.096734,2
mpumalanga,Mpumalanga,KwaZulu Natal,-27.881765,31.534017,2
mpumulwane,Mpumulwane,KwaZulu Natal,-29.965084,29.688551,2
mpunzi drift,Mpunzi Drift,KwaZulu Natal,-30.85317,30.072692,2
mqatsheni,Mqatsheni,KwaZulu Natal,-29.603418,29.482961,2
mseleni,Mseleni,KwaZulu Natal,-27.339618,32.564043,2
msholozi,Msholozi,KwaZulu Natal,-29.982501,30.677846,2
msimbiti,Msimbiti,KwaZulu Natal,-28.817048,31.898951,2
msinsini,Msinsini,KwaZulu Natal,-30.483333,30.516667,2
mtandeni,Mtandeni,KwaZulu Natal,-29.266961,31.062563,2
mtendeni,Mtendeni,KwaZulu Natal,-29.266961,31.062563,2
mtojeni,Mtojeni,KwaZulu Natal,-27.217551,31.99186,2
mtolo,Mtolo,KwaZulu Natal,-28.170541,32.119041,2
mtuba ridge,Mtuba Ridge,KwaZulu Natal,-28.408686,32.167873,2
mtubatuba,Mtubatuba,KwaZulu Natal,-28.417886,32.184832,2
mtulwa,Mtulwa,KwaZulu Natal,-29.236905,30.764271,2
mtunzini,Mtunzini,KwaZulu Natal,-28.956567,31.75431,2
mtwalume,Mtwalume,KwaZulu Natal,-30.490741,30.630388,2
muden,Muden,KwaZulu Natal,-28.984957,30.371461,2
munster,Munster,KwaZulu Natal,-30.998276,30.248711,2
munyu,Munyu,KwaZulu Natal,-27.355287,32.331735,2
musgrave,Musgrave,KwaZulu Natal,-29.849889,30.994046,2
mushane,Mushane,KwaZulu Natal,-29.231827,31.104134,2
mvelabusha,Mvelabusha,KwaZulu Natal,-27.157387,32.725281,2
mvenyane,Mvenyane,KwaZulu Natal,-30.582494,30.148889,2
mvoti location,Mvoti Location,KwaZulu Natal,-29.25,30.916667,2
mwemwe,Mwemwe,KwaZulu Natal,-29.566667,30.9,2
nadi,Nadi,KwaZulu Natal,-28.843155,30.683459,2
nagana,Nagana,KwaZulu Natal,-27.6,32.216667,2
nagana research headquarters,Nagana Research Headquarters,KwaZulu Natal,-27.6,32.216667,2
naidooville,Naidooville,KwaZulu Natal,-30.214438,30.764083,2
namakazi,Namakazi,KwaZulu Natal,-28.499609,30.210564,2
nantes,Nantes,KwaZulu Natal,-27.736477,31.007704,2
nazareth,Nazareth,KwaZulu Natal,-30.186414,29.873207,2
nazereth,Nazereth,KwaZulu Natal,-30.186414,29.873207,2
ncamboshe,Ncamboshe,KwaZulu Natal,-28.668268,30.609302,2
ncungu,Ncungu,KwaZulu Natal,-27.911105,31.565058,2
ndabeni,Ndabeni,KwaZulu Natal,-26.939365,32.028294,2
ndatshana,Ndatshana,KwaZulu Natal,-28.080684,30.58962,2
ndatshana mission,Ndatshana Mission,KwaZulu Natal,-28.080684,30.58962,2
ndlovini,Ndlovini,KwaZulu Natal,-30.616776,30.092988,2
ndodwane,Ndodwane,KwaZulu Natal,-28.60371,31.848671,2
ndongeni,Ndongeni,KwaZulu Natal,-27.538864,32.48804,2
ndonyane,Ndonyane,KwaZulu Natal,-30.235407,30.361696,2
ndulinde,Ndulinde,KwaZulu Natal,-29.032925,31.398316,2
ndumo,Ndumo,KwaZulu Natal,-26.926402,32.251746,2
ndumu,Ndumu,KwaZulu Natal,-26.926402,32.251746,2
ndundula,Ndundula,KwaZulu Natal,-28.68936,31.515221,2
ndundula mission,Ndundula Mission,KwaZulu Natal,-28.68936,31.515221,2
ndwedwe,Ndwedwe,KwaZulu Natal,-29.516861,30.926874,2
ndwedwe magistracy,Ndwedwe Magistracy,KwaZulu Natal,-29.516861,30.926874,2
nellie valley,Nellie Valley,KwaZulu Natal,-27.907075,30.210494,2
new england,New England,KwaZulu Natal,-29.6,30.433333,2
new furrow,New Furrow,KwaZulu Natal,-28.85,30.033333,2
new garret,New Garret,KwaZulu Natal,-30.302513,30.231749,2
new garrett,New Garrett,KwaZulu Natal,-30.302513,30.231749,2
new germany,New Germany,KwaZulu Natal,-29.801827,30.883959,2
new guelderland,New Guelderland,KwaZulu Natal,-29.324591,31.329415,2
new hanover,New Hanover,KwaZulu Natal,-29.355192,30.528015,2
new kingsmead,New Kingsmead,KwaZulu Natal,-29.816667,31.016667,2
new rail,New Rail,KwaZulu Natal,-28.760282,31.901984,2
new river,New River,KwaZulu Natal,-29.625885,30.888965,2
new tendega,New Tendega,KwaZulu Natal,-27.716667,30.85,2
new tendeka,New Tendeka,KwaZulu Natal,-27.716667,30.85,2
newark,Newark,KwaZulu Natal,-29.199455,31.406765,2
newcastle,Newcastle,KwaZulu Natal,-27.757956,29.931803,2
newlands,Newlands,KwaZulu Natal,-29.777846,30.961123,2
newstead,Newstead,KwaZulu Natal,-29.150005,30.300182,2
ngagane,Ngagane,KwaZulu Natal,-27.840174,29.997708,2
ngazini,Ngazini,KwaZulu Natal,-27.333333,32.016667,2
ngilanyoni,Ngilanyoni,KwaZulu Natal,-30.072341,30.577793,2
ngobeni,Ngobeni,KwaZulu Natal,-27.666667,31.166667,2
ngotshe,Ngotshe,KwaZulu Natal,-27.483333,31.283333,2
ngqolo,Ngqolo,KwaZulu Natal,-30.633333,29.75,2
ngudwini,Ngudwini,KwaZulu Natal,-29.871575,29.852668,2
nguka,Nguka,KwaZulu Natal,-29.58246,29.814453,2
ngutu,Ngutu,KwaZulu Natal,-28.212162,30.675416,2
ngutweni,Ngutweni,KwaZulu Natal,-29.05,31.25,2
ngwabe,Ngwabe,KwaZulu Natal,-28.163702,31.696916,2
ngwangwana,Ngwangwana,KwaZulu Natal,-29.964482,29.525926,2
ngwavuma,Ngwavuma,KwaZulu Natal,-27.133134,31.997051,2
ngwelezana,Ngwelezana,KwaZulu Natal,-28.775127,31.85591,2
ngwenda,Ngwenda,KwaZulu Natal,-30.430431,30.300491,2
nhlabamkhosi,Nhlabamkhosi,KwaZulu Natal,-29.595138,29.887336,2
nhlalwani,Nhlalwani,KwaZulu Natal,-30.456735,30.079967,2
nhlambeni,Nhlambeni,KwaZulu Natal,-27.195266,32.393866,2
nhlangwini,Nhlangwini,KwaZulu Natal,-30.564273,30.065442,2
nhlazatsche,Nhlazatsche,KwaZulu Natal,-28.181073,31.251356,2
nhlazatshe,Nhlazatshe,KwaZulu Natal,-28.181073,31.251356,2
njamhlophe,Njamhlophe,KwaZulu Natal,-30.671495,29.715786,2
njampela,Njampela,KwaZulu Natal,-27.957569,31.70528,2
nkande,Nkande,KwaZulu Natal,-27.978501,30.617662,2
nkandhla,Nkandhla,KwaZulu Natal,-28.620698,31.090668,2
nkandla,Nkandla,KwaZulu Natal,-28.620698,31.090668,2
nkangala,Nkangala,KwaZulu Natal,-29.583333,29.666667,2
nkaphane,Nkaphane,KwaZulu Natal,-28.291562,31.307688,2
nkaseni,Nkaseni,KwaZulu Natal,-28.766667,30.166667,2
nkasini,Nkasini,KwaZulu Natal,-28.766667,30.166667,2
nkasini estates,Nkasini Estates,KwaZulu Natal,-28.766667,30.166667,2
nkelabantwana,Nkelabantwana,KwaZulu Natal,-29.766667,29.8,2
nkifa farm,Nkifa Farm,KwaZulu Natal,-29.801066,29.638308,2
nkivane,Nkivane,KwaZulu Natal,-29.306848,30.903235,2
nkiya,Nkiya,KwaZulu Natal,-28.479249,32.027233,2
nkiyakiya,Nkiyakiya,KwaZulu Natal,-28.479249,32.027233,2
nkoneni,Nkoneni,KwaZulu Natal,-30.521038,30.074796,2
nkonjane,Nkonjane,KwaZulu Natal,-28.15,32.2,2
nkonjeni,Nkonjeni,KwaZulu Natal,-28.226773,31.416075,2
nkothweni,Nkothweni,KwaZulu Natal,-29.622669,29.620124,2
nkronze,Nkronze,KwaZulu Natal,-29.983333,29.816667,2
nkumba,Nkumba,KwaZulu Natal,-29.744382,29.854949,2
nkwali,Nkwali,KwaZulu Natal,-30.10165,30.796601,2
nkwalini,Nkwalini,KwaZulu Natal,-28.725093,31.525084,2
nkwambane,Nkwambane,KwaZulu Natal,-27.036841,32.139805,2
nkwambosi,Nkwambosi,KwaZulu Natal,-27.163489,32.188154,2
nkwezela,Nkwezela,KwaZulu Natal,-29.857107,29.789688,2
nocomboshe,Nocomboshe,KwaZulu Natal,-28.668268,30.609302,2
nolangeni,Nolangeni,KwaZulu Natal,-30.620351,29.41845,2
nolengeni,Nolengeni,KwaZulu Natal,-30.620351,29.41845,2
nombengeza,Nombengeza,KwaZulu Natal,-30.712448,29.882036,2
nondabuya,Nondabuya,KwaZulu Natal,-27.337695,32.129938,2
nondwene,Nondwene,KwaZulu Natal,-28.192282,30.819548,2
nondweni,Nondweni,KwaZulu Natal,-28.192282,30.819548,2
nondweni village,Nondweni Village,KwaZulu Natal,-28.192282,30.819548,2
nongoma,Nongoma,KwaZulu Natal,-27.909675,31.648168,2
nonjingigazi,Nonjingigazi,KwaZulu Natal,-27.062527,32.134852,2
nonjinjakazi,Nonjinjakazi,KwaZulu Natal,-27.062527,32.134852,2
nontshingo,Nontshingo,KwaZulu Natal,-28.766667,32.116667,2
noodsberg,Noodsberg,KwaZulu Natal,-29.334539,30.86478,2
nooitgedacht,Nooitgedacht,KwaZulu Natal,-28.522905,29.592225,2
normandien,Normandien,KwaZulu Natal,-27.987074,29.780694,2
northdale,Northdale,KwaZulu Natal,-29.559174,30.391642,2
norwegian,Norwegian,KwaZulu Natal,-28.226773,31.416075,2
norwegian mission station,Norwegian Mission Station,KwaZulu Natal,-28.226773,31.416075,2
nottingham,Nottingham,KwaZulu Natal,-29.420086,29.90432,2
nottingham road,Nottingham Road,KwaZulu Natal,-29.35,29.983333,2
nottingham weg,Nottingham weg,KwaZulu Natal,-29.3571,29.995267,2
nqabeni,Nqabeni,KwaZulu Natal,-30.733333,30.033333,2
nqulwane,Nqulwane,KwaZulu Natal,-28.33441,31.669867,2
nqutu,Nqutu,KwaZulu Natal,-28.212162,30.675416,2
nseleni,Nseleni,KwaZulu Natal,-28.663854,32.022836,2
nsimbini,Nsimbini,KwaZulu Natal,-29.933333,29.6,2
nsingweni,Nsingweni,KwaZulu Natal,-28.957835,31.641142,2
nsuze,Nsuze,KwaZulu Natal,-29.373684,30.937324,2
ntaba,Ntaba,KwaZulu Natal,-30.353236,30.33005,2
ntabamhlope,Ntabamhlope,KwaZulu Natal,-29.1,29.6,2
ntabankulu,Ntabankulu,KwaZulu Natal,-28.296778,31.590236,2
ntabayengwe,Ntabayengwe,KwaZulu Natal,-27.117368,32.110464,2
ntabayezulu,Ntabayezulu,KwaZulu Natal,-27.8,31.983333,2
ntabazwe,Ntabazwe,KwaZulu Natal,-30.465813,30.433761,2
ntapuka,Ntapuka,KwaZulu Natal,-29.552482,30.965407,2
ntilingwe,Ntilingwe,KwaZulu Natal,-28.311316,31.563675,2
ntiwa,Ntiwa,KwaZulu Natal,-28.676531,32.014739,2
ntlolas,Ntlolas,KwaZulu Natal,-30.590632,29.084008,2
ntola,Ntola,KwaZulu Natal,-30.590632,29.084008,2
ntshishini,Ntshishini,KwaZulu Natal,-29.5748,29.863178,2
ntumeni,Ntumeni,KwaZulu Natal,-28.855967,31.324886,2
ntunjambili,Ntunjambili,KwaZulu Natal,-28.932282,30.936904,2
ntuthunga,Ntuthunga,KwaZulu Natal,-28.461562,31.928446,2
nyalazi river,Nyalazi River,KwaZulu Natal,-28.216667,32.3,2
nyanyadu,Nyanyadu,KwaZulu Natal,-27.976659,30.272822,2
nyembi,Nyembi,KwaZulu Natal,-27.751719,30.999534,2
nyoni,Nyoni,KwaZulu Natal,-29.07766,31.463489,2
nzinga,Nzinga,KwaZulu Natal,-29.516667,29.683333,2
oakhurst,Oakhurst,KwaZulu Natal,-27.733333,31,2
oaklands,Oaklands,KwaZulu Natal,-29.889804,29.954801,2
oakover,Oakover,KwaZulu Natal,-29.083333,30.45,2
oatlands,Oatlands,KwaZulu Natal,-30.552856,29.323208,2
obanjeni,Obanjeni,KwaZulu Natal,-28.932007,31.690873,2
obesa,Obesa,KwaZulu Natal,-28.653084,31.88166,2
obonjaneni,Obonjaneni,KwaZulu Natal,-28.686541,28.976165,2
ocean view,Ocean View,KwaZulu Natal,-29.260092,31.422742,2
odidini,Odidini,KwaZulu Natal,-30.017583,30.672608,2
odlameni,Odlameni,KwaZulu Natal,-29.540999,30.649619,2
ogagwini,oGagwini,KwaZulu Natal,-30.038588,30.647561,2
ogedleni,Ogedleni,KwaZulu Natal,-27.697748,31.84568,2
ogonothini,oGonothini,KwaZulu Natal,-29.446621,30.956359,2
ohlalwini,Ohlalwini,KwaZulu Natal,-27.388759,32.115194,2
ohlelo,Ohlelo,KwaZulu Natal,-28.467452,31.031943,2
ohubandaba,Ohubandaba,KwaZulu Natal,-28.783333,31.783333,2
okhukho,Okhukho,KwaZulu Natal,-28.241434,31.673863,2
oliphants hoek,Oliphants Hoek,KwaZulu Natal,-28.871445,30.764657,2
oliviershoek,Oliviershoek,KwaZulu Natal,-28.698522,29.158915,2
ongoye,Ongoye,KwaZulu Natal,-28.891624,31.738709,2
onvergenoeg,Onvergenoeg,KwaZulu Natal,-28.314979,30.825447,2
opati,Opati,KwaZulu Natal,-28.959448,30.350491,2
opati mission,Opati Mission,KwaZulu Natal,-28.959448,30.350491,2
ophansi,Ophansi,KwaZulu Natal,-27.583333,32.283333,2
ophondweni,Ophondweni,KwaZulu Natal,-27.290299,32.084545,2
opondweni,Opondweni,KwaZulu Natal,-27.290299,32.084545,2
oqhumu,Oqhumu,KwaZulu Natal,-28.815899,29.114735,2
osizweni,Osizweni,KwaZulu Natal,-27.786453,30.118979,2
oslo beach,Oslo Beach,KwaZulu Natal,-30.763173,30.441257,2
otimati,Otimati,KwaZulu Natal,-29.155306,31.14668,2
ottawa,Ottawa,KwaZulu Natal,-29.672758,31.036297,2
otterburn,Otterburn,KwaZulu Natal,-29.133333,29.616667,2
ouderdom,Ouderdom,KwaZulu Natal,-27.316667,31.6,2
overdene estate,Overdene Estate,KwaZulu Natal,-29.019937,31.549086,2
overport,Overport,KwaZulu Natal,-29.834802,31.000124,2
oyemani,Oyemani,KwaZulu Natal,-28.812397,31.67468,2
oyemeni,Oyemeni,KwaZulu Natal,-28.812397,31.67468,2
ozwatini,Ozwatini,KwaZulu Natal,-29.4,30.85,2
paddafontein,Paddafontein,KwaZulu Natal,-28.35,30.35,2
paddock,Paddock,KwaZulu Natal,-30.75,30.266667,2
painsacre,Painsacre,KwaZulu Natal,-29.45,29.516667,2
pampa,Pampa,KwaZulu Natal,-30.193663,30.310586,2
panorama,Panorama,KwaZulu Natal,-28.753827,31.891126,2
park rynie,Park Rynie,KwaZulu Natal,-30.31586,30.74188,2
paspalum,Paspalum,KwaZulu Natal,-30.491652,28.922446,2
pateni,Pateni,KwaZulu Natal,-29.940525,30.14498,2
patwa's,Patwa's,KwaZulu Natal,-30.816667,30.183333,2
paulpietersburg,Paulpietersburg,KwaZulu Natal,-27.424263,30.816893,2
peace town,Peace Town,KwaZulu Natal,-28.450535,29.741938,2
pelham,Pelham,KwaZulu Natal,-29.630738,30.389496,2
pelindaba,Pelindaba,KwaZulu Natal,-27.055146,32.550963,2
pelindaba store,Pelindaba Store,KwaZulu Natal,-27.055146,32.550963,2
pension farm,Pension Farm,KwaZulu Natal,-28.672772,31.916972,2
pevensey place,Pevensey Place,KwaZulu Natal,-29.776122,29.588639,2
phapheni,Phapheni,KwaZulu Natal,-27.25,32.183333,2
phelandaba,Phelandaba,KwaZulu Natal,-27.055146,32.550963,2
phoenix,Phoenix,KwaZulu Natal,-29.704281,30.976104,2
phoenix hill,Phoenix Hill,KwaZulu Natal,-30.611281,29.817046,2
phoenix park,Phoenix Park,KwaZulu Natal,-30.611281,29.817046,2
pholela,Pholela,KwaZulu Natal,-28.715677,30.857327,2
piensrand,Piensrand,KwaZulu Natal,-27.416667,30.833333,2
pietermaritsburg,Pietermaritsburg,KwaZulu Natal,-29.616785,30.39278,2
pietermaritzburg,Pietermaritzburg,KwaZulu Natal,-29.616785,30.39278,2
pine cleugh,Pine Cleugh,KwaZulu Natal,-30.614686,29.305873,2
pinelands,Pinelands,KwaZulu Natal,-29.833333,30.85,2
pinetown,Pinetown,KwaZulu Natal,-29.820677,30.88674,2
pisgah,Pisgah,KwaZulu Natal,-30.683333,29.883333,2
plessislaer,Plessislaer,KwaZulu Natal,-29.633333,30.35,2
point,Point,KwaZulu Natal,-29.864712,31.041259,2
polela,Polela,KwaZulu Natal,-29.762805,29.855983,2
police post,Police Post,KwaZulu Natal,-30.926502,30.297458,2
pomeroy,Pomeroy,KwaZulu Natal,-28.552922,30.425017,2
pongola,Pongola,KwaZulu Natal,-27.378076,31.61904,2
port durnford,Port Durnford,KwaZulu Natal,-28.9,31.816667,2
port edward,Port Edward,KwaZulu Natal,-31.050667,30.227994,2
port natal,Port Natal,KwaZulu Natal,-29.857896,31.029198,2
port shepstone,Port Shepstone,KwaZulu Natal,-30.741369,30.454992,2
portobello,Portobello,KwaZulu Natal,-30.998241,30.265332,2
portobello beach,Portobello Beach,KwaZulu Natal,-30.999961,30.266044,2
potela,Potela,KwaZulu Natal,-28.715677,30.857327,2
powercourt,Powercourt,KwaZulu Natal,-30.00073,30.620126,2
power's court,Power's Court,KwaZulu Natal,-30.00073,30.620126,2
proclamation,Proclamation,KwaZulu Natal,-29.25,30.55,2
prome,Prome,KwaZulu Natal,-30.645499,30.472467,2
prospect,Prospect,KwaZulu Natal,-29.800061,31.029726,2
pulunjani,Pulunjani,KwaZulu Natal,-30.420276,30.444448,2
punayi,Punayi,KwaZulu Natal,-30.37082,30.379356,2
puntans hill,Puntans Hill,KwaZulu Natal,-29.81873,31.004274,2
punzidrift,Punzidrift,KwaZulu Natal,-30.85317,30.072692,2
qonggo,Qonggo,KwaZulu Natal,-28.047628,31.644043,2
qongqo,Qongqo,KwaZulu Natal,-28.047628,31.644043,2
qubandaba,Qubandaba,KwaZulu Natal,-28.783333,31.783333,2
qudeni,Qudeni,KwaZulu Natal,-28.607759,30.865421,2
queensburgh,Queensburgh,KwaZulu Natal,-29.868263,30.914213,2
qwebela,Qwebela,KwaZulu Natal,-30.679633,29.896781,2
radley,Radley,KwaZulu Natal,-30.393931,30.205988,2
ragbubee,Ragbubee,KwaZulu Natal,-29.616667,31.016667,2
raisethorpe,Raisethorpe,KwaZulu Natal,-29.557075,30.416248,2
ramsgate,Ramsgate,KwaZulu Natal,-28.016927,29.899081,2
randalhurst,Randalhurst,KwaZulu Natal,-28.566667,31.15,2
randt,Randt,KwaZulu Natal,-28.833333,30.883333,2
ranger,Ranger,KwaZulu Natal,-28.116667,32.45,2
rayonne,Rayonne,KwaZulu Natal,-29.166667,30.166667,2
reamour,Reamour,KwaZulu Natal,-28.2,30.45,2
red hill,Red Hill,KwaZulu Natal,-29.776229,31.027366,2
redlands,Redlands,KwaZulu Natal,-30.569392,29.731477,2
regina,Regina,KwaZulu Natal,-28.974954,30.740858,2
reservoir hills,Reservoir Hills,KwaZulu Natal,-29.802441,30.942704,2
retreat,Retreat,KwaZulu Natal,-29.67522,29.544455,2
reunion,Reunion,KwaZulu Natal,-29.964547,30.942921,2
rev estates,Rev Estates,KwaZulu Natal,-29.336438,29.798662,2
richards bay,Richards Bay,KwaZulu Natal,-28.775417,32.054005,2
richardsbaai,Richardsbaai,KwaZulu Natal,-28.775417,32.054005,2
richmond,Richmond,KwaZulu Natal,-29.871962,30.272352,2
richmond-rydal vale,Richmond-Rydal Vale,KwaZulu Natal,-29.75,30.933333,2
rietfontein,Rietfontein,KwaZulu Natal,-30.540202,29.245951,2
rietrivier,Rietrivier,KwaZulu Natal,-29.662969,31.018601,2
rietvlei,Rietvlei,KwaZulu Natal,-29.186041,30.279749,2
river view,River View,KwaZulu Natal,-28.438423,32.180248,2
riversdale,Riversdale,KwaZulu Natal,-27.80767,31.089852,2
riverside,Riverside,KwaZulu Natal,-29.805754,31.017185,2
riversmeet,Riversmeet,KwaZulu Natal,-28.43961,31.05484,2
romelcoh,Romelcoh,KwaZulu Natal,-29.383333,30.166667,2
roodekop,Roodekop,KwaZulu Natal,-27.563056,29.987731,2
rooidrif,Rooidrif,KwaZulu Natal,-28.183333,31.1,2
rookdale,Rookdale,KwaZulu Natal,-28.722999,29.241793,2
roosboom,Roosboom,KwaZulu Natal,-28.637582,29.718775,2
rorke's drift,Rorke's Drift,KwaZulu Natal,-28.357943,30.537083,2
rork's drift,Rork's Drift,KwaZulu Natal,-28.357943,30.537083,2
rosboom,Rosboom,KwaZulu Natal,-28.637582,29.718775,2
roseneath,Roseneath,KwaZulu Natal,-30.195231,30.755292,2
rossburgh,Rossburgh,KwaZulu Natal,-29.90002,30.969146,2
rusfontein,Rusfontein,KwaZulu Natal,-30.475085,29.298996,2
rustfontein,Rustfontein,KwaZulu Natal,-30.475085,29.298996,2
saint alban,Saint Alban,KwaZulu Natal,-27.893667,31.645834,2
saint andrews,Saint Andrews,KwaZulu Natal,-29.17587,31.455253,2
saint annes college,Saint Annes College,KwaZulu Natal,-29.55,30.3,2
saint augustine's,Saint Augustine's,KwaZulu Natal,-28.288721,30.578194,2
saint elmo,Saint Elmo,KwaZulu Natal,-30.029502,30.292875,2
saint faith's,Saint Faith's,KwaZulu Natal,-30.516667,30.2,2
saint isidore,Saint Isidore,KwaZulu Natal,-30.152546,30.105907,2
saint james,Saint James,KwaZulu Natal,-28.17344,30.55386,2
saint james mission,Saint James Mission,KwaZulu Natal,-28.17344,30.55386,2
saint johns,Saint Johns,KwaZulu Natal,-28.113541,30.609042,2
saint john's mission,Saint John's Mission,KwaZulu Natal,-28.113541,30.609042,2
saint lucia,Saint Lucia,KwaZulu Natal,-28.3774,32.414082,2
saint lucia estuary,Saint Lucia Estuary,KwaZulu Natal,-28.3774,32.414082,2
saint mathews,Saint Mathews,KwaZulu Natal,-27.949421,30.618079,2
saint matthews,Saint Matthews,KwaZulu Natal,-27.949421,30.618079,2
saint michael's on sea,Saint Michael's on Sea,KwaZulu Natal,-30.824216,30.401424,2
saint mirlarm,Saint Mirlarm,KwaZulu Natal,-30.12305,30.347299,2
saint pauls,Saint Pauls,KwaZulu Natal,-28.095825,30.691175,2
saint paul's,Saint Paul's,KwaZulu Natal,-28.695426,31.573817,2
saint pauls mission,Saint Pauls Mission,KwaZulu Natal,-28.095825,30.691175,2
saint paul's mission,Saint Paul's Mission,KwaZulu Natal,-28.695426,31.573817,2
saint thomas,Saint Thomas,KwaZulu Natal,-28.236504,30.571895,2
saint thomas mission,Saint Thomas Mission,KwaZulu Natal,-28.236504,30.571895,2
saint winifred's beach,Saint Winifred's Beach,KwaZulu Natal,-30.088435,30.853914,2
salisbury island,Salisbury Island,KwaZulu Natal,-29.883518,31.035754,2
salpine,Salpine,KwaZulu Natal,-28.558391,32.2107,2
salt rock,Salt Rock,KwaZulu Natal,-29.502059,31.235111,2
salvation,Salvation,KwaZulu Natal,-27.777203,31.424084,2
samungu,Samungu,KwaZulu Natal,-29.05,31.116667,2
sand river valley,Sand River Valley,KwaZulu Natal,-28.483333,29.55,2
sandlaer,Sandlaer,KwaZulu Natal,-27.728282,31.073193,2
sangoyana,Sangoyana,KwaZulu Natal,-28.452826,31.792613,2
sani pass,Sani Pass,KwaZulu Natal,-29.656874,29.445745,2
sanikidge,Sanikidge,KwaZulu Natal,-29.366667,31.133333,2
sarabub,Sarabub,KwaZulu Natal,-27.666667,32.016667,2
sarsden estate,Sarsden Estate,KwaZulu Natal,-29.441843,30.020585,2
sawongo,Sawongo,KwaZulu Natal,-29.566667,29.833333,2
saxony,Saxony,KwaZulu Natal,-28.60988,31.375849,2
schoongezicht,Schoongezicht,KwaZulu Natal,-28.728457,31.948089,2
schroeders,Schroeders,KwaZulu Natal,-29.385034,30.560635,2
scotston,Scotston,KwaZulu Natal,-29.796226,29.475263,2
scottburg,Scottburg,KwaZulu Natal,-30.286656,30.753161,2
scottburgh,Scottburgh,KwaZulu Natal,-30.286656,30.753161,2
scottburgh south,Scottburgh South,KwaZulu Natal,-30.303313,30.743861,2
scottsburgh,Scottsburgh,KwaZulu Natal,-30.286656,30.753161,2
sea park,Sea Park,KwaZulu Natal,-30.696111,30.491874,2
sea view,Sea View,KwaZulu Natal,-29.90273,30.969236,2
seafield,Seafield,KwaZulu Natal,-30.683333,30.45,2
seaforth,Seaforth,KwaZulu Natal,-29.971969,30.066071,2
sea-view,Sea-View,KwaZulu Natal,-31.031902,30.22439,2
sebensa,Sebensa,KwaZulu Natal,-29.9,29.516667,2
selection,Selection,KwaZulu Natal,-29.678684,31.1133,2
selection beach,Selection Beach,KwaZulu Natal,-29.678684,31.1133,2
sevenoaks,Sevenoaks,KwaZulu Natal,-29.207199,30.597268,2
sewefontein,Sewefontein,KwaZulu Natal,-27.666667,31.066667,2
sezela,Sezela,KwaZulu Natal,-30.406046,30.680935,2
shaka's rock,Shaka's Rock,KwaZulu Natal,-29.510055,31.231506,2
shakaskraal,Shakaskraal,KwaZulu Natal,-29.449315,31.21532,2
shambles,Shambles,KwaZulu Natal,-28.666667,29.083333,2
sheffield beach,Sheffield Beach,KwaZulu Natal,-29.48406,31.257998,2
shelly beach,Shelly Beach,KwaZulu Natal,-30.800641,30.414268,2
shemula,Shemula,KwaZulu Natal,-27.081925,32.228628,2
sherwood,Sherwood,KwaZulu Natal,-29.828928,30.979419,2
shiyabantu,Shiyabantu,KwaZulu Natal,-29.595912,29.807646,2
shongwe,Shongwe,KwaZulu Natal,-27.433333,32.366667,2
shongwe store,Shongwe Store,KwaZulu Natal,-27.433333,32.366667,2
shooters hill,Shooters Hill,KwaZulu Natal,-29.436414,30.333281,2
sibhudeni,Sibhudeni,KwaZulu Natal,-28.755396,31.178522,2
sidinsi,Sidinsi,KwaZulu Natal,-27.950377,31.773586,2
sihangwane,Sihangwane,KwaZulu Natal,-27.047889,32.420235,2
sihlenga,Sihlenga,KwaZulu Natal,-27.086603,32.467047,2
sihlutshana,Sihlutshana,KwaZulu Natal,-28.367552,30.801174,2
silutshana,Silutshana,KwaZulu Natal,-28.367552,30.801174,2
silverton,Silverton,KwaZulu Natal,-29.833333,30.583333,2
simozomeni,Simozomeni,KwaZulu Natal,-29.918476,30.215329,2
sinathingi,Sinathingi,KwaZulu Natal,-29.680205,30.281568,2
siphahleni,Siphahleni,KwaZulu Natal,-29.833333,29.883333,2
sitebe,Sitebe,KwaZulu Natal,-29.101135,31.419987,2
sithunjwana,Sithunjwana,KwaZulu Natal,-29.641765,29.831254,2
sitofela,Sitofela,KwaZulu Natal,-29.613813,29.684649,2
situndu,Situndu,KwaZulu Natal,-29.883333,30.816667,2
sivivaneni,Sivivaneni,KwaZulu Natal,-28.1,32.05,2
sivule,Sivule,KwaZulu Natal,-27.316667,31.416667,2
siweni,Siweni,KwaZulu Natal,-27.104605,32.143132,2
siyakhathala,Siyakhathala,KwaZulu Natal,-28.093496,30.786114,2
sizabantu,Sizabantu,KwaZulu Natal,-27.833333,31.816667,2
slaters,Slaters,KwaZulu Natal,-30.633333,29.75,2
slaters store,Slaters Store,KwaZulu Natal,-30.633333,29.75,2
slates drift,Slates Drift,KwaZulu Natal,-27.8,30.266667,2
sobabili,Sobabili,KwaZulu Natal,-29.066667,29.716667,2
sobamdlovu,Sobamdlovu,KwaZulu Natal,-28.852352,31.911726,2
sobantu,Sobantu,KwaZulu Natal,-29.6,30.433333,2
soberton,Soberton,KwaZulu Natal,-29.361073,31.114067,2
somerset,Somerset,KwaZulu Natal,-27.918959,32.261794,2
somkele,Somkele,KwaZulu Natal,-28.316667,32.1,2
somshoek,Somshoek,KwaZulu Natal,-28.519381,30.208682,2
southbroom,Southbroom,KwaZulu Natal,-30.914139,30.32701,2
southport,Southport,KwaZulu Natal,-30.678818,30.505539,2
sovane,Sovane,KwaZulu Natal,-27.654362,31.79441,2
sparks,Sparks,KwaZulu Natal,-29.834876,30.975428,2
spesbona,Spesbona,KwaZulu Natal,-28.636132,31.348748,2
spinnies,Spinnies,KwaZulu Natal,-28.637406,30.893979,2
spitskop,Spitskop,KwaZulu Natal,-30.340057,29.497758,2
spitzkop,Spitzkop,KwaZulu Natal,-29.33808,30.232906,2
springfield,Springfield,KwaZulu Natal,-29.033333,29.616667,2
springfield flats,Springfield Flats,KwaZulu Natal,-29.81239,30.986397,2
stafford's post,Stafford's Post,KwaZulu Natal,-30.516667,29.75,2
stanger,Stanger,KwaZulu Natal,-29.328164,31.289537,2
stanger station,Stanger Station,KwaZulu Natal,-29.328164,31.289537,2
steadmore,Steadmore,KwaZulu Natal,-29.611899,29.539343,2
steilrand,Steilrand,KwaZulu Natal,-27.8,31.233333,2
stendal,Stendal,KwaZulu Natal,-28.771258,30.113717,2
ston,Ston,KwaZulu Natal,-29.333333,30.966667,2
strathmore park,Strathmore Park,KwaZulu Natal,-28.172757,30.212473,2
strathroy,Strathroy,KwaZulu Natal,-30.558469,28.880282,2
strydberg post,Strydberg Post,KwaZulu Natal,-30.610205,29.220571,2
strydfontein,Strydfontein,KwaZulu Natal,-30.467768,29.111807,2
stylrand,Stylrand,KwaZulu Natal,-27.8,31.233333,2
suits me,Suits Me,KwaZulu Natal,-28.721915,32.04246,2
sun valley farm,Sun Valley Farm,KwaZulu Natal,-29.833333,29.8,2
sundrift,Sundrift,KwaZulu Natal,-30.729767,29.828351,2
sundumbili,Sundumbili,KwaZulu Natal,-29.133711,31.397521,2
sunkels drift,Sunkels Drift,KwaZulu Natal,-27.3,30.683333,2
sunkelsdrif,Sunkelsdrif,KwaZulu Natal,-27.3,30.683333,2
sunnyside,Sunnyside,KwaZulu Natal,-29.733333,29.766667,2
sunwich port,Sunwich Port,KwaZulu Natal,-30.663501,30.511416,2
surats,Surats,KwaZulu Natal,-29.65,30.533333,2
surats store,Surats Store,KwaZulu Natal,-29.65,30.533333,2
surreyvale,Surreyvale,KwaZulu Natal,-28.066667,31.033333,2
sutherland,Sutherland,KwaZulu Natal,-30.554006,29.791365,2
swartberg,Swartberg,KwaZulu Natal,-30.238399,29.340833,2
swarthoogte,Swarthoogte,KwaZulu Natal,-28.483333,31.2,2
sweet waters,Sweet Waters,KwaZulu Natal,-29.596007,30.266898,2
sweetwaters,Sweetwaters,KwaZulu Natal,-29.016667,29.683333,2
swelela,Swelela,KwaZulu Natal,-27.75,32.283333,2
sydenham,Sydenham,KwaZulu Natal,-29.829938,30.991565,2
tabamhlope,Tabamhlope,KwaZulu Natal,-29.1,29.6,2
tafamasi,Tafamasi,KwaZulu Natal,-29.53553,30.856546,2
talavera,Talavera,KwaZulu Natal,-29.278643,30.345307,2
taleni,Taleni,KwaZulu Natal,-30.69402,29.686767,2
tandanani,Tandanani,KwaZulu Natal,-28.554815,31.055965,2
taylors,Taylors,KwaZulu Natal,-29.677155,30.172857,2
tefgte,Tefgte,KwaZulu Natal,-30.216667,29.216667,2
telgte,Telgte,KwaZulu Natal,-30.216667,29.216667,2
teza,Teza,KwaZulu Natal,-28.516667,32.15,2
thandisizwe,Thandisizwe,KwaZulu Natal,-29.533333,30.433333,2
the cedars,The Cedars,KwaZulu Natal,-30.225768,30.646111,2
the grove,The Grove,KwaZulu Natal,-29.15,30.1,2
the hill,The Hill,KwaZulu Natal,-29.827099,30.306303,2
the point,The Point,KwaZulu Natal,-29.864712,31.041259,2
the ranch,The Ranch,KwaZulu Natal,-28.833333,30.883333,2
the rest,The Rest,KwaZulu Natal,-29.966667,30.383333,2
the ridge,The Ridge,KwaZulu Natal,-29.49458,29.578658,2
the rockeries,The Rockeries,KwaZulu Natal,-29.67807,29.999394,2
the village,The Village,KwaZulu Natal,-28.790945,32.097564,2
thelizolo,Thelizolo,KwaZulu Natal,-26.85,32.8,2
thembalihle,Thembalihle,KwaZulu Natal,-27.840316,29.997803,2
thembeni,Thembeni,KwaZulu Natal,-28.290855,31.245565,2
thendele,Thendele,KwaZulu Natal,-29.375618,29.686958,2
tholeni,Tholeni,KwaZulu Natal,-28.420657,30.222181,2
thombothi,Thombothi,KwaZulu Natal,-27.185005,32.213609,2
thonsini,Thonsini,KwaZulu Natal,-29.968707,29.500883,2
thorndale,Thorndale,KwaZulu Natal,-30.698642,30.154972,2
thornham,Thornham,KwaZulu Natal,-30.511373,29.5278,2
thornville,Thornville,KwaZulu Natal,-29.683333,30.483333,2
thornville junction,Thornville Junction,KwaZulu Natal,-29.735731,30.384707,2
thornwood,Thornwood,KwaZulu Natal,-29.856694,30.803952,2
thrings post,Thrings Post,KwaZulu Natal,-29.210547,31.151386,2
thurlough,Thurlough,KwaZulu Natal,-29.941713,30.402394,2
tinley manor,Tinley Manor,KwaZulu Natal,-29.446062,31.285948,2
tinley manor estate,Tinley Manor Estate,KwaZulu Natal,-29.446062,31.285948,2
tongaat,Tongaat,KwaZulu Natal,-29.572149,31.116818,2
tongaat village,Tongaat Village,KwaZulu Natal,-29.572149,31.116818,2
tonjeni,Tonjeni,KwaZulu Natal,-30.645474,30.126367,2
trado,Trado,KwaZulu Natal,-27.95,30.7,2
trafalgar,Trafalgar,KwaZulu Natal,-30.956615,30.289882,2
treasure beach,Treasure Beach,KwaZulu Natal,-29.94662,30.994672,2
trewirgie,Trewirgie,KwaZulu Natal,-29.762617,30.199625,2
tshongwe,Tshongwe,KwaZulu Natal,-27.433333,32.366667,2
tugela,Tugela,KwaZulu Natal,-28.9,31.033333,2
tugela beach,Tugela Beach,KwaZulu Natal,-29.231163,31.487857,2
tugela estates,Tugela Estates,KwaZulu Natal,-28.755789,30.160523,2
tugela ferry,Tugela Ferry,KwaZulu Natal,-28.746486,30.451263,2
tugela location,Tugela Location,KwaZulu Natal,-28.8,30.6,2
tugela mouth,Tugela Mouth,KwaZulu Natal,-29.231163,31.487857,2
tugela store,Tugela Store,KwaZulu Natal,-28.9,31.033333,2
turton,Turton,KwaZulu Natal,-30.517005,30.607561,2
twin streams,Twin Streams,KwaZulu Natal,-29.516667,29.416667,2
ubambulos,Ubambulos,KwaZulu Natal,-30.516667,30.033333,2
ubango,Ubango,KwaZulu Natal,-30.733978,30.43077,2
ubombo,Ubombo,KwaZulu Natal,-27.563673,32.085699,2
uithoek,Uithoek,KwaZulu Natal,-27.551412,31.462266,2
uitsien,Uitsien,KwaZulu Natal,-29.066667,30.1,2
uitval,Uitval,KwaZulu Natal,-28.470912,30.254739,2
uitzicht,Uitzicht,KwaZulu Natal,-27.714067,31.070537,2
uitzien,Uitzien,KwaZulu Natal,-29.066667,30.1,2
ulundi,Ulundi,KwaZulu Natal,-28.335233,31.416172,2
umbilo,Umbilo,KwaZulu Natal,-29.891486,30.973184,2
umbogintwini,Umbogintwini,KwaZulu Natal,-30.017571,30.917074,2
umbumbulu,Umbumbulu,KwaZulu Natal,-29.985293,30.70278,2
umdhloti beach,Umdhloti Beach,KwaZulu Natal,-29.663187,31.121034,2
umdloti,Umdloti,KwaZulu Natal,-29.663187,31.121034,2
umdloti beach,Umdloti Beach,KwaZulu Natal,-29.663187,31.121034,2
umfolosi,Umfolosi,KwaZulu Natal,-28.490087,32.16939,2
umfolozi,Umfolozi,KwaZulu Natal,-28.490087,32.16939,2
umgeni dam,Umgeni Dam,KwaZulu Natal,-29.583333,30.616667,2
umhali,uMhali,KwaZulu Natal,-29.477585,31.218049,2
umhalnga rocks,Umhalnga Rocks,KwaZulu Natal,-29.716667,31.066667,2
umhlanga rocks,Umhlanga Rocks,KwaZulu Natal,-29.716667,31.066667,2
umhlatuzi valley,Umhlatuzi Valley,KwaZulu Natal,-28.788389,31.943964,2
umhloti beach,Umhloti Beach,KwaZulu Natal,-29.663187,31.121034,2
umkhomazi,Umkhomazi,KwaZulu Natal,-29.469043,30.862457,2
umkhumbikazana,uMkhumbikazana,KwaZulu Natal,-27.516276,32.4324,2
umkomaas,Umkomaas,KwaZulu Natal,-30.206742,30.797759,2
umkomanzi,Umkomanzi,KwaZulu Natal,-29.866667,30.583333,2
umlaasweg,Umlaasweg,KwaZulu Natal,-29.739571,30.504467,2
umlalazi,Umlalazi,KwaZulu Natal,-28.956567,31.75431,2
umlazi,Umlazi,KwaZulu Natal,-29.965717,30.886394,2
umpumulo,Umpumulo,KwaZulu Natal,-29.141243,31.042468,2
umsinsini,Umsinsini,KwaZulu Natal,-30.483333,30.516667,2
umtentweni,Umtentweni,KwaZulu Natal,-30.716191,30.464739,2
umtentweni railway station,Umtentweni Railway Station,KwaZulu Natal,-30.716191,30.464739,2
umtwalumi,Umtwalumi,KwaZulu Natal,-30.490741,30.630388,2
umvoti,Umvoti,KwaZulu Natal,-29.15,30.75,2
umvoti location,Umvoti Location,KwaZulu Natal,-29.15,30.75,2
umvoti lokasie,Umvoti Lokasie,KwaZulu Natal,-29.15,30.75,2
umvoti mouth,Umvoti Mouth,KwaZulu Natal,-29.390098,31.330769,2
umyozene,Umyozene,KwaZulu Natal,-29.212287,31.074099,2
umzimbete,Umzimbete,KwaZulu Natal,-28.817048,31.898951,2
umzimbethe,Umzimbethe,KwaZulu Natal,-28.817048,31.898951,2
umzinto,Umzinto,KwaZulu Natal,-30.310934,30.662324,2
umzumbe,Umzumbe,KwaZulu Natal,-30.619612,30.543484,2
underberg,Underberg,KwaZulu Natal,-29.790837,29.494481,2
untunjambili,Untunjambili,KwaZulu Natal,-28.932282,30.936904,2
upathe mission,Upathe Mission,KwaZulu Natal,-28.959448,30.350491,2
upati,Upati,KwaZulu Natal,-28.959448,30.350491,2
upepeni,Upepeni,KwaZulu Natal,-30.421498,30.152045,2
upper tongaat,Upper Tongaat,KwaZulu Natal,-29.433333,31.016667,2
utrecht,Utrecht,KwaZulu Natal,-27.658623,30.32166,2
uvongo,Uvongo,KwaZulu Natal,-30.832136,30.397903,2
uvongo beach,Uvongo Beach,KwaZulu Natal,-30.832136,30.397903,2
uvongostrand,Uvongostrand,KwaZulu Natal,-30.832136,30.397903,2
vaalbank,Vaalbank,KwaZulu Natal,-27.708744,31.041256,2
vaalkop,Vaalkop,KwaZulu Natal,-28.466199,30.196201,2
van rooyen,Van Rooyen,KwaZulu Natal,-28.116667,30.35,2
van tonders pass,Van Tonders Pass,KwaZulu Natal,-28.366667,30.283333,2
vant's drift,Vant's Drift,KwaZulu Natal,-28.242456,30.503279,2
vantsdrif,Vantsdrif,KwaZulu Natal,-28.242456,30.503279,2
veldenvlei,Veldenvlei,KwaZulu Natal,-28.739945,32.06162,2
verdriet,Verdriet,KwaZulu Natal,-27.983333,30.15,2
vergelee,Vergelee,KwaZulu Natal,-28.098111,32.229738,2
verulam,Verulam,KwaZulu Natal,-29.643402,31.047095,2
victoria,Victoria,KwaZulu Natal,-29.572149,31.116818,2
victoria sugar estates,Victoria Sugar Estates,KwaZulu Natal,-30.45,30.5,2
villa maria,Villa Maria,KwaZulu Natal,-29.576169,30.573673,2
village of happiness,Village of Happiness,KwaZulu Natal,-30.855887,30.362931,2
vlakfontein,Vlakfontein,KwaZulu Natal,-27.98033,31.164108,2
vlaklaagte,Vlaklaagte,KwaZulu Natal,-27.8,31.133333,2
vongonzana,Vongonzana,KwaZulu Natal,-30.247487,30.528261,2
vryheid,Vryheid,KwaZulu Natal,-27.76952,30.791653,2
vryheid east,Vryheid East,KwaZulu Natal,-27.766667,30.85,2
vryheid-oos,Vryheid-Oos,KwaZulu Natal,-27.766667,30.85,2
vulamahlo,Vulamahlo,KwaZulu Natal,-28.518416,31.915939,2
vulandondo,Vulandondo,KwaZulu Natal,-28.45,29.75,2
vumankala,Vumankala,KwaZulu Natal,-28.098557,30.816967,2
vuna,Vuna,KwaZulu Natal,-28.297198,30.758274,2
waay hoek,Waay Hoek,KwaZulu Natal,-28.533333,30.1,2
waldheim,Waldheim,KwaZulu Natal,-28.479035,30.534089,2
warmbaths,Warmbaths,KwaZulu Natal,-27.527204,30.866472,2
warner beach,Warner Beach,KwaZulu Natal,-30.082212,30.865788,2
wartburg,Wartburg,KwaZulu Natal,-29.431842,30.575667,2
wartmodder,Wartmodder,KwaZulu Natal,-30.422681,28.879968,2
wasbank,Wasbank,KwaZulu Natal,-28.313142,30.106515,2
waschbank,Waschbank,KwaZulu Natal,-28.313142,30.106515,2
water fall,Water Fall,KwaZulu Natal,-30.40841,29.343913,2
waterfall,Waterfall,KwaZulu Natal,-29.406607,31.050225,2
watersmee,Watersmee,KwaZulu Natal,-28.403632,29.731433,2
watersmeet,Watersmeet,KwaZulu Natal,-28.403632,29.731433,2
waterval,Waterval,KwaZulu Natal,-27.783333,30.266667,2
waverley,Waverley,KwaZulu Natal,-27.689953,30.699457,2
weathercote,Weathercote,KwaZulu Natal,-30.095647,29.912452,2
weenen,Weenen,KwaZulu Natal,-28.851284,30.084833,2
welgevonden,Welgevonden,KwaZulu Natal,-27.966002,31.219256,2
welkom,Welkom,KwaZulu Natal,-28.489251,31.27319,2
wembesi,Wembesi,KwaZulu Natal,-29.049115,29.782323,2
wentworth,Wentworth,KwaZulu Natal,-29.922218,30.997398,2
westbrook,Westbrook,KwaZulu Natal,-29.592149,31.165493,2
weston,Weston,KwaZulu Natal,-29.2,30.033333,2
westridge,Westridge,KwaZulu Natal,-29.855599,30.986518,2
westville,Westville,KwaZulu Natal,-29.825544,30.937004,2
wewe,Wewe,KwaZulu Natal,-29.538508,31.126342,2
weza,Weza,KwaZulu Natal,-30.592871,29.744346,2
widenham,Widenham,KwaZulu Natal,-30.219324,30.794158,2
wilderness,Wilderness,KwaZulu Natal,-28.716667,31.366667,2
willowgrange,Willowgrange,KwaZulu Natal,-29.05,29.95,2
wincanton,Wincanton,KwaZulu Natal,-30.337464,30.522929,2
windside,Windside,KwaZulu Natal,-29.366667,29.683333,2
windy,Windy,KwaZulu Natal,-29.166667,29.95,2
windy hill,Windy Hill,KwaZulu Natal,-29.493054,30.560121,2
winkelspruit,Winkelspruit,KwaZulu Natal,-30.096262,30.855831,2
winklespruit,Winklespruit,KwaZulu Natal,-30.096262,30.855831,2
winston park,Winston Park,KwaZulu Natal,-29.798729,30.786711,2
winters,Winters,KwaZulu Natal,-29.85,29.966667,2
winterton,Winterton,KwaZulu Natal,-28.81229,29.541232,2
witvoloos,Witvoloos,KwaZulu Natal,-28.344298,31.399249,2
wolwefontein,Wolwefontein,KwaZulu Natal,-28.978149,29.45058,2
woodlands,Woodlands,KwaZulu Natal,-29.926924,30.957054,2
woodleigh,Woodleigh,KwaZulu Natal,-28.419463,30.570799,2
woodley,Woodley,KwaZulu Natal,-28.419463,30.570799,2
woodloy,Woodloy,KwaZulu Natal,-28.419463,30.570799,2
wycliffe,Wycliffe,KwaZulu Natal,-30.043681,30.204784,2
xamini,Xamini,KwaZulu Natal,-30.733333,29.933333,2
xosheyakhe,Xosheyakhe,KwaZulu Natal,-29.785429,29.791634,2
yarrow,Yarrow,KwaZulu Natal,-29.335498,30.309074,2
yengweni,Yengweni,KwaZulu Natal,-27.643524,32.415092,2
york,York,KwaZulu Natal,-29.332158,30.485149,2
zamokwake,Zamokwake,KwaZulu Natal,-27.994763,31.986663,2
zeekogat,Zeekogat,KwaZulu Natal,-29.45,30.45,2
zihlakenpele,Zihlakenpele,KwaZulu Natal,-27.84119,31.835434,2
zingolweni,Zingolweni,KwaZulu Natal,-30.784086,30.122944,2
zondela,Zondela,KwaZulu Natal,-28.306163,31.443798,2
zotsha,Zotsha,KwaZulu Natal,-30.783333,30.383333,2
zuinguin,Zuinguin,KwaZulu Natal,-27.633333,30.816667,2
zuma,Zuma,KwaZulu Natal,-30.455999,30.086139,2
zunckels,Zunckels,KwaZulu Natal,-28.85307,29.397663,2
zungwini,Zungwini,KwaZulu Natal,-27.633333,30.816667,2
zwartberg,Zwartberg,KwaZulu Natal,-30.238399,29.340833,2
zwartmodderfontein,Zwartmodderfontein,KwaZulu Natal,-30.422681,28.879968,2
abbotspoort,Abbotspoort,Limpopo,-23.451364,28.091118,9
abrasive,Abrasive,Limpopo,-23.133333,29.416667,9
acornhoek,Acornhoek,Limpopo,-24.587798,31.094672,9
addney,Addney,Limpopo,-23.193273,28.968238,9
adriaanshoop,Adriaanshoop,Limpopo,-24.8,26.85,9
agincourt,Agincourt,Limpopo,-24.821851,31.254844,9
allandale,Allandale,Limpopo,-24.706864,31.308957,9
alldays,Alldays,Limpopo,-22.66392,29.093362,9
alverton,Alverton,Limpopo,-24.568838,30.37113,9
amanda,Amanda,Limpopo,-24.548643,31.030984,9
amandelbult,Amandelbult,Limpopo,-24.818108,27.296595,9
amatava,Amatava,Limpopo,-24.131442,29.143288,9
amosa,Amosa,Limpopo,-24.466667,30.4,9
angledale,Angledale,Limpopo,-24.516667,30.916667,9
annadale,Annadale,Limpopo,-23.877926,29.448635,9
apel,Apel,Limpopo,-24.414454,29.749912,9
athol,Athol,Limpopo,-24.716358,31.34584,9
atoom,Atoom,Limpopo,-24.55,28.3,9
bafaladi,Bafaladi,Limpopo,-25.030234,29.555747,9
bakenberg,Bakenberg,Limpopo,-23.863891,28.757871,9
bakoni,Bakoni,Limpopo,-25.033333,29.583333,9
baltimore,Baltimore,Limpopo,-23.266495,28.434728,9
bandeiier kop,Bandeiier Kop,Limpopo,-23.319565,29.803261,9
bandelierkop,Bandelierkop,Limpopo,-23.319565,29.803261,9
bandolierkop,Bandolierkop,Limpopo,-23.319565,29.803261,9
bangalong,Bangalong,Limpopo,-23.489953,28.183155,9
bashasha,Bashasha,Limpopo,-22.746066,30.556069,9
basterspad,Basterspad,Limpopo,-23.9,28.633333,9
bayisonto,Bayisonto,Limpopo,-24.766667,31.1,9
beaconsfield,Beaconsfield,Limpopo,-22.938835,30.140936,9
beauty,Beauty,Limpopo,-23.233333,27.883333,9
beginplaas,Beginplaas,Limpopo,-24.833333,28.75,9
behoudeniskloof,Behoudeniskloof,Limpopo,-24.25,28.383333,9
belfast,Belfast,Limpopo,-24.951931,31.367476,9
bend,Bend,Limpopo,-23.316667,30.683333,9
bend store,Bend Store,Limpopo,-23.316667,30.683333,9
bergnek,Bergnek,Limpopo,-24.186741,29.335326,9
besonderheid,Besonderheid,Limpopo,-24.583466,29.096467,9
biltonfontein,Biltonfontein,Limpopo,-24.001568,28.992496,9
blaauwberg,Blaauwberg,Limpopo,-23.139439,28.99797,9
blaauwhak,Blaauwhak,Limpopo,-23.266667,29.45,9
bloedrivier,Bloedrivier,Limpopo,-23.819939,29.377225,9
bloemhof,Bloemhof,Limpopo,-24.101344,29.074922,9
blouberg,Blouberg,Limpopo,-23.139439,28.99797,9
blouhak,Blouhak,Limpopo,-23.266667,29.45,9
bobbejaanstert,Bobbejaanstert,Limpopo,-24.9,27.833333,9
bobirwa,Bobirwa,Limpopo,-23.317743,29.053229,9
bochem,Bochem,Limpopo,-23.286095,29.139644,9
bochum,Bochum,Limpopo,-23.286095,29.139644,9
bodi,Bodi,Limpopo,-23.242203,28.922996,9
bokpoortlaagte,Bokpoortlaagte,Limpopo,-24.580341,29.173815,9
bolahlakgomo,Bolahlakgomo,Limpopo,-24.445261,29.316555,9
bolopa,Bolopa,Limpopo,-24.273892,29.651747,9
bongene,Bongene,Limpopo,-23.212223,30.213202,9
bonjane,Bonjane,Limpopo,-22.683333,30.083333,9
bonyani,Bonyani,Limpopo,-22.683333,30.083333,9
boratapelo,Boratapelo,Limpopo,-23.693627,28.994178,9
borwalathoto,Borwalathoto,Limpopo,-23.073428,28.71329,9
boschplaats,Boschplaats,Limpopo,-24.4,29.566667,9
bosrand,Bosrand,Limpopo,-22.383333,30.15,9
bossche-diesch,Bossche-Diesch,Limpopo,-23.219046,27.877537,9
botlokwe,Botlokwe,Limpopo,-23.394622,28.976494,9
botswana,Botswana,Limpopo,-24.283333,30.55,9
boyne,Boyne,Limpopo,-23.946415,29.800338,9
bracondale,Bracondale,Limpopo,-24.362472,28.764317,9
brakspruit,Brakspruit,Limpopo,-23.478346,29.443892,9
breedpan,Breedpan,Limpopo,-24.116667,27.133333,9
broadlands,Broadlands,Limpopo,-24.083333,29.45,9
broedersdraai,Broedersdraai,Limpopo,-23.966667,29.95,9
brownridge,Brownridge,Limpopo,-24.95,28.1,9
buffelsdrif,Buffelsdrif,Limpopo,-25.2,28.516667,9
buffelshoek,Buffelshoek,Limpopo,-24.641596,31.132985,9
bulge river,Bulge River,Limpopo,-24.126989,27.697389,9
bulgerivier,Bulgerivier,Limpopo,-24.126989,27.697389,9
bultongfontein,Bultongfontein,Limpopo,-24.001568,28.992496,9
buysdorp,Buysdorp,Limpopo,-23.06546,29.393548,9
byldrift,Byldrift,Limpopo,-24.521415,29.490951,9
calcutta,Calcutta,Limpopo,-25.007668,31.234804,9
cato smuts,Cato Smuts,Limpopo,-22.528796,30.315048,9
chiefs kraal,Chiefs Kraal,Limpopo,-22.883333,30.15,9
chipise,Chipise,Limpopo,-22.607041,30.172015,9
clare,Clare,Limpopo,-24.631887,31.301646,9
codrington,Codrington,Limpopo,-25.035833,28.313611,9
cornelia,Cornelia,Limpopo,-23.716667,29.133333,9
craighouse,Craighouse,Limpopo,-22.983333,30.366667,9
creag roy,Creag Roy,Limpopo,-23.836525,29.926366,9
culvet,Culvet,Limpopo,-22.966667,30.166667,9
cunning moor,Cunning Moor,Limpopo,-24.894862,31.256895,9
cunning moore,Cunning Moore,Limpopo,-24.894862,31.256895,9
dalmada,Dalmada,Limpopo,-23.875395,29.543131,9
dan,Dan,Limpopo,-23.89918,30.267135,9
davhanaslokasie,Davhanaslokasie,Limpopo,-23.2,30.433333,9
daviesville,Daviesville,Limpopo,-23.4,29.983333,9
de droom,De Droom,Limpopo,-23.1799,29.456007,9
de hoop,De Hoop,Limpopo,-23.188465,30.279345,9
dendron,Dendron,Limpopo,-23.36669,29.323714,9
derdegelid,Derdegelid,Limpopo,-24.620102,30.212507,9
deugdvlei,Deugdvlei,Limpopo,-24.733333,29.666667,9
dibeng,Dibeng,Limpopo,-23.774755,28.929982,9
die onderste,Die Onderste,Limpopo,-23.424916,29.658092,9
diepgelegen,Diepgelegen,Limpopo,-23.843557,29.971805,9
dikgalaopeng,Dikgalaopeng,Limpopo,-24.980987,29.456783,9
dikgale,Dikgale,Limpopo,-23.7,29.783333,9
dikgaleslokasie,Dikgaleslokasie,Limpopo,-23.716667,29.783333,9
dinakane,Dinakane,Limpopo,-23.83011,28.647519,9
dindela,Dindela,Limpopo,-25.058776,29.721613,9
dingapong,Dingapong,Limpopo,-24.363111,30.615836,9
dingleydale,Dingleydale,Limpopo,-24.690686,31.172952,9
diphitshi,Diphitshi,Limpopo,-23.728327,28.70744,9
diphuti,Diphuti,Limpopo,-24.366667,30.666667,9
diretsaneng,Diretsaneng,Limpopo,-23.680193,28.642192,9
ditatsu,Ditatsu,Limpopo,-23.283333,29.05,9
ditenteng,Ditenteng,Limpopo,-23.67888,29.230149,9
dithabaneng,Dithabaneng,Limpopo,-23.133333,28.916667,9
dithupaneng,Dithupaneng,Limpopo,-24.062703,29.691722,9
doornboom,Doornboom,Limpopo,-23.428841,30.034809,9
doornfontein,Doornfontein,Limpopo,-24.330475,29.081059,9
doornfontien,Doornfontien,Limpopo,-24.330475,29.081059,9
doornhoek,Doornhoek,Limpopo,-24.25,29.466667,9
doringboom,Doringboom,Limpopo,-23.428841,30.034809,9
dorsland,Dorsland,Limpopo,-23.829703,28.870742,9
driekop,Driekop,Limpopo,-24.583333,30.166667,9
droogte,Droogte,Limpopo,-24.49699,29.357976,9
dryfsand,Dryfsand,Limpopo,-24.266667,28.2,9
duivelskloof,Duivelskloof,Limpopo,-23.693394,30.140016,9
duiwelskloof,Duiwelskloof,Limpopo,-23.693394,30.140016,9
dumeri,Dumeri,Limpopo,-23.433333,30.65,9
duplex,Duplex,Limpopo,-23.75,30.316667,9
duweiskloof,Duweiskloof,Limpopo,-23.693394,30.140016,9
dwaalboom,Dwaalboom,Limpopo,-24.72466,26.812278,9
dwars river,Dwars River,Limpopo,-23.45,29.75,9
dwarsfontein,Dwarsfontein,Limpopo,-24.683333,27.05,9
dwarsloop,Dwarsloop,Limpopo,-24.794556,31.10277,9
dwarsrivier,Dwarsrivier,Limpopo,-23.45,29.75,9
dzanani,Dzanani,Limpopo,-22.883333,30.166667,9
dzarani,Dzarani,Limpopo,-22.883333,30.166667,9
dzindi,Dzindi,Limpopo,-23.014362,30.420954,9
dzwerani,Dzwerani,Limpopo,-23.065458,30.433094,9
eckstein,Eckstein,Limpopo,-23.972342,28.697292,9
edinburgh,Edinburgh,Limpopo,-24.6774,31.226566,9
eersbewoond,Eersbewoond,Limpopo,-24.816667,28.383333,9
eerste geluk,Eerste Geluk,Limpopo,-24.55,29.45,9
eerstegoud,Eerstegoud,Limpopo,-23.987395,29.355334,9
eglington,Eglington,Limpopo,-24.666667,31.3,9
eisleben,Eisleben,Limpopo,-23.518631,29.841442,9
elandsbosch,Elandsbosch,Limpopo,-24.269504,28.483908,9
elim,Elim,Limpopo,-23.157974,30.056441,9
elim hospital,Elim Hospital,Limpopo,-23.157974,30.056441,9
ellisras,Ellisras,Limpopo,-23.6649,27.744263,9
elsteg,Elsteg,Limpopo,-23.021654,29.849963,9
enkelbosch,Enkelbosch,Limpopo,-23.857467,29.465123,9
fatima mission,Fatima Mission,Limpopo,-23.327172,29.211028,9
finale,Finale,Limpopo,-24.330588,30.705283,9
fochabers,Fochabers,Limpopo,-24.433333,30.566667,9
fondwe,Fondwe,Limpopo,-22.918876,30.255449,9
fort edward,Fort Edward,Limpopo,-23.2,30.016667,9
fripp,Fripp,Limpopo,-22.801976,29.950942,9
fritchley,Fritchley,Limpopo,-22.960079,29.089058,9
gaandrik,Gaandrik,Limpopo,-22.604021,30.397262,9
gaataan,Gaataan,Limpopo,-24.633333,29.5,9
ga-chokoe,Ga-Chokoe,Limpopo,-23.533333,28.633333,9
ga-dikgale,Ga-Dikgale,Limpopo,-23.383333,29.016667,9
ga-dukakgomo,Ga-Dukakgomo,Limpopo,-23.639071,28.663387,9
ga-hlahla,Ga-Hlahla,Limpopo,-23.646183,29.404496,9
ga-hlako,Ga-Hlako,Limpopo,-23.433576,28.69149,9
ga-ishe,Ga-Ishe,Limpopo,-24.4,30.283333,9
ga-keetse,Ga-Keetse,Limpopo,-23.392366,29.064109,9
ga-kgapane,Ga-Kgapane,Limpopo,-23.643775,30.223238,9
ga-kgare,Ga-Kgare,Limpopo,-23.399914,29.169056,9
ga-kgole,Ga-Kgole,Limpopo,-23.883696,29.836063,9
ga-kgorosi,Ga-Kgorosi,Limpopo,-23.719629,29.106741,9
ga-kgubudi,Ga-Kgubudi,Limpopo,-24.091348,28.938224,9
ga-kgwete,Ga-Kgwete,Limpopo,-24.4,30.066667,9
ga-kibi,Ga-Kibi,Limpopo,-23.075977,29.037442,9
ga-kobe,Ga-Kobe,Limpopo,-23.174411,28.880916,9
ga-kobo,Ga-Kobo,Limpopo,-23.644122,29.349423,9
ga-kololo,Ga-Kololo,Limpopo,-23.830553,29.755176,9
ga-kolopo,Ga-Kolopo,Limpopo,-23.47373,29.185893,9
ga-komape,Ga-Komape,Limpopo,-23.747227,29.284871,9
galakwyns stroom,Galakwyns Stroom,Limpopo,-23.766667,28.616667,9
ga-lamola,Ga-Lamola,Limpopo,-23.493712,28.972359,9
ga-lebelo,Ga-Lebelo,Limpopo,-23.642646,28.696127,9
ga-lepadima,Ga-Lepadima,Limpopo,-23.579139,29.005112,9
ga-letswalo,Ga-Letswalo,Limpopo,-23.414108,28.92105,9
ga-letwaba,Ga-Letwaba,Limpopo,-24.086846,28.926512,9
ga-mabeba,Ga-Mabeba,Limpopo,-23.309141,29.021179,9
ga-mabelebele,Ga-Mabelebele,Limpopo,-22.908846,29.024163,9
ga-mabitsela,Ga-Mabitsela,Limpopo,-23.530102,29.075244,9
ga-mabotha,Ga-Mabotha,Limpopo,-23.339001,29.047024,9
ga-mabotsa,Ga-Mabotsa,Limpopo,-23.716667,29.35,9
ga-mabuela,Ga-Mabuela,Limpopo,-23.95544,28.807032,9
ga-mabusela,Ga-Mabusela,Limpopo,-23.86347,28.847872,9
ga-madiba,Ga-Madiba,Limpopo,-23.878862,29.154433,9
ga-madibeng,Ga-Madibeng,Limpopo,-23.186292,28.808226,9
ga-madisaleolo,Ga-Madisaleolo,Limpopo,-24.409924,29.430526,9
ga-maditsa,Ga-Maditsa,Limpopo,-24.445424,30.398561,9
ga-madulathoka,Ga-Madulathoka,Limpopo,-23.033333,29.65,9
ga-maela,Ga-Maela,Limpopo,-22.877231,28.758467,9
ga-maeleletja,Ga-Maeleletja,Limpopo,-23.441177,28.174097,9
ga-mafate,Ga-Mafate,Limpopo,-24.75,30.1,9
ga-mafefe,Ga-Mafefe,Limpopo,-24.203466,30.113519,9
ga-magatu,Ga-Magatu,Limpopo,-24.933333,29.7,9
ga-mahlokwane,Ga-Mahlokwane,Limpopo,-24.531614,30.110664,9
ga-mahwai,Ga-Mahwai,Limpopo,-23.545772,28.937751,9
ga-maidula,Ga-Maidula,Limpopo,-23.828452,29.834879,9
ga-maila,Ga-Maila,Limpopo,-24.637669,29.999046,9
ga-maja,Ga-Maja,Limpopo,-24.153991,29.549001,9
ga-makanye,Ga-Makanye,Limpopo,-23.9665,29.760902,9
ga-makgatle,Ga-Makgatle,Limpopo,-24.97101,29.593943,9
ga-makgoba,Ga-Makgoba,Limpopo,-24.234346,29.811835,9
ga-makgobathe,Ga-Makgobathe,Limpopo,-23.855895,29.874097,9
ga-makharankana,Ga-Makharankana,Limpopo,-24.866667,29.45,9
ga-makhwae,Ga-Makhwae,Limpopo,-24.543706,30.048101,9
ga-makibelo,Ga-Makibelo,Limpopo,-23.661278,29.401913,9
ga-makoena,Ga-Makoena,Limpopo,-23.765602,28.806844,9
ga-makofane,Ga-Makofane,Limpopo,-24.483333,30.216667,9
ga-malaka,Ga-Malaka,Limpopo,-24.856172,29.882765,9
ga-malapile,Ga-Malapile,Limpopo,-23.76333,28.717152,9
ga-malebana,Ga-Malebana,Limpopo,-23.944201,28.894646,9
ga-malegase,Ga-Malegase,Limpopo,-24.516667,29.483333,9
ga-malepe,Ga-Malepe,Limpopo,-24.428191,30.284542,9
ga-maloka,Ga-Maloka,Limpopo,-23.912416,28.874863,9
ga-malokela,Ga-Malokela,Limpopo,-23.155812,28.933677,9
ga-maloma,Ga-Maloma,Limpopo,-24.75,30,9
ga-malope,Ga-Malope,Limpopo,-23.719169,28.645667,9
ga-mamadila,Ga-Mamadila,Limpopo,-23.793694,29.217847,9
ga-mamatlhola,Ga-Mamatlhola,Limpopo,-24.24171,30.470577,9
ga-mametsa,Ga-Mametsa,Limpopo,-24.382332,30.545507,9
ga-mamohwibidu,Ga-Mamohwibidu,Limpopo,-23.139864,28.974803,9
ga-mamoleka,Ga-Mamoleka,Limpopo,-23.100109,28.745034,9
ga-mamolele,Ga-Mamolele,Limpopo,-23.268199,29.078146,9
ga-mampa,Ga-Mampa,Limpopo,-24.116667,30.083333,9
ga-mamphahlane,Ga-Mamphahlane,Limpopo,-24.615132,30.0957,9
ga-mampote,Ga-Mampote,Limpopo,-23.116667,28.966667,9
ga-manapane,Ga-Manapane,Limpopo,-24.8,30.083333,9
ga-mangou,Ga-Mangou,Limpopo,-23.906858,29.066209,9
ga-mankgodi,Ga-Mankgodi,Limpopo,-23.155735,28.713695,9
ga-mankoeng,Ga-Mankoeng,Limpopo,-23.883333,29.733333,9
ga-mankopane,Ga-Mankopane,Limpopo,-24.45,29.85,9
ga-manthata,Ga-Manthata,Limpopo,-23.361359,29.116501,9
ga-mantlhodi,Ga-Mantlhodi,Limpopo,-23.474694,29.040977,9
ga-maotole,Ga-Maotole,Limpopo,-24.583333,31,9
ga-mapangula,Ga-Mapangula,Limpopo,-23.859768,29.18051,9
ga-mapela,Ga-Mapela,Limpopo,-24.00555,28.956414,9
ga-maphoto,Ga-Maphoto,Limpopo,-22.954372,28.968644,9
ga-maribana,Ga-Maribana,Limpopo,-23.512907,29.19898,9
ga-marishane,Ga-Marishane,Limpopo,-24.72478,29.74191,9
ga-maroga,Ga-Maroga,Limpopo,-24.533264,30.126807,9
ga-masalane,Ga-Masalane,Limpopo,-23.250976,29.0951,9
ga-masamothane,Ga-Masamothane,Limpopo,-24.642709,30.267281,9
ga-masehlong,Ga-Masehlong,Limpopo,-23.491071,29.108762,9
ga-masekwa,Ga-Masekwa,Limpopo,-23.392834,28.94555,9
ga-maselela,Ga-Maselela,Limpopo,-23.303797,29.046958,9
ga-masenya,Ga-Masenya,Limpopo,-23.986358,28.879538,9
ga-mashabela,Ga-Mashabela,Limpopo,-24.65,29.683333,9
ga-mashashane,Ga-Mashashane,Limpopo,-23.949522,29.120686,9
ga-mashelane,Ga-Mashelane,Limpopo,-24.68132,29.608395,9
ga-mashishi,Ga-Mashishi,Limpopo,-24.451568,30.109189,9
ga-masiane,Ga-Masiane,Limpopo,-23.579808,28.829179,9
ga-masisimale,Ga-Masisimale,Limpopo,-23.993762,30.988677,9
ga-masukulale,Ga-Masukulale,Limpopo,-24.7,29.55,9
ga-matabanyane,Ga-Matabanyane,Limpopo,-23.670112,29.346666,9
ga-mathabatha,Ga-Mathabatha,Limpopo,-24.221276,29.823624,9
ga-mathapo,Ga-Mathapo,Limpopo,-23.519759,28.826756,9
ga-mathekga,Ga-Mathekga,Limpopo,-23.625185,28.610189,9
ga-mathiba,Ga-Mathiba,Limpopo,-24.096889,29.595419,9
ga-mathipa,Ga-Mathipa,Limpopo,-24.543522,30.136736,9
ga-mathule,Ga-Mathule,Limpopo,-23.286453,29.959557,9
ga-matlala,Ga-Matlala,Limpopo,-24.878281,29.570286,9
ga-matlapa,Ga-Matlapa,Limpopo,-23.979184,29.113433,9
ga-matloponya,Ga-Matloponya,Limpopo,-24.983333,29.683333,9
ga-matokomane,Ga-Matokomane,Limpopo,-24.50616,30.377367,9
ga-matshele,Ga-Matshele,Limpopo,-24.3,29.5,9
ga-matsi,Ga-Matsi,Limpopo,-24.487549,29.860918,9
ga-mmabasotho,Ga-Mmabasotho,Limpopo,-23.605522,29.152176,9
ga-mmamogolo,Ga-Mmamogolo,Limpopo,-24.322058,30.279002,9
ga-mmamogwasa,Ga-Mmamogwasa,Limpopo,-24.405729,29.339576,9
ga-mmatemana,Ga-Mmatemana,Limpopo,-23.210142,29.006362,9
ga-mmathongwana,Ga-Mmathongwana,Limpopo,-23.638512,28.987178,9
ga-modikana,Ga-Modikana,Limpopo,-23.639738,29.193286,9
ga-modipana,Ga-Modipana,Limpopo,-23.934438,28.847704,9
ga-modjadji,Ga-Modjadji,Limpopo,-23.516226,30.439939,9
ga-mogano,Ga-Mogano,Limpopo,-24.05191,29.746939,9
ga-mogashoa,Ga-Mogashoa,Limpopo,-24.790779,29.986823,9
ga-mogoboya,Ga-Mogoboya,Limpopo,-23.988055,30.17837,9
ga-mohlabe,Ga-Mohlabe,Limpopo,-24.239001,30.400111,9
ga-mokaba,Ga-Mokaba,Limpopo,-24.050488,28.942916,9
ga-mokalapa,Ga-Mokalapa,Limpopo,-24.565214,29.702364,9
ga-mokgehle,Ga-Mokgehle,Limpopo,-23.365417,29.178474,9
ga-mokgokong,Ga-Mokgokong,Limpopo,-23.816762,29.328185,9
ga-mokgopo,Ga-Mokgopo,Limpopo,-23.755099,29.762204,9
ga-mokobodi,Ga-Mokobodi,Limpopo,-23.57662,28.997742,9
ga-mokopane,Ga-Mokopane,Limpopo,-23.29029,28.977199,9
ga-mokwane,Ga-Mokwane,Limpopo,-23.933734,29.796733,9
ga-mokwele,Ga-Mokwele,Limpopo,-23.336167,29.153866,9
ga-molapo,Ga-Molapo,Limpopo,-24.509329,29.416237,9
ga-moleele,Ga-Moleele,Limpopo,-23.30555,29.113007,9
ga-molekana,Ga-Molekana,Limpopo,-23.977799,28.92523,9
ga-molekwa,Ga-Molekwa,Limpopo,-23.77468,28.629027,9
ga-molema,Ga-Molema,Limpopo,-23.305557,29.984372,9
ga-molepo,Ga-Molepo,Limpopo,-23.977102,29.677865,9
ga-moloi,Ga-Moloi,Limpopo,-24.818861,29.814642,9
ga-monare,Ga-Monare,Limpopo,-23.582097,28.548591,9
ga-monene,Ga-Monene,Limpopo,-23.744908,28.658474,9
ga-mongatane,Ga-Mongatane,Limpopo,-24.483333,30.033333,9
ga-monlala,Ga-Monlala,Limpopo,-24.733333,30.016667,9
ga-monyebodi,Ga-Monyebodi,Limpopo,-23.271897,28.734617,9
ga-monyeki,Ga-Monyeki,Limpopo,-23.529949,28.140249,9
ga-moretsele,Ga-Moretsele,Limpopo,-24.76894,29.897898,9
ga-moropa,Ga-Moropa,Limpopo,-23.428168,29.204981,9
ga-mosidi,Ga-Mosidi,Limpopo,-23.896081,28.593812,9
ga-mosoge,Ga-Mosoge,Limpopo,-23.949286,28.833691,9
ga-mothapo,Ga-Mothapo,Limpopo,-23.866667,29.716667,9
ga-mothiba,Ga-Mothiba,Limpopo,-23.85,29.666667,9
ga-motlakgomo,Ga-Motlakgomo,Limpopo,-23.449278,29.039423,9
ga-motlana,Ga-Motlana,Limpopo,-23.969205,28.616923,9
ga-motodi,Ga-Motodi,Limpopo,-24.552763,30.340128,9
ga-motshana,Ga-Motshana,Limpopo,-24.47357,30.297616,9
ga-motshemi,Ga-Motshemi,Limpopo,-23.212574,28.993044,9
ga-moyaga,Ga-Moyaga,Limpopo,-22.963026,29.013762,9
ga-mphahlele,Ga-Mphahlele,Limpopo,-24.305611,29.649437,9
ga-musi,Ga-Musi,Limpopo,-23.547351,28.484509,9
ga-ngwepe,Ga-Ngwepe,Limpopo,-23.336648,28.928573,9
ga-ngwetsana,Ga-Ngwetsana,Limpopo,-23.68332,29.148414,9
ga-nkidikitlana,Ga-Nkidikitlana,Limpopo,-23.557938,28.601702,9
ga-nkwana,Ga-Nkwana,Limpopo,-24.406281,29.788216,9
ga-nonyane,Ga-Nonyane,Limpopo,-23.616667,29.066667,9
ganspoort,Ganspoort,Limpopo,-24.216667,29.916667,9
ga-ntshireletsa,Ga-Ntshireletsa,Limpopo,-23.234377,28.865649,9
ga-ntsoko,Ga-Ntsoko,Limpopo,-23.366628,28.897624,9
ga-pamadz,Ga-Pamadz,Limpopo,-24.994063,29.676875,9
ga-papo,Ga-Papo,Limpopo,-23.815687,29.826362,9
ga-phago,Ga-Phago,Limpopo,-23.563319,29.180175,9
ga-phagodi,Ga-Phagodi,Limpopo,-23.499394,29.154497,9
ga-phahla,Ga-Phahla,Limpopo,-24.700294,29.737588,9
ga-phaka,Ga-Phaka,Limpopo,-23.651295,28.980166,9
ga-phasha,Ga-Phasha,Limpopo,-23.432986,29.73747,9
ga-phaswana,Ga-Phaswana,Limpopo,-24.471472,29.446278,9
ga-phaudi,Ga-Phaudi,Limpopo,-23.5,29.15,9
ga-phetla,Ga-Phetla,Limpopo,-24.980838,29.829322,9
ga-podile,Ga-Podile,Limpopo,-24.481006,30.179048,9
ga-poopedi,Ga-Poopedi,Limpopo,-23.349385,29.187166,9
ga-radingwana,Ga-Radingwana,Limpopo,-24.553412,29.853836,9
ga-raditshaba,Ga-Raditshaba,Limpopo,-22.837155,28.846502,9
gara-hupula,Gara-Hupula,Limpopo,-24.8,29.633333,9
ga-rakgwatha,Ga-Rakgwatha,Limpopo,-24.349439,29.364499,9
ga-rakwele,Ga-Rakwele,Limpopo,-22.860863,28.875282,9
ga-ralenkwane,Ga-Ralenkwane,Limpopo,-23.813773,28.688836,9
ga-ramakara,Ga-Ramakara,Limpopo,-23.733333,29.083333,9
ga-ramela,Ga-Ramela,Limpopo,-23.525051,28.879381,9
ga-rametlwane,Ga-Rametlwane,Limpopo,-23.639004,29.155664,9
ga-rammu,Ga-Rammu,Limpopo,-23.903787,28.830205,9
ga-rammutla,Ga-Rammutla,Limpopo,-23.130233,28.680326,9
ga-ramokadi-kadi,Ga-Ramokadi-kadi,Limpopo,-23.678556,29.040831,9
ga-ramokgopa,Ga-Ramokgopa,Limpopo,-23.465957,29.818034,9
ga-ramongwana,Ga-Ramongwana,Limpopo,-23.710417,29.410491,9
ga-ramoshwane,Ga-Ramoshwane,Limpopo,-23.633797,29.100877,9
ga-ramotlokana,Ga-Ramotlokana,Limpopo,-23.561788,29.091275,9
ga-ramphere,Ga-Ramphere,Limpopo,-24.012412,29.755069,9
ga-rampuru,Ga-Rampuru,Limpopo,-23.670466,29.115344,9
ga-rankhuwa,Ga-Rankhuwa,Limpopo,-23.598396,29.242566,9
ga-rantlakane,Ga-Rantlakane,Limpopo,-23.910993,28.619262,9
ga-rapadi,Ga-Rapadi,Limpopo,-23.592682,28.529007,9
ga-raphokola,Ga-Raphokola,Limpopo,-22.882117,28.751056,9
ga-rawesi,Ga-Rawesi,Limpopo,-23.417922,28.802065,9
ga-riba,Ga-Riba,Limpopo,-24.55,30.216667,9
garside,Garside,Limpopo,-22.698749,30.272418,9
ga-rummutla,Ga-Rummutla,Limpopo,-23.210157,29.078188,9
ga-sako,Ga-Sako,Limpopo,-23.418493,29.169394,9
ga-sebotse,Ga-Sebotse,Limpopo,-23.524409,28.985334,9
ga-sefoka,Ga-Sefoka,Limpopo,-24.545374,29.704641,9
ga-sekhukhune,Ga-Sekhukhune,Limpopo,-24.435169,29.84721,9
ga-sekororo,Ga-Sekororo,Limpopo,-24.216667,30.4,9
ga-selala,Ga-Selala,Limpopo,-24.494571,30.136064,9
ga-seleka,Ga-Seleka,Limpopo,-23.217703,27.905542,9
ga-semenya,Ga-Semenya,Limpopo,-23.690943,29.406014,9
ga-seopela,Ga-Seopela,Limpopo,-24.721877,29.995145,9
ga-setshaba,Ga-Setshaba,Limpopo,-23.724934,29.135743,9
ga-shopeyana,Ga-Shopeyana,Limpopo,-24.767921,30.059464,9
ga-taueatswala,Ga-Taueatswala,Limpopo,-23.466935,28.554456,9
ga-tefu,Ga-Tefu,Limpopo,-23.232367,29.064386,9
ga-thaba,Ga-Thaba,Limpopo,-24.111536,29.62148,9
ga-tibu,Ga-Tibu,Limpopo,-23.38906,29.143805,9
ga-tisana,Ga-Tisana,Limpopo,-24.704668,29.777174,9
ga-tshaba,Ga-Tshaba,Limpopo,-23.956645,28.867261,9
ga-tshabalala,Ga-Tshabalala,Limpopo,-23.151707,29.013821,9
ga-tshipana,Ga-Tshipana,Limpopo,-23.591037,28.958468,9
ga-tshwene,Ga-Tshwene,Limpopo,-24.083132,29.624087,9
gaulu,Gaulu,Limpopo,-23.31159,30.892931,9
ga-wannankaya,Ga-Wannankaya,Limpopo,-24.277878,29.95658,9
gemsbokfontein,Gemsbokfontein,Limpopo,-24.383333,28.516667,9
georgenholtz,Georgenholtz,Limpopo,-22.805121,30.600401,9
gertrudsburg,Gertrudsburg,Limpopo,-23.118433,29.805703,9
gidjana,Gidjana,Limpopo,-23.025515,30.88772,9
giyane,Giyane,Limpopo,-23.30246,30.718682,9
giyani,Giyani,Limpopo,-23.30246,30.718682,9
gladdeklipkop,Gladdeklipkop,Limpopo,-24.15,29.483333,9
glenshiel,Glenshiel,Limpopo,-23.928609,29.959049,9
glentig,Glentig,Limpopo,-24.433333,28.433333,9
gluckauff,Gluckauff,Limpopo,-23.770459,30.115416,9
goedgedacht,Goedgedacht,Limpopo,-24.277523,28.269389,9
golders green,Golders Green,Limpopo,-24.233333,28.733333,9
good-hope,Good-Hope,Limpopo,-24.009084,29.823295,9
gopeng,Gopeng,Limpopo,-24.945639,29.722161,9
gordon,Gordon,Limpopo,-22.95,30.2,9
gordonia estates,Gordonia Estates,Limpopo,-22.603981,30.15901,9
goru,Goru,Limpopo,-24.867077,29.593512,9
gottenburg,Gottenburg,Limpopo,-24.618952,31.432414,9
gouldville,Gouldville,Limpopo,-22.887803,30.480054,9
gowe,Gowe,Limpopo,-24.597728,30.168979,9
grass valley,Grass Valley,Limpopo,-24.679431,29.333148,9
grassvallei,Grassvallei,Limpopo,-24.679431,29.333148,9
gravelotte,Gravelotte,Limpopo,-23.953075,30.618951,9
gregory,Gregory,Limpopo,-22.644641,28.946264,9
groblerbrug,Groblerbrug,Limpopo,-22.999394,27.945833,9
groblersbrug,Groblersbrug,Limpopo,-22.999394,27.945833,9
groenvlei,Groenvlei,Limpopo,-24.266667,27.483333,9
groesbeek,Groesbeek,Limpopo,-23.866667,28.433333,9
groothoek,Groothoek,Limpopo,-23.287147,29.317469,9
grootpan,Grootpan,Limpopo,-22.765199,28.821927,9
gwalali,Gwalali,Limpopo,-22.4,31.3,9
gwarriehoek,Gwarriehoek,Limpopo,-24.733333,27.483333,9
haenerstburg,Haenerstburg,Limpopo,-23.944368,29.944866,9
haenertsburg,Haenertsburg,Limpopo,-23.944368,29.944866,9
ha-folovhodwe,Ha-Folovhodwe,Limpopo,-22.589149,30.425048,9
ha-lambani,Ha-Lambani,Limpopo,-22.720273,30.831499,9
ha-madala,Ha-Madala,Limpopo,-22.850193,30.281792,9
ha-madodonga,Ha-Madodonga,Limpopo,-23.091312,29.6793,9
ha-magau,Ha-Magau,Limpopo,-23.132706,29.848093,9
ha-magoro,Ha-Magoro,Limpopo,-23.300082,30.315696,9
hamakuya,Hamakuya,Limpopo,-22.636789,30.837469,9
ha-mamuhoyi,Ha-Mamuhoyi,Limpopo,-22.870657,30.121835,9
ha-manavhela,Ha-Manavhela,Limpopo,-23.066667,29.616667,9
ha-mantsha,Ha-Mantsha,Limpopo,-23.07904,29.774448,9
ha-matsheketsheke,Ha-Matsheketsheke,Limpopo,-22.73424,30.408524,9
ha-matsika,Ha-Matsika,Limpopo,-22.858894,30.693608,9
ha-mavhunga,Ha-Mavhunga,Limpopo,-22.924925,30.116817,9
ha-mubua,Ha-Mubua,Limpopo,-23.1,29.733333,9
hananwa,Hananwa,Limpopo,-23.083333,28.95,9
hanglip,Hanglip,Limpopo,-24.216667,28.766667,9
haningfontein,Haningfontein,Limpopo,-24.45,28.266667,9
hans masibislokasie,Hans Masibislokasie,Limpopo,-23.983333,28.833333,9
hans se kaalte,Hans se Kaalte,Limpopo,-24.45,28.35,9
happy rest,Happy Rest,Limpopo,-23.033333,29.733333,9
ha-rabali,Ha-Rabali,Limpopo,-22.878584,30.093927,9
ha-radali,Ha-Radali,Limpopo,-22.908299,30.437232,9
ha-ramahantsha,Ha-Ramahantsha,Limpopo,-23.106352,29.763354,9
hardekraaltjie,Hardekraaltjie,Limpopo,-23.524965,27.215756,9
harmonie,Harmonie,Limpopo,-23.803647,28.894199,9
harmony,Harmony,Limpopo,-23.090435,29.848545,9
hartbeesbult,Hartbeesbult,Limpopo,-24.49282,27.418885,9
hartbeestfontein,Hartbeestfontein,Limpopo,-24.484091,27.736911,9
hartebeesfontein,Hartebeesfontein,Limpopo,-24.561515,28.076197,9
hartebeespoort,Hartebeespoort,Limpopo,-24.514489,28.084703,9
hasana,Hasana,Limpopo,-23.090954,30.477819,9
hekpoort,Hekpoort,Limpopo,-23.778107,29.974441,9
helene franz,Helene Franz,Limpopo,-23.282246,29.106666,9
hendrik bakenberg masibislokasie,Hendrik Bakenberg Masibislokasie,Limpopo,-23.866667,28.783333,9
hildreth ridge,Hildreth Ridge,Limpopo,-23.433333,30.4,9
hlaniki,Hlaniki,Limpopo,-23.4,30.516667,9
hlogotlou,Hlogotlou,Limpopo,-25.03718,29.756303,9
hluvukani,Hluvukani,Limpopo,-24.645282,31.341029,9
hoedspruit,Hoedspruit,Limpopo,-24.351217,30.953319,9
honingvley,Honingvley,Limpopo,-24.322068,27.391531,9
hoogedoorns,Hoogedoorns,Limpopo,-24.0622,28.862701,9
hoog-en-droog,Hoog-en-Droog,Limpopo,-24.016667,29.816667,9
hoogstepunt,Hoogstepunt,Limpopo,-24.283333,28.416667,9
hoopdal,Hoopdal,Limpopo,-24.297941,27.493661,9
hout river,Hout River,Limpopo,-23.083333,29.55,9
houtboschdorp,Houtboschdorp,Limpopo,-23.815317,29.89982,9
houtbosdorp,Houtbosdorp,Limpopo,-23.815317,29.89982,9
houtrivier,Houtrivier,Limpopo,-23.083333,29.55,9
huntingdon,Huntingdon,Limpopo,-24.919189,31.414893,9
hwelereng,Hwelereng,Limpopo,-24.358072,29.457771,9
hwelesangeng,Hwelesangeng,Limpopo,-24.260578,29.63167,9
hwibi,Hwibi,Limpopo,-23.65,28.916667,9
ireagh,Ireagh,Limpopo,-24.852672,31.342684,9
ironstone,Ironstone,Limpopo,-24.866667,29.983333,9
ivydale,Ivydale,Limpopo,-23.94427,29.435129,9
jack,Jack,Limpopo,-23.881883,29.873669,9
jameyana,Jameyana,Limpopo,-24.610883,31.125545,9
jane furse,Jane Furse,Limpopo,-24.76021,29.869927,9
jane furse settlement,Jane Furse Settlement,Limpopo,-24.76021,29.869927,9
janseput,Janseput,Limpopo,-23.566667,28.4,9
josephine,Josephine,Limpopo,-23.905775,30.695015,9
jouberts kroon,Jouberts Kroon,Limpopo,-23.85,29.983333,9
julesburg,Julesburg,Limpopo,-24.066667,30.316667,9
jungaan,Jungaan,Limpopo,-22.666667,30.016667,9
jupiter,Jupiter,Limpopo,-23.869264,29.031118,9
justicia,Justicia,Limpopo,-24.880017,31.413159,9
kaalvallei,Kaalvallei,Limpopo,-24.340091,28.385187,9
kabeana,Kabeana,Limpopo,-23.855288,28.610079,9
ka-bungeni,Ka-Bungeni,Limpopo,-23.212223,30.213202,9
ka-dinga,Ka-Dinga,Limpopo,-23.039351,30.706943,9
ka-dzumeri,Ka-Dzumeri,Limpopo,-23.566623,30.696667,9
ka-hasane,Ka-Hasane,Limpopo,-23.090954,30.477819,9
ka-homu,Ka-Homu,Limpopo,-23.333974,30.782278,9
kalfontein,Kalfontein,Limpopo,-24.733616,28.86632,9
kalkbank,Kalkbank,Limpopo,-23.531025,29.354786,9
kalkfontein,Kalkfontein,Limpopo,-24.733616,28.86632,9
ka-madonsi,Ka-Madonsi,Limpopo,-22.955036,30.747082,9
ka-madzivi,Ka-Madzivi,Limpopo,-23.183333,30.233333,9
ka-mandlhakazi,Ka-Mandlhakazi,Limpopo,-23.737066,30.364722,9
ka-mapapila,Ka-Mapapila,Limpopo,-23.052247,30.727489,9
ka-mapayeni,Ka-Mapayeni,Limpopo,-23.355394,30.821429,9
ka-maphophe,Ka-Maphophe,Limpopo,-22.816667,30.916667,9
ka-matiani,Ka-Matiani,Limpopo,-22.741176,30.984703,9
ka-matsakeli,Ka-Matsakeli,Limpopo,-23.050847,30.761359,9
ka-mavambe,Ka-Mavambe,Limpopo,-23.007013,30.643968,9
ka-mavundani,Ka-Mavundani,Limpopo,-22.937703,30.765633,9
ka-mbatlo,Ka-Mbatlo,Limpopo,-23.083333,30.666667,9
ka-mchipise,Ka-Mchipise,Limpopo,-23.033452,30.732776,9
ka-mhinga,Ka-Mhinga,Limpopo,-22.757698,30.89983,9
ka-mininginisi,Ka-Mininginisi,Limpopo,-23.18123,30.856854,9
ka-mtititi,Ka-Mtititi,Limpopo,-23.15,30.5,9
ka-mudavula,Ka-Mudavula,Limpopo,-23.15,30.55,9
ka-mulaba,Ka-Mulaba,Limpopo,-23.928463,30.287744,9
ka-muswane,Ka-Muswane,Limpopo,-23.133333,30.916667,9
kanana,Kanana,Limpopo,-23.456851,29.142508,9
ka-nghezimani,Ka-Nghezimani,Limpopo,-22.915767,30.812569,9
ka-ngove,Ka-Ngove,Limpopo,-23.363963,30.725918,9
ka-nkuri,Ka-Nkuri,Limpopo,-23.254211,30.538798,9
ka-nwamitwa,Ka-Nwamitwa,Limpopo,-23.740108,30.402618,9
ka-nyavani,Ka-Nyavani,Limpopo,-22.894303,30.768597,9
kapetseng,Kapetseng,Limpopo,-24.516667,29.483333,9
ka-phaphazela,Ka-Phaphazela,Limpopo,-23.058803,30.544254,9
kareefontein,Kareefontein,Limpopo,-24.55,28.3,9
ka-shigamane,Ka-Shigamane,Limpopo,-23.083333,30.45,9
ka-sunduza,Ka-Sunduza,Limpopo,-22.773042,30.958221,9
ka-tsakani,Ka-Tsakani,Limpopo,-24.668386,31.415455,9
ka-tshituugulwani,Ka-Tshituugulwani,Limpopo,-23.1,30.633333,9
kauletsi,Kauletsi,Limpopo,-23.244983,27.932299,9
kawene,Kawene,Limpopo,-23.088688,28.801964,9
ka-xikundu,Ka-Xikundu,Limpopo,-22.827438,30.817054,9
ka-xitlhelani,Ka-Xitlhelani,Limpopo,-23.021547,30.695537,9
kgaphamadi,Kgaphamadi,Limpopo,-23.590596,28.824727,9
kgatalala,Kgatalala,Limpopo,-23.112654,28.929802,9
kgautswane,Kgautswane,Limpopo,-24.595312,30.526253,9
kgohlwane,Kgohlwane,Limpopo,-23.795469,29.362238,9
kgokong,Kgokong,Limpopo,-23.845806,29.773789,9
kgokonyane,Kgokonyane,Limpopo,-23.368211,28.862311,9
kgomo-kgomo,Kgomo-Kgomo,Limpopo,-25.153396,28.078591,9
kgopeng,Kgopeng,Limpopo,-23.715587,28.714445,9
kgoponeng,Kgoponeng,Limpopo,-24.407878,30.204103,9
kgopung,Kgopung,Limpopo,-23.816126,28.612247,9
kgoroshi,Kgoroshi,Limpopo,-23.674607,29.266952,9
kgotia,Kgotia,Limpopo,-23.8,29.75,9
kgotlopong,Kgotlopong,Limpopo,-24.556656,30.48221,9
khakhala,Khakhala,Limpopo,-23.271932,30.851483,9
khakhanwa,Khakhanwa,Limpopo,-23.018468,30.603349,9
khalavha,Khalavha,Limpopo,-22.923252,30.296524,9
khangela,Khangela,Limpopo,-23.961266,30.355446,9
khavhambe,Khavhambe,Limpopo,-22.65866,30.857446,9
khokhovela,Khokhovela,Limpopo,-24.620124,31.26363,9
khubvi,Khubvi,Limpopo,-22.823561,30.552095,9
khureng,Khureng,Limpopo,-24.562355,29.387405,9
kiesel,Kiesel,Limpopo,-23.980236,27.170922,9
kildare,Kildare,Limpopo,-24.881985,31.317958,9
kildare store,Kildare Store,Limpopo,-24.881985,31.317958,9
kileneni ranch,Kileneni Ranch,Limpopo,-24.75,28.616667,9
klein dikgale,Klein Dikgale,Limpopo,-23.833333,29.75,9
klein tshipise,Klein Tshipise,Limpopo,-22.533059,30.670257,9
klein-letaba,Klein-Letaba,Limpopo,-23.133333,30.45,9
klipfontein,Klipfontein,Limpopo,-24.401317,28.849408,9
klipspruit,Klipspruit,Limpopo,-24.833333,29.5,9
knobel,Knobel,Limpopo,-23.63426,29.121694,9
knopneuslokasie,Knopneuslokasie,Limpopo,-23.147881,30.559096,9
knunda,Knunda,Limpopo,-22.952937,30.12021,9
koedoesrand,Koedoesrand,Limpopo,-23.586887,28.341894,9
kokstad,Kokstad,Limpopo,-23.173893,27.980366,9
koloti,Koloti,Limpopo,-23.72657,29.304922,9
komaneng,Komaneng,Limpopo,-23.897001,29.800897,9
komatie,Komatie,Limpopo,-23.247127,28.411881,9
kome,Kome,Limpopo,-24.737754,29.627891,9
kontante,Kontante,Limpopo,-25.188184,28.094207,9
koperspruit,Koperspruit,Limpopo,-22.566667,28.5,9
koppie alleen,Koppie Alleen,Limpopo,-23.881022,29.929417,9
kostines,Kostines,Limpopo,-23.300865,31.529077,9
kostini,Kostini,Limpopo,-23.300865,31.529077,9
kransberg,Kransberg,Limpopo,-24.433333,27.533333,9
kranskraal,Kranskraal,Limpopo,-23.145237,29.852598,9
kremetartpan,Kremetartpan,Limpopo,-23.866667,27.366667,9
kromellenboog,Kromellenboog,Limpopo,-24.45,30.383333,9
kubjaname,Kubjaname,Limpopo,-24.3,30.533333,9
kurulen,Kurulen,Limpopo,-23.145124,30.357639,9
kuschke,Kuschke,Limpopo,-23.933333,29.35,9
kutama's location,Kutama's Location,Limpopo,-23.066667,29.666667,9
kutamaslokasie,Kutamaslokasie,Limpopo,-23.066667,29.666667,9
kutumpa,Kutumpa,Limpopo,-23.134725,28.915482,9
kwadlaulale,KwaDlaulale,Limpopo,-25.04981,29.652689,9
kwakouletsi,KwaKouletsi,Limpopo,-23.244983,27.932299,9
kwamadibaneng,KwaMadibaneng,Limpopo,-23.219062,27.981074,9
kwamatatani,KwaMatatani,Limpopo,-23.216667,30.333333,9
kwaring,Kwaring,Limpopo,-23.136786,28.93463,9
kwatshelamfake,KwaTshelamfake,Limpopo,-23.272456,27.95178,9
la dinong,La Dinong,Limpopo,-24.583333,29.5,9
laastepoort,Laastepoort,Limpopo,-24.653279,26.426446,9
laasteskof,Laasteskof,Limpopo,-24.116667,29.016667,9
lamoani,Lamoani,Limpopo,-22.766667,30.85,9
lebaleng,Lebaleng,Limpopo,-24.966667,29.766667,9
leboeng,Leboeng,Limpopo,-24.501824,30.658927,9
lebowakgomo,Lebowakgomo,Limpopo,-24.2,29.5,9
lebu,Lebu,Limpopo,-23.106159,28.745469,9
ledingwe,Ledingwe,Limpopo,-24.320461,30.071907,9
leeupoort,Leeupoort,Limpopo,-24.916507,27.731537,9
leeuwfontein,Leeuwfontein,Limpopo,-24.996979,29.402272,9
leeuwkraal,Leeuwkraal,Limpopo,-23.433333,29.716667,9
leeuwpoort,Leeuwpoort,Limpopo,-24.916507,27.731537,9
lefanyane,Lefanyane,Limpopo,-23.655373,28.839927,9
lefiso,Lefiso,Limpopo,-24.934047,28.900646,9
legapane,Legapane,Limpopo,-24.735525,30.098709,9
legkraal,Legkraal,Limpopo,-23.37092,29.559545,9
legobwe,Legobwe,Limpopo,-24.25,29.95,9
legolaneng,Legolaneng,Limpopo,-24.967151,29.620927,9
legotlhong,Legotlhong,Limpopo,-23.433676,29.168134,9
lehau,Lehau,Limpopo,-25.0525,28.467778,9
lehlakong,Lehlakong,Limpopo,-24.953608,29.888564,9
lehlohlong,Lehlohlong,Limpopo,-23.533333,29.15,9
lekgwareng,Lekgwareng,Limpopo,-24.316667,30.1,9
lekhureng,Lekhureng,Limpopo,-23.548626,28.92785,9
lekhuswaneng,Lekhuswaneng,Limpopo,-24.333333,29.583333,9
lekiting,Lekiting,Limpopo,-23.435933,28.902439,9
lekurung,Lekurung,Limpopo,-24.385901,29.640936,9
lenkwane,Lenkwane,Limpopo,-23.736954,28.613563,9
lenting,Lenting,Limpopo,-24.435951,29.520148,9
lenyenye,Lenyenye,Limpopo,-23.970561,30.269653,9
leokaneng,Leokaneng,Limpopo,-23.525396,29.027857,9
lepelle,Lepelle,Limpopo,-24.433333,30.6,9
lephong,Lephong,Limpopo,-24.712167,31.314891,9
lesetse,Lesetse,Limpopo,-24.35,30.033333,9
lesetsi,Lesetsi,Limpopo,-24.356228,29.711357,9
leshoane,Leshoane,Limpopo,-23.85,29.816667,9
leshwane,Leshwane,Limpopo,-23.85,29.816667,9
leswika,Leswika,Limpopo,-24.583333,29.466667,9
letaba,Letaba,Limpopo,-23.9,30.066667,9
letaba estates,Letaba Estates,Limpopo,-23.85606,30.276754,9
letlhokwaneng,Letlhokwaneng,Limpopo,-24.325662,29.739721,9
letsitele,Letsitele,Limpopo,-23.882433,30.395344,9
letswatla,Letswatla,Limpopo,-23.016027,28.704392,9
levubu,Levubu,Limpopo,-23.094889,30.290797,9
levubu-nedersetting,Levubu-Nedersetting,Limpopo,-23.084069,30.286336,9
levubye,Levubye,Limpopo,-23.1,30.416667,9
leydsdorp,Leydsdorp,Limpopo,-23.995438,30.520552,9
lillydale,Lillydale,Limpopo,-24.86638,31.368928,9
limberg,Limberg,Limpopo,-23.801691,28.892082,9
limburg,Limburg,Limpopo,-23.801691,28.892082,9
lincoln york,Lincoln York,Limpopo,-23.049573,29.770632,9
lindani,Lindani,Limpopo,-24.783333,31.25,9
linton,Linton,Limpopo,-22.392875,29.569899,9
locate van chune,Locate van Chune,Limpopo,-24.183333,29.5,9
locate van m'phatele,Locate van M'phatele,Limpopo,-24.333333,29.65,9
locatie van chune,Locatie van Chune,Limpopo,-24.183333,29.5,9
locatie van de knopneuzen,Locatie van de Knopneuzen,Limpopo,-23.147881,30.559096,9
locatie van malietzie,Locatie van Malietzie,Limpopo,-23.733333,29.3,9
locatie van m'phatlele,Locatie van M'phatlele,Limpopo,-24.333333,29.65,9
locatie van ramagoep,Locatie van Ramagoep,Limpopo,-23.5,29.816667,9
locatie van tabaan,Locatie van Tabaan,Limpopo,-23.2,30.433333,9
lomondo location,Lomondo Location,Limpopo,-23.01076,30.372539,9
london,London,Limpopo,-24.302623,30.572504,9
lonsdale,Lonsdale,Limpopo,-23.614011,29.16023,9
loodmyn,Loodmyn,Limpopo,-23.133333,28.716667,9
loopspruit,Loopspruit,Limpopo,-24.666667,29.75,9
lorraine,Lorraine,Limpopo,-24.216667,30.433333,9
louis trichardt,Louis Trichardt,Limpopo,-23.043853,29.90319,9
louraine,Louraine,Limpopo,-23.026601,29.855773,9
lovemore,Lovemore,Limpopo,-23.097925,29.856184,9
ludlow,Ludlow,Limpopo,-24.669208,31.279291,9
luge,Luge,Limpopo,-23.608043,28.877644,9
luheni,Luheni,Limpopo,-22.808307,30.365157,9
lushof,Lushof,Limpopo,-23.144554,29.885843,9
luvhola,Luvhola,Limpopo,-23.166667,30.166667,9
luxemburg,Luxemburg,Limpopo,-23.837662,28.960343,9
maake,Maake,Limpopo,-24.016667,30.266667,9
maakeslokasie,Maakeslokasie,Limpopo,-24.05,30.2,9
maandagshoek,Maandagshoek,Limpopo,-24.6,30.083333,9
maasstroom,Maasstroom,Limpopo,-22.747618,28.44413,9
mabiligwe,Mabiligwe,Limpopo,-22.35,31.066667,9
mabitseng,Mabitseng,Limpopo,-24.716667,30.116667,9
mabitsi,Mabitsi,Limpopo,-24.932754,29.598014,9
mabokotswane,Mabokotswane,Limpopo,-24.40981,29.734029,9
mabotsha,Mabotsha,Limpopo,-24.537461,30.288271,9
mabuladihlare,Mabuladihlare,Limpopo,-23.878045,28.666696,9
mabul's location,Mabul's Location,Limpopo,-23.868884,29.817068,9
mabyepelong,Mabyepelong,Limpopo,-23.573119,30.461885,9
machichaan's location,Machichaan's Location,Limpopo,-23.916667,29.15,9
mackenzie,Mackenzie,Limpopo,-25.096944,28.451389,9
madabani,Madabani,Limpopo,-23.091858,29.713777,9
madaheni,Madaheni,Limpopo,-23.066667,29.716667,9
madibong,Madibong,Limpopo,-24.73882,29.87191,9
madiga,Madiga,Limpopo,-23.806395,29.718432,9
madiiba,Madiiba,Limpopo,-24.130483,28.980699,9
madika,Madika,Limpopo,-24.361856,29.422088,9
madilo,Madilo,Limpopo,-24.916667,29.516667,9
madimbo,Madimbo,Limpopo,-22.3,30.866667,9
madombidzha,Madombidzha,Limpopo,-23.124171,29.814861,9
mafatle,Mafatle,Limpopo,-24.783333,29.733333,9
mafefeslokasie,Mafefeslokasie,Limpopo,-24.183333,30.066667,9
mafsiagobaba,Mafsiagobaba,Limpopo,-24.15,30.066667,9
magagamatala,Magagamatala,Limpopo,-23.686416,28.593299,9
magapaneng,Magapaneng,Limpopo,-24.489104,30.071331,9
magatle,Magatle,Limpopo,-24.455434,29.401195,9
magogotiou,Magogotiou,Limpopo,-24.766667,29.65,9
magolapong,Magolapong,Limpopo,-24.75322,29.763213,9
magoro,Magoro,Limpopo,-23.300082,30.315696,9
magoto,Magoto,Limpopo,-24.333333,29.283333,9
magoto school,Magoto School,Limpopo,-24.333333,29.283333,9
magovani,Magovani,Limpopo,-22.583333,31,9
magukubjane,Magukubjane,Limpopo,-24.999263,29.813528,9
magwaneng,Magwaneng,Limpopo,-24.383133,29.668702,9
mahlangu,Mahlangu,Limpopo,-25.002043,29.713433,9
mahlar'we,Mahlar'we,Limpopo,-23.976922,30.421035,9
mahlasi,Mahlasi,Limpopo,-24.536823,30.426284,9
mahlathi,Mahlathi,Limpopo,-23.340395,30.947526,9
mahlatjani,Mahlatjani,Limpopo,-24.183244,30.056072,9
mahlatse,Mahlatse,Limpopo,-24.646236,29.656036,9
mahlwareng,Mahlwareng,Limpopo,-23.423386,28.79251,9
mahubahuba,Mahubahuba,Limpopo,-24.582603,30.31752,9
mahwelereng,Mahwelereng,Limpopo,-24.145814,28.982687,9
mahwibitswane,Mahwibitswane,Limpopo,-23.69816,29.309302,9
majika,Majika,Limpopo,-22.816667,30.866667,9
makadikwe,Makadikwe,Limpopo,-24.700548,29.745838,9
makapansgat,Makapansgat,Limpopo,-24.147325,29.164694,9
makatiane,Makatiane,Limpopo,-24.091476,29.714827,9
makekeng,Makekeng,Limpopo,-23.948717,28.617323,9
makgake,Makgake,Limpopo,-24.430283,30.020556,9
makgari,Makgari,Limpopo,-22.947952,28.864316,9
makgaung,Makgaung,Limpopo,-24.290616,30.458615,9
makgoba,Makgoba,Limpopo,-24.559066,30.547712,9
makgodu,Makgodu,Limpopo,-23.416795,29.437614,9
makgwadibeng,Makgwadibeng,Limpopo,-23.783333,29.816667,9
makgwareng,Makgwareng,Limpopo,-24.567727,30.535605,9
makhushaneslokasie,Makhushaneslokasie,Limpopo,-23.95,31.05,9
makhuva,Makhuva,Limpopo,-23.585366,30.973891,9
makhuvaslokasie,Makhuvaslokasie,Limpopo,-23.65,30.933333,9
makhwibiding,Makhwibiding,Limpopo,-24.025646,30.267497,9
makonda,Makonda,Limpopo,-22.80425,30.581965,9
makonde,Makonde,Limpopo,-22.80425,30.581965,9
makopung,Makopung,Limpopo,-24.515429,30.586021,9
makpopeng,Makpopeng,Limpopo,-25,29.8,9
makuba's location,Makuba's Location,Limpopo,-23.65,30.933333,9
makubu,Makubu,Limpopo,-24.425831,30.219215,9
makuleni,Makuleni,Limpopo,-22.835308,30.252635,9
makumbane,Makumbane,Limpopo,-22.991248,30.401944,9
makurung,Makurung,Limpopo,-24.345542,29.55525,9
makushane location,Makushane Location,Limpopo,-23.95,31.05,9
makuya,Makuya,Limpopo,-22.636789,30.837469,9
makwarela,Makwarela,Limpopo,-22.916667,30.666667,9
makweng,Makweng,Limpopo,-24.369722,29.372763,9
makweya,Makweya,Limpopo,-23.811486,29.254674,9
malagakwini,Malagakwini,Limpopo,-24.1,28.883333,9
malati,Malati,Limpopo,-23.863915,30.775748,9
malehlage,Malehlage,Limpopo,-24.307414,29.730056,9
maleketla,Maleketla,Limpopo,-23.684193,30.289035,9
malele,Malele,Limpopo,-23.633333,30.766667,9
malematsa,Malematsa,Limpopo,-23.61552,30.284265,9
malipsdrif,Malipsdrif,Limpopo,-24.232324,29.824667,9
malipsdrift,Malipsdrift,Limpopo,-24.232324,29.824667,9
malokele,Malokele,Limpopo,-24.333333,30.15,9
malokong,Malokong,Limpopo,-23.86407,28.827455,9
malope,Malope,Limpopo,-24.569255,29.547013,9
mamaila,Mamaila,Limpopo,-23.356199,30.242859,9
mamathola location,Mamathola Location,Limpopo,-23.983333,30.116667,9
mamatlholalokasie,Mamatlholalokasie,Limpopo,-23.983333,30.116667,9
mamatlholaslokasie,Mamatlholaslokasie,Limpopo,-23.983333,30.116667,9
mamehlabe,Mamehlabe,Limpopo,-23.551765,28.968275,9
mametjaslokasie,Mametjaslokasie,Limpopo,-24.4,30.566667,9
mamitwa's location,Mamitwa's Location,Limpopo,-23.733333,30.383333,9
mamitwaskop,Mamitwaskop,Limpopo,-23.739428,30.481964,9
mamokololo,Mamokololo,Limpopo,-23.683333,30.433333,9
mamosweu,Mamosweu,Limpopo,-24.407293,29.631123,9
mampana,Mampana,Limpopo,-24.589879,29.670712,9
mamphokgo,Mamphokgo,Limpopo,-24.923374,29.427381,9
manaileng,Manaileng,Limpopo,-24.401567,29.286818,9
manamane,Manamane,Limpopo,-23.05,30.416667,9
manamani,Manamani,Limpopo,-23.05,30.416667,9
manamela,Manamela,Limpopo,-23.711167,29.22632,9
manapsane,Manapsane,Limpopo,-24.97614,29.402351,9
manawaneng,Manawaneng,Limpopo,-24.6,30.6,9
manganeng,Manganeng,Limpopo,-24.674534,29.968775,9
mangata,Mangata,Limpopo,-23.470128,29.706231,9
mangondi,Mangondi,Limpopo,-22.883361,30.614949,9
manitz kraal,Manitz Kraal,Limpopo,-23.162965,28.210708,9
mankoeng,Mankoeng,Limpopo,-23.9,29.816667,9
mankopane,Mankopane,Limpopo,-24.45,29.85,9
manoge,Manoge,Limpopo,-24.321501,29.669763,9
mantheding,Mantheding,Limpopo,-23.782634,29.765337,9
manthorwane,Manthorwane,Limpopo,-24.002626,29.639049,9
manyaka,Manyaka,Limpopo,-24.477542,30.119662,9
manyanga,Manyanga,Limpopo,-25.056389,29.632496,9
manyapje,Manyapje,Limpopo,-23.906238,29.198815,9
manyeleti,Manyeleti,Limpopo,-24.676516,31.446095,9
maotsi,Maotsi,Limpopo,-24.457195,30.05533,9
mapani,Mapani,Limpopo,-22.896924,29.949132,9
mapareng,Mapareng,Limpopo,-24.533333,30.283333,9
mapate,Mapate,Limpopo,-24.4,30.066667,9
mapela,Mapela,Limpopo,-23.95,28.833333,9
mapete,Mapete,Limpopo,-24.4,30.066667,9
maphopha,Maphopha,Limpopo,-24.867272,29.913291,9
mapupa,Mapupa,Limpopo,-24.866667,29.983333,9
mara,Mara,Limpopo,-23.090862,29.399726,9
marabastad,Marabastad,Limpopo,-23.996423,29.37103,9
maraheki,Maraheki,Limpopo,-24.566667,27.6,9
maranikhwe,Maranikhwe,Limpopo,-22.754442,30.137851,9
maratheng,Maratheng,Limpopo,-25.051014,29.610185,9
mare,Mare,Limpopo,-24.968403,29.833319,9
mareleng,Mareleng,Limpopo,-24.984432,29.670897,9
maribie,Maribie,Limpopo,-23.8,29.816667,9
maripathekong,Maripathekong,Limpopo,-24.032359,29.806526,9
maripi,Maripi,Limpopo,-24.721635,31.183794,9
mariveni,Mariveni,Limpopo,-23.886034,30.348419,9
marken,Marken,Limpopo,-23.593099,28.384126,9
marnitz,Marnitz,Limpopo,-23.162965,28.210708,9
marogorogong,Marogorogong,Limpopo,-24.916667,29.683333,9
maromi,Maromi,Limpopo,-23.071,30.581118,9
maropeng,Maropeng,Limpopo,-24.314921,29.863777,9
marowe,Marowe,Limpopo,-23.508156,29.262363,9
marulaneng,Marulaneng,Limpopo,-23.84963,28.691916,9
masanteng,Masanteng,Limpopo,-24.760377,29.496713,9
masehleng,Masehleng,Limpopo,-24.4,30.4,9
masekeslokasie,Masekeslokasie,Limpopo,-24.007778,31.024753,9
maseki location,Maseki Location,Limpopo,-24.007778,31.024753,9
masekwameng,Masekwameng,Limpopo,-23.85,29.783333,9
mashabela,Mashabela,Limpopo,-24.642899,29.697817,9
mashapa,Mashapa,Limpopo,-23.2,30.116667,9
mashashane,Mashashane,Limpopo,-23.949522,29.120686,9
mashashaneslokasie,Mashashaneslokasie,Limpopo,-23.916667,29.15,9
mashishimaleslokasie,Mashishimaleslokasie,Limpopo,-23.933333,30.983333,9
mashisimali location,Mashisimali Location,Limpopo,-23.933333,30.983333,9
mashisimalislokasie,Mashisimalislokasie,Limpopo,-23.933333,30.983333,9
mashite,Mashite,Limpopo,-24.699614,30.00529,9
masikhwa,Masikhwa,Limpopo,-22.833333,30.616667,9
masikwa,Masikwa,Limpopo,-22.833333,30.616667,9
masisi,Masisi,Limpopo,-22.421643,30.861628,9
masite,Masite,Limpopo,-24.305587,29.689755,9
masobohleng,Masobohleng,Limpopo,-23.659784,29.321358,9
masokis,Masokis,Limpopo,-23.566667,30.716667,9
matabatas location,Matabatas Location,Limpopo,-24.216667,29.866667,9
mataia's location,Mataia's Location,Limpopo,-23.733333,29,9
matangari,Matangari,Limpopo,-22.806363,30.538041,9
matebeleng,Matebeleng,Limpopo,-23.740446,28.751689,9
mathabatha,Mathabatha,Limpopo,-24.216667,29.883333,9
mathabathaslokasie,Mathabathaslokasie,Limpopo,-24.216667,29.866667,9
mathapisa,Mathapisa,Limpopo,-24.736969,29.673184,9
mathateng,Mathateng,Limpopo,-23.133333,28.8,9
matidza,Matidza,Limpopo,-23.433333,30.583333,9
matlabas,Matlabas,Limpopo,-24.259747,27.481035,9
matlala,Matlala,Limpopo,-23.674676,29.084048,9
matlalaslokasie,Matlalaslokasie,Limpopo,-23.733333,29,9
matlale,Matlale,Limpopo,-24.633046,29.947146,9
matlametlong,Matlametlong,Limpopo,-24.793068,26.936611,9
matoks,Matoks,Limpopo,-23.466667,29.7,9
matokslokasie,Matokslokasie,Limpopo,-23.466667,29.7,9
matome,Matome,Limpopo,-24.286516,29.406605,9
matsepe,Matsepe,Limpopo,-25.041842,29.578916,9
matshakatini,Matshakatini,Limpopo,-22.351652,30.912503,9
matshavhawe,Matshavhawe,Limpopo,-22.972967,30.108987,9
matshira,Matshira,Limpopo,-23.140429,29.067508,9
matshiretsane,Matshiretsane,Limpopo,-24.587685,30.529533,9
matshupe,Matshupe,Limpopo,-24.776598,30.074987,9
matsila,Matsila,Limpopo,-23.19526,30.259733,9
matsitsilene,Matsitsilene,Limpopo,-23.464415,28.827689,9
matsoane,Matsoane,Limpopo,-24.667115,29.642755,9
maubane,Maubane,Limpopo,-25.270352,28.274184,9
mauluma,Mauluma,Limpopo,-22.929821,30.132554,9
mavunde,Mavunde,Limpopo,-22.714528,30.74538,9
mawa,Mawa,Limpopo,-23.563952,30.543269,9
mawambe,Mawambe,Limpopo,-23.007013,30.643968,9
mbabat,Mbabat,Limpopo,-24.561552,31.149913,9
mbhawula,Mbhawula,Limpopo,-23.333333,30.65,9
mbhokota,Mbhokota,Limpopo,-23.201632,30.095784,9
mbokota,Mbokota,Limpopo,-23.201632,30.095784,9
mdlazi,Mdlazi,Limpopo,-24.367904,30.905572,9
meadowbank,Meadowbank,Limpopo,-23.703998,30.392474,9
meanderthal,Meanderthal,Limpopo,-23.480883,29.185773,9
meetse,Meetse,Limpopo,-24.833333,31.316667,9
meetse-a-bophelo,Meetse-a-Bophelo,Limpopo,-24.25,30.45,9
megoring,Megoring,Limpopo,-23.916845,29.767096,9
mehlakong,Mehlakong,Limpopo,-23.791844,29.826743,9
mekgobane,Mekgobane,Limpopo,-23.747776,28.982292,9
mela,Mela,Limpopo,-24.833333,29.55,9
melanyi,Melanyi,Limpopo,-23.233333,30.433333,9
melau,Melau,Limpopo,-24.466667,30.05,9
melk river,Melk River,Limpopo,-24.000007,28.400664,9
melkrivier,Melkrivier,Limpopo,-23.983333,28.366667,9
merensky,Merensky,Limpopo,-23.795828,30.12657,9
merinovlakte,Merinovlakte,Limpopo,-24.983333,28.266667,9
merry pebble stream,Merry Pebble Stream,Limpopo,-24.763816,31.248635,9
messina,Messina,Limpopo,-22.351308,30.039597,9
metsi,Metsi,Limpopo,-24.833333,31.316667,9
metz,Metz,Limpopo,-24.233333,30.483333,9
mhalamhala,Mhalamhala,Limpopo,-23.856729,31.754511,9
mica,Mica,Limpopo,-24.156955,30.830774,9
middelwater,Middelwater,Limpopo,-23.400497,30.217212,9
mieliekloof,Mieliekloof,Limpopo,-23.767091,30.217258,9
milaboni,Milaboni,Limpopo,-22.883333,30.216667,9
mimosa,Mimosa,Limpopo,-24.083333,29.866667,9
miohe,Miohe,Limpopo,-22.85252,30.761464,9
miragoma,Miragoma,Limpopo,-23.632835,30.590616,9
mirogoma,Mirogoma,Limpopo,-23.632835,30.590616,9
mispah,Mispah,Limpopo,-24.097498,29.899026,9
mission,Mission,Limpopo,-23.484461,29.375119,9
mitxetweni,Mitxetweni,Limpopo,-23.15,30.233333,9
mmadigorong,Mmadigorong,Limpopo,-23.631359,29.281388,9
mmafefe,Mmafefe,Limpopo,-24.194511,30.100746,9
mmahlogo,Mmahlogo,Limpopo,-23.962134,28.820537,9
mmakala,Mmakala,Limpopo,-23.462256,28.74204,9
mmakotse,Mmakotse,Limpopo,-24.325102,29.437268,9
mmalebogoslokasie,Mmalebogoslokasie,Limpopo,-23.183333,28.916667,9
mmamati,Mmamati,Limpopo,-24.4,29.383333,9
mmamatlakala,Mmamatlakala,Limpopo,-23.980796,28.586669,9
mmankgaile,Mmankgaile,Limpopo,-24.001437,29.798415,9
mmanopi,Mmanopi,Limpopo,-23.945745,30.401015,9
mmatladi,Mmatladi,Limpopo,-23.564137,28.123548,9
mmatseke,Mmatseke,Limpopo,-23.500761,29.735689,9
mmotwaneng,Mmotwaneng,Limpopo,-25.012313,29.749534,9
modjadje's location,Modjadje's Location,Limpopo,-23.616667,30.333333,9
modjadji,Modjadji,Limpopo,-23.623846,30.348399,9
modjadjislokasie,Modjadjislokasie,Limpopo,-23.616667,30.333333,9
modubeng,Modubeng,Limpopo,-24.316667,30.183333,9
moebani,Moebani,Limpopo,-23.05,29.65,9
moepel,Moepel,Limpopo,-23.766667,28.45,9
moepeng,Moepeng,Limpopo,-24.3,29.566667,9
moetagare,Moetagare,Limpopo,-23.662109,28.974434,9
moetladimo,Moetladimo,Limpopo,-24.25,30.466667,9
mogaba,Mogaba,Limpopo,-24.516667,30.533333,9
mogaladi,Mogaladi,Limpopo,-24.763491,29.540106,9
mogalakwena,Mogalakwena,Limpopo,-23.874224,28.695695,9
mogalakwenastroom,Mogalakwenastroom,Limpopo,-23.766667,28.616667,9
mogalatsana,Mogalatsana,Limpopo,-24.731354,29.431176,9
mogales,Mogales,Limpopo,-24.554133,29.633391,9
moganyake,Moganyake,Limpopo,-24.95451,29.417099,9
mogapeng,Mogapeng,Limpopo,-24.054817,30.295805,9
mogashoa,Mogashoa,Limpopo,-24.8,29.983333,9
mogoboya,Mogoboya,Limpopo,-23.988055,30.17837,9
mogoboyaslokasie,Mogoboyaslokasie,Limpopo,-23.983333,30.2,9
mogologolo,Mogologolo,Limpopo,-24.533333,29.433333,9
mogoto,Mogoto,Limpopo,-24.333333,29.283333,9
moheme,Moheme,Limpopo,-24.869553,28.114435,9
mohlaba's location,Mohlaba's Location,Limpopo,-23.916667,30.283333,9
mohlahlareng,Mohlahlareng,Limpopo,-23.996449,30.281486,9
mohlajeng,Mohlajeng,Limpopo,-23.446199,29.095657,9
mohlarutse,Mohlarutse,Limpopo,-24.616667,30.233333,9
mohlotshi,Mohlotshi,Limpopo,-24.796541,29.530594,9
mokoropo,Mokoropo,Limpopo,-24.529191,30.103386,9
mokudung,Mokudung,Limpopo,-23.385687,28.792696,9
mokumuru,Mokumuru,Limpopo,-23.260617,29.026071,9
mokurwanyane,Mokurwanyane,Limpopo,-23.466667,28.1,9
mokwena,Mokwena,Limpopo,-24.4,30.55,9
molapong,Molapong,Limpopo,-24.583333,30.233333,9
molautse,Molautse,Limpopo,-23.816667,29.383333,9
molemaslokasie,Molemaslokasie,Limpopo,-23.3,30.016667,9
molenjeslokasie,Molenjeslokasie,Limpopo,-23.016667,30.55,9
molepos location,Molepos Location,Limpopo,-24.05,29.716667,9
moleposlokasie,Moleposlokasie,Limpopo,-24.05,29.716667,9
moletlane,Moletlane,Limpopo,-24.349968,29.320517,9
moletsi,Moletsi,Limpopo,-23.846636,29.388017,9
moletsilokasie,Moletsilokasie,Limpopo,-23.733333,29.3,9
molsgat,Molsgat,Limpopo,-24.291824,29.627677,9
mongalo,Mongalo,Limpopo,-23.133333,28.95,9
mongatane,Mongatane,Limpopo,-23.561053,28.513281,9
monotwane,Monotwane,Limpopo,-23.87414,29.118668,9
monsterlus,Monsterlus,Limpopo,-25.025151,29.73317,9
monte christo,Monte Christo,Limpopo,-23.869933,29.910881,9
monywaneng,Monywaneng,Limpopo,-23.624181,29.248512,9
mooiklip,Mooiklip,Limpopo,-24.447428,29.738093,9
moomane,Moomane,Limpopo,-24.800716,29.599176,9
mopane,Mopane,Limpopo,-22.617017,29.85744,9
mophamamona,Mophamamona,Limpopo,-23.17886,29.005312,9
morapaneng,Morapaneng,Limpopo,-24.429351,30.049808,9
moria,Moria,Limpopo,-23.952617,29.782626,9
moripane,Moripane,Limpopo,-24.774181,29.815621,9
morotse,Morotse,Limpopo,-24.39623,29.53739,9
morotsi,Morotsi,Limpopo,-23.140434,28.817737,9
moruji,Moruji,Limpopo,-23.663763,30.36158,9
mosehleng,Mosehleng,Limpopo,-23.481478,28.921075,9
mosetamong,Mosetamong,Limpopo,-24.368848,29.662564,9
moshira,Moshira,Limpopo,-24.344523,30.097046,9
mosira,Mosira,Limpopo,-23.634994,28.738256,9
mositone,Mositone,Limpopo,-23.049948,28.931597,9
mosuka,Mosuka,Limpopo,-23.646457,28.624744,9
motantanyana,Motantanyana,Limpopo,-24.336462,29.43142,9
mothagale,Mothagale,Limpopo,-23.35146,28.834115,9
motlamotshe,Motlamotshe,Limpopo,-24.417396,29.99763,9
motlolo,Motlolo,Limpopo,-24.515135,30.180778,9
motolong,Motolong,Limpopo,-24.340806,29.676634,9
motsane,Motsane,Limpopo,-24.277568,30.221912,9
motseleope,Motseleope,Limpopo,-24.811675,29.681365,9
motserereng,Motserereng,Limpopo,-24.422541,29.478551,9
motsetladi,Motsetladi,Limpopo,-24.866667,29.916667,9
motshele,Motshele,Limpopo,-23.65927,29.957579,9
motshitong,Motshitong,Limpopo,-23.010572,28.951337,9
motswintswinyane,Motswintswinyane,Limpopo,-23.583333,28.483333,9
motutulong,Motutulong,Limpopo,-24.631397,30.219915,9
mpapuli location,Mpapuli Location,Limpopo,-23.025614,30.483628,9
mphahleslokasie,Mphahleslokasie,Limpopo,-24.333333,29.65,9
mphakane,Mphakane,Limpopo,-23.483333,29.716667,9
mphake,Mphake,Limpopo,-24.68975,29.618733,9
mphalong,Mphalong,Limpopo,-23.805901,29.785873,9
mphanama,Mphanama,Limpopo,-24.588235,29.817996,9
mphaphulilokasie,Mphaphulilokasie,Limpopo,-23.025614,30.483628,9
mphelelo,Mphelelo,Limpopo,-23.661774,28.71661,9
mpudulle,Mpudulle,Limpopo,-25.007158,29.740071,9
mtititi,Mtititi,Limpopo,-23.092686,30.899284,9
muduluni,Muduluni,Limpopo,-23.066667,29.65,9
muhlvaslokasie,Muhlvaslokasie,Limpopo,-23.916667,30.283333,9
muhuyu,Muhuyu,Limpopo,-22.826933,30.486521,9
mukhomi,Mukhomi,Limpopo,-23.071,30.581118,9
mukula,Mukula,Limpopo,-22.857824,30.584894,9
mukumbani,Mukumbani,Limpopo,-22.899023,30.413376,9
mulati,Mulati,Limpopo,-23.863915,30.775748,9
muledane,Muledane,Limpopo,-23.004852,30.446182,9
mulenzhe,Mulenzhe,Limpopo,-23.083333,30.55,9
mulenzheslokasie,Mulenzheslokasie,Limpopo,-23.016667,30.55,9
munywini,Munywini,Limpopo,-23.416667,30.983333,9
muraleni,Muraleni,Limpopo,-23.05,29.683333,9
murchison,Murchison,Limpopo,-23.58979,28.359748,9
musekwa,Musekwa,Limpopo,-22.781479,30.076634,9
musunda,Musunda,Limpopo,-22.533333,30.916667,9
mutale,Mutale,Limpopo,-22.469724,30.875334,9
muthambi,Muthambi,Limpopo,-22.8,30.566667,9
muthati,Muthati,Limpopo,-22.75,30.9,9
mutshavhawe,Mutshavhawe,Limpopo,-22.793263,30.427832,9
muungadi,Muungadi,Limpopo,-23.066667,29.583333,9
naauwte,Naauwte,Limpopo,-23.816667,29.266667,9
naboomfontein,Naboomfontein,Limpopo,-24.352961,28.84462,9
naboomkoppies,Naboomkoppies,Limpopo,-24.55,30.366667,9
naboomspruit,Naboomspruit,Limpopo,-24.516667,28.716667,9
naboomsruit,Naboomsruit,Limpopo,-24.516667,28.716667,9
nakana,Nakana,Limpopo,-24.516667,29.8,9
nalatsi,Nalatsi,Limpopo,-23.397875,31.02974,9
naledi,Naledi,Limpopo,-23.306314,29.16566,9
namakgale,Namakgale,Limpopo,-23.933994,31.031193,9
natal house,Natal House,Limpopo,-22.883333,30.533333,9
natalie,Natalie,Limpopo,-22.77292,30.19025,9
ndambo,Ndambo,Limpopo,-25.016667,29.666667,9
ndindani,Ndindani,Limpopo,-23.384802,30.96048,9
ndlelani,Ndlelani,Limpopo,-24.671385,31.374822,9
neandertal,Neandertal,Limpopo,-23.480883,29.185773,9
neanderthal,Neanderthal,Limpopo,-23.480883,29.185773,9
nebo,Nebo,Limpopo,-23.030806,29.848871,9
nemba,Nemba,Limpopo,-25.016667,29.566667,9
net recht,Net Recht,Limpopo,-23.681419,29.873973,9
new forest,New Forest,Limpopo,-24.745123,31.119109,9
new pietersburg,New Pietersburg,Limpopo,-23.88003,29.424853,9
new pietersburg township,New Pietersburg Township,Limpopo,-23.88003,29.424853,9
newington,Newington,Limpopo,-24.812026,31.287783,9
ngkoane,Ngkoane,Limpopo,-24.3,29.833333,9
ngob,Ngob,Limpopo,-23.35,30.733333,9
ngobi,Ngobi,Limpopo,-23.35,30.733333,9
ngwanallela,Ngwanallela,Limpopo,-23.519805,28.932347,9
ngwaritsi,Ngwaritsi,Limpopo,-24.943161,29.814576,9
ngwelemong,Ngwelemong,Limpopo,-24.961419,29.564665,9
nhlarweni,Nhlarweni,Limpopo,-23.764347,31.159708,9
ninlo,Ninlo,Limpopo,-23.030175,29.854386,9
njonjela,Njonjela,Limpopo,-24.892483,31.329189,9
nkadimeng,Nkadimeng,Limpopo,-25.038334,29.585732,9
nkambako,Nkambako,Limpopo,-23.733333,30.466667,9
nkomo,Nkomo,Limpopo,-23.409196,30.78552,9
nkowakowa,Nkowakowa,Limpopo,-23.887823,30.287081,9
nkwe,Nkwe,Limpopo,-23.401023,28.745864,9
nlaniki,Nlaniki,Limpopo,-23.4,30.516667,9
nngwekhulu,Nngwekhulu,Limpopo,-23.180236,30.433413,9
nokayamatlala,Nokayamatlala,Limpopo,-23.7,29.033333,9
nokaymatlala,Nokaymatlala,Limpopo,-23.806155,29.012589,9
nong,Nong,Limpopo,-23.589862,28.575892,9
nonono,Nonono,Limpopo,-23.395459,28.906016,9
non-pareil,Non-Pareil,Limpopo,-23.865922,29.576361,9
northam,Northam,Limpopo,-24.957746,27.265432,9
northern flats,Northern Flats,Limpopo,-24.433333,29,9
noute,Noute,Limpopo,-23.816667,29.266667,9
nsama,Nsama,Limpopo,-23.266667,30.8,9
nshawu,Nshawu,Limpopo,-23.609516,31.469786,9
ntsapung,Ntsapung,Limpopo,-24.566667,30.516667,9
ntsima,Ntsima,Limpopo,-23.393695,29.017337,9
ntsintsing,Ntsintsing,Limpopo,-23.537315,28.784815,9
nwamitwa,Nwamitwa,Limpopo,-23.740418,30.401244,9
nwamitwalokasie,Nwamitwalokasie,Limpopo,-23.733333,30.383333,9
nwamitwaslokasie,Nwamitwaslokasie,Limpopo,-23.733333,30.383333,9
nylstroom,Nylstroom,Limpopo,-24.7,28.4,9
nzhelele,Nzhelele,Limpopo,-22.9,30.2,9
ofcolaco,Ofcolaco,Limpopo,-24.081576,30.395697,9
okkerneutboom,Okkerneutboom,Limpopo,-24.606399,31.120009,9
olifantshoek,Olifantshoek,Limpopo,-23.338177,30.275299,9
olyfberg,Olyfberg,Limpopo,-23.76546,29.957329,9
ons hoop,Ons Hoop,Limpopo,-23.566667,27.716667,9
onverwacht,Onverwacht,Limpopo,-23.691166,27.688281,9
oochock,Oochock,Limpopo,-23.625698,30.53482,9
oporto,Oporto,Limpopo,-22.671363,29.636986,9
orinoco,Orinoco,Limpopo,-24.76913,31.079188,9
ottensville,Ottensville,Limpopo,-24.766667,29.5,9
ouklip,Ouklip,Limpopo,-24.7,28.1,9
overysel,Overysel,Limpopo,-23.659973,28.160097,9
overyssel,Overyssel,Limpopo,-23.659973,28.160097,9
overyzel,Overyzel,Limpopo,-23.659973,28.160097,9
paardensoek,Paardensoek,Limpopo,-24.953022,29.497979,9
palabora,Palabora,Limpopo,-23.942987,31.141073,9
palala,Palala,Limpopo,-24.271707,28.513961,9
palmaryville,Palmaryville,Limpopo,-22.983627,30.43317,9
palmgrove,Palmgrove,Limpopo,-22.333333,30.2,9
palmietfontein,Palmietfontein,Limpopo,-23.534789,29.25572,9
papazela,Papazela,Limpopo,-23.058803,30.544254,9
patantswane,Patantswane,Limpopo,-24.928582,29.891569,9
patent,Patent,Limpopo,-23.95,29.983333,9
paxengwe,Paxengwe,Limpopo,-23.828468,29.136971,9
pelangwe,Pelangwe,Limpopo,-24.333333,29.783333,9
penge,Penge,Limpopo,-24.386888,30.288397,9
penge myn,Penge Myn,Limpopo,-24.386888,30.288397,9
peninghotsa,Peninghotsa,Limpopo,-23.025064,30.837379,9
perskebult,Perskebult,Limpopo,-23.799275,29.352273,9
phafula,Phafula,Limpopo,-23.572717,28.864102,9
phahla,Phahla,Limpopo,-24.550119,29.945761,9
phalaborwa,Phalaborwa,Limpopo,-23.942987,31.141073,9
phalakubeni,Phalakubeni,Limpopo,-23.559283,31.060045,9
phaswane,Phaswane,Limpopo,-22.8,30.75,9
phatsane,Phatsane,Limpopo,-23.939521,28.582619,9
phetole,Phetole,Limpopo,-23.809988,28.982136,9
phetwane,Phetwane,Limpopo,-24.760335,29.433811,9
phiring,Phiring,Limpopo,-24.503222,30.692942,9
phoffu,Phoffu,Limpopo,-23.802341,28.928904,9
phokwane,Phokwane,Limpopo,-24.869052,29.734263,9
pholotsi,Pholotsi,Limpopo,-24.038981,28.899361,9
phosiri,Phosiri,Limpopo,-24.365201,29.700483,9
photohlogwane,Photohlogwane,Limpopo,-24.916667,29.833333,9
phugwane,Phugwane,Limpopo,-22.978924,30.788214,9
phungwe,Phungwe,Limpopo,-24.694003,31.47575,9
pienaar's river,Pienaar's River,Limpopo,-25.204167,28.301111,9
pienaarsrivier,Pienaarsrivier,Limpopo,-25.204167,28.301111,9
pietersburg,Pietersburg,Limpopo,-23.904485,29.468851,9
pile,Pile,Limpopo,-22.769723,30.474627,9
pinkie,Pinkie,Limpopo,-23.527091,28.996505,9
pitsaneng,Pitsaneng,Limpopo,-24.632042,29.587375,9
pitshaneng,Pitshaneng,Limpopo,-24.632042,29.587375,9
platklip,Platklip,Limpopo,-24.9,29.683333,9
platreef,Platreef,Limpopo,-23.986657,28.908156,9
polokwane,Polokwane,Limpopo,-23.904485,29.468851,9
pony,Pony,Limpopo,-24.85,27.1,9
portugal,Portugal,Limpopo,-24.2,29.216667,9
potgietersrus,Potgietersrus,Limpopo,-24.201369,28.986761,9
potgietersrust,Potgietersrust,Limpopo,-24.201369,28.986761,9
poung,Poung,Limpopo,-24.366667,30.3,9
pruizen,Pruizen,Limpopo,-24.25,29.05,9
pudiyakgopa,Pudiyakgopa,Limpopo,-23.831589,28.7977,9
puleng,Puleng,Limpopo,-24.962721,29.515496,9
punda maliya,Punda Maliya,Limpopo,-22.692229,31.016564,9
punda maria,Punda Maria,Limpopo,-22.692229,31.016564,9
punda maria rest camp,Punda Maria Rest Camp,Limpopo,-22.692229,31.016564,9
punda maria-ruskamp,Punda Maria-ruskamp,Limpopo,-22.692229,31.016564,9
punda milia,Punda Milia,Limpopo,-22.692229,31.016564,9
quantock,Quantock,Limpopo,-23.739034,30.162126,9
radijoko,Radijoko,Limpopo,-24.931423,28.855862,9
radingwane,Radingwane,Limpopo,-24.566667,29.866667,9
radium,Radium,Limpopo,-25.086111,28.3125,9
ramabara's,Ramabara's,Limpopo,-23.716667,27.833333,9
ramabaras-kraal,Ramabaras-kraal,Limpopo,-23.716667,27.833333,9
ramakgaphola,Ramakgaphola,Limpopo,-23.75362,29.227201,9
ramatshowe,Ramatshowe,Limpopo,-23.485352,29.757626,9
rambuda,Rambuda,Limpopo,-22.797583,30.401727,9
ramogwerane,Ramogwerane,Limpopo,-25.015377,29.561272,9
ramokgopaslokasie,Ramokgopaslokasie,Limpopo,-23.5,29.816667,9
ramorake,Ramorake,Limpopo,-24.316672,29.679381,9
rankin's pass,Rankin's Pass,Limpopo,-24.530462,27.91263,9
raphahlelo,Raphahlelo,Limpopo,-23.371913,30.164558,9
rapitsi,Rapitsi,Limpopo,-23.58989,29.105173,9
raskhutuma,Raskhutuma,Limpopo,-23.266667,30.25,9
rathogwa,Rathogwa,Limpopo,-22.918876,30.255449,9
ratomba,Ratomba,Limpopo,-23.061072,30.169143,9
ratombo,Ratombo,Limpopo,-23.061072,30.169143,9
raymond estates,Raymond Estates,Limpopo,-24.433333,29.716667,9
rechtdaar,Rechtdaar,Limpopo,-23.333333,29.483333,9
regdaar,Regdaar,Limpopo,-23.333333,29.483333,9
regenoeg,Regenoeg,Limpopo,-24.083333,29.35,9
remander,Remander,Limpopo,-23.040438,30.365365,9
rembander,Rembander,Limpopo,-23.040438,30.365365,9
renosterfontein,Renosterfontein,Limpopo,-24.553582,27.906282,9
rhenosterfontein,Rhenosterfontein,Limpopo,-23.883818,28.426346,9
rhenosterkraal,Rhenosterkraal,Limpopo,-24.483333,26.983333,9
rhulani,Rhulani,Limpopo,-24.07901,30.322154,9
rietfontein,Rietfontein,Limpopo,-24.616667,30.55,9
rietvlei,Rietvlei,Limpopo,-23.078744,29.873923,9
rita,Rita,Limpopo,-23.633333,29.633333,9
rivierplaats,Rivierplaats,Limpopo,-23.244544,30.050873,9
rolle,Rolle,Limpopo,-24.713516,31.239858,9
ronaldsey,Ronaldsey,Limpopo,-24.921377,31.304166,9
rondedoorn,Rondedoorn,Limpopo,-24.411016,29.06609,9
rooiberg,Rooiberg,Limpopo,-24.777767,27.733369,9
rooibosbult,Rooibosbult,Limpopo,-24.153202,27.418477,9
rooifontein,Rooifontein,Limpopo,-24.633333,29.283333,9
rotterdam,Rotterdam,Limpopo,-23.402972,30.269933,9
royston,Royston,Limpopo,-22.842881,28.837792,9
runnymede,Runnymede,Limpopo,-23.655086,30.446739,9
rust de winter,Rust de Winter,Limpopo,-25.198611,28.609167,9
rustenburg,Rustenburg,Limpopo,-24.933333,27.15,9
salwana,Salwana,Limpopo,-23.683333,30.916667,9
sambandou,Sambandou,Limpopo,-22.738347,30.653045,9
sampse,Sampse,Limpopo,-24.316667,29.716667,9
sandbult,Sandbult,Limpopo,-23.683333,27.25,9
sandfontein,Sandfontein,Limpopo,-23.728268,29.121947,9
sawutini,Sawutini,Limpopo,-23.491245,31.064151,9
schiedam,Schiedam,Limpopo,-24.566667,28.85,9
schoemansdal,Schoemansdal,Limpopo,-23.017949,29.725516,9
schoonoord,Schoonoord,Limpopo,-24.752526,29.982786,9
scotch camp,Scotch Camp,Limpopo,-23.266667,30.533333,9
sebaeng,Sebaeng,Limpopo,-23.75,29.7,9
sebayeng,Sebayeng,Limpopo,-23.758265,29.667067,9
sebitielalokasie,Sebitielalokasie,Limpopo,-24.416667,29.383333,9
sebotane,Sebotane,Limpopo,-23.183333,28.833333,9
seema,Seema,Limpopo,-23.616667,28.933333,9
sefahlane,Sefahlane,Limpopo,-23.828236,29.102761,9
sefalaolo,Sefalaolo,Limpopo,-24.322646,29.62624,9
sefosetladi,Sefosetladi,Limpopo,-24.483333,30.466667,9
segoahleng,Segoahleng,Limpopo,-23.960101,29.104959,9
segole,Segole,Limpopo,-23.588338,28.66113,9
segondi,Segondi,Limpopo,-22.333333,30.633333,9
segop's location,Segop's Location,Limpopo,-23.633333,29.983333,9
segorong,Segorong,Limpopo,-24.388417,30.24719,9
segwasi,Segwasi,Limpopo,-23.903571,29.876274,9
sehlaku,Sehlaku,Limpopo,-24.604268,30.126553,9
sekakene,Sekakene,Limpopo,-23.453873,29.683439,9
sekgakgapeng,Sekgakgapeng,Limpopo,-23.57086,28.821456,9
sekgophokgophong,Sekgophokgophong,Limpopo,-24.429237,29.334969,9
sekgoposlokasie,Sekgoposlokasie,Limpopo,-23.633333,29.983333,9
sekhung,Sekhung,Limpopo,-23.145193,28.781645,9
sekhuswane,Sekhuswane,Limpopo,-24.71165,29.597877,9
sekoekoeni,Sekoekoeni,Limpopo,-24.752526,29.982786,9
sekopung,Sekopung,Limpopo,-24.466301,30.20544,9
sekororoslokasie,Sekororoslokasie,Limpopo,-24.25,30.383333,9
sekuruwe,Sekuruwe,Limpopo,-23.463273,29.206722,9
sekurwaneng,Sekurwaneng,Limpopo,-24.294166,29.567635,9
sekwala,Sekwala,Limpopo,-23.8,29.8,9
seleka,Seleka,Limpopo,-23.217703,27.905542,9
selwaneslokasie,Selwaneslokasie,Limpopo,-23.716667,30.916667,9
senator,Senator,Limpopo,-22.383333,30.233333,9
sending,Sending,Limpopo,-23.1,29.45,9
sengatane,Sengatane,Limpopo,-23.827677,29.291104,9
senita,Senita,Limpopo,-23.61114,28.503866,9
senthimula's location,Senthimula's Location,Limpopo,-23.110548,29.781559,9
sentrum,Sentrum,Limpopo,-24.262087,27.321792,9
seokodibeng,Seokodibeng,Limpopo,-24.346464,30.034866,9
sepanapudi,Sepanapudi,Limpopo,-23.833561,29.128864,9
sephaku,Sephaku,Limpopo,-25.022582,29.665196,9
sephaphaneng,Sephaphaneng,Limpopo,-24.1,30.333333,9
sepharene,Sepharene,Limpopo,-23.920804,28.769981,9
sepitsi,Sepitsi,Limpopo,-24.483333,29.566667,9
septimus,Septimus,Limpopo,-22.65,30.2,9
serageng,Serageng,Limpopo,-24.694012,29.449014,9
serala,Serala,Limpopo,-25.185833,28.144167,9
serare,Serare,Limpopo,-24.022282,30.250511,9
seriteng,Seriteng,Limpopo,-24.926536,29.552756,9
serokolo,Serokolo,Limpopo,-24.262125,29.842858,9
serolorolo,Serolorolo,Limpopo,-23.64329,30.485708,9
sesalong,Sesalong,Limpopo,-23.133836,28.898337,9
sesehu,Sesehu,Limpopo,-24.412441,29.747355,9
sesesehu,Sesesehu,Limpopo,-24.411832,29.759677,9
sesete,Sesete,Limpopo,-24.571,31.217746,9
seshego,Seshego,Limpopo,-23.846636,29.388017,9
seswikaneng,Seswikaneng,Limpopo,-24.429358,29.605977,9
setateng,Setateng,Limpopo,-23.568188,28.10495,9
sethonokgwa,Sethonokgwa,Limpopo,-22.583333,28.883333,9
setlaole,Setlaole,Limpopo,-23.386963,28.9562,9
setotolwane,Setotolwane,Limpopo,-23.851526,29.246039,9
settlers,Settlers,Limpopo,-24.95,28.533333,9
settlers pride,Settlers Pride,Limpopo,-24.45,28.166667,9
setuphulane,Setuphulane,Limpopo,-23.495171,28.697948,9
seville,Seville,Limpopo,-22.991572,30.210177,9
sewale,Sewale,Limpopo,-23.107839,29.03611,9
shakoleng,Shakoleng,Limpopo,-23.410241,29.121914,9
shewasaulu,Shewasaulu,Limpopo,-23.063044,30.345873,9
shikundu,Shikundu,Limpopo,-22.827438,30.817054,9
shilobane,Shilobane,Limpopo,-24.039699,30.272735,9
shilowa,Shilowa,Limpopo,-23.45,31.55,9
shiluvane,Shiluvane,Limpopo,-24.039699,30.272735,9
shingomeni,Shingomeni,Limpopo,-22.897057,31.403176,9
shingwedzi,Shingwedzi,Limpopo,-23.110033,31.435593,9
shingwedzi rest camp,Shingwedzi Rest Camp,Limpopo,-23.110033,31.435593,9
shingwidzi,Shingwidzi,Limpopo,-22.866667,30.783333,9
shingwidzi ruskamp,Shingwidzi Ruskamp,Limpopo,-23.110033,31.435593,9
shiphukuphuku,Shiphukuphuku,Limpopo,-23.15,30.583333,9
shirley,Shirley,Limpopo,-23.179436,30.08769,9
shitwi,Shitwi,Limpopo,-22.789672,30.163989,9
sibasa,Sibasa,Limpopo,-22.944382,30.469082,9
sigande,Sigande,Limpopo,-22.333333,30.633333,9
sigonde,Sigonde,Limpopo,-22.45,30.766667,9
silwana's location,Silwana's Location,Limpopo,-23.716667,30.916667,9
silwansslokasie,Silwansslokasie,Limpopo,-23.716667,30.916667,9
singapore,Singapore,Limpopo,-24.562326,29.315017,9
sinthumule,Sinthumule,Limpopo,-23.083333,29.766667,9
sinthumuleslokasie,Sinthumuleslokasie,Limpopo,-23.110548,29.781559,9
skeenshoek,Skeenshoek,Limpopo,-22.916667,29.05,9
skoonoord,Skoonoord,Limpopo,-24.752526,29.982786,9
skullpoint,Skullpoint,Limpopo,-22.55,30.183333,9
sodoma,Sodoma,Limpopo,-23.508695,28.732823,9
soekmekaar,Soekmekaar,Limpopo,-23.492459,29.942164,9
soetdorings,Soetdorings,Limpopo,-23.366667,29.4,9
soetvelde,Soetvelde,Limpopo,-24.726156,29.743045,9
solitude,Solitude,Limpopo,-22.533333,30.3,9
solomondale,Solomondale,Limpopo,-23.733333,29.65,9
somerset,Somerset,Limpopo,-24.914128,31.368749,9
spitskop,Spitskop,Limpopo,-25.016667,29.783333,9
stable,Stable,Limpopo,-23.133333,30.516667,9
steenbokpan,Steenbokpan,Limpopo,-23.69532,27.284107,9
steilloop bridge,Steilloop Bridge,Limpopo,-23.416318,28.623476,9
steilloopbrug,Steilloopbrug,Limpopo,-23.416318,28.623476,9
steillopbrug,Steillopbrug,Limpopo,-23.416318,28.623476,9
sterkfontein,Sterkfontein,Limpopo,-25.033333,29.6,9
sterkloop,Sterkloop,Limpopo,-23.812179,29.917093,9
sterkrivier,Sterkrivier,Limpopo,-24.157874,28.740054,9
stone edge,Stone Edge,Limpopo,-23.023566,29.897816,9
streatham,Streatham,Limpopo,-24.316667,30.283333,9
strydkraal,Strydkraal,Limpopo,-24.470017,29.713806,9
studholme,Studholme,Limpopo,-22.968531,29.969394,9
suid-holland,Suid-Holland,Limpopo,-23.890356,28.913758,9
sukani,Sukani,Limpopo,-23.316667,30.716667,9
sumsare,Sumsare,Limpopo,-23.187867,30.275624,9
sunningdale,Sunningdale,Limpopo,-24.350113,29.250726,9
suswe,Suswe,Limpopo,-23.875022,28.694269,9
swale,Swale,Limpopo,-24.461916,30.012904,9
swanepoelsrust,Swanepoelsrust,Limpopo,-24.566667,27.983333,9
swartklip,Swartklip,Limpopo,-24.936025,27.158381,9
swartkoplokasie,Swartkoplokasie,Limpopo,-24.7,30.166667,9
swartwater,Swartwater,Limpopo,-22.855711,28.201775,9
tafelkop,Tafelkop,Limpopo,-25.051572,29.502192,9
takalani,Takalani,Limpopo,-22.866667,30.583333,9
talane,Talane,Limpopo,-25.019835,29.794119,9
taung,Taung,Limpopo,-23.711237,29.067664,9
terveen,Terveen,Limpopo,-22.8842,28.980421,9
thabakgone,Thabakgone,Limpopo,-23.913776,29.808695,9
thabaleboto,Thabaleboto,Limpopo,-25.036187,29.718217,9
thabamoopo,Thabamoopo,Limpopo,-24.283333,29.533333,9
thabanapitsi,Thabanapitsi,Limpopo,-24.616667,29.5,9
thabaneng,Thabaneng,Limpopo,-24.456087,29.49049,9
thabantsho,Thabantsho,Limpopo,-24.383333,30.05,9
thabazimbi,Thabazimbi,Limpopo,-24.59165,27.411551,9
thabina,Thabina,Limpopo,-23.966667,30.283333,9
thalahane,Thalahane,Limpopo,-23.128441,28.970891,9
thamagane,Thamagane,Limpopo,-24.388135,29.528053,9
the carousel,The Carousel,Limpopo,-25.305278,28.305556,9
the carousel entertainment centre,The Carousel Entertainment Centre,Limpopo,-25.305278,28.305556,9
thengwe,Thengwe,Limpopo,-22.717479,30.552905,9
theunispan,Theunispan,Limpopo,-23.705301,27.267883,9
thohoyandou,Thohoyandou,Limpopo,-22.945642,30.484972,9
tholo-mosilone,Tholo-Mosilone,Limpopo,-24.9,29.866667,9
tholongwe,Tholongwe,Limpopo,-23.965482,29.692782,9
thomo,Thomo,Limpopo,-23.243008,30.794225,9
thorndale,Thorndale,Limpopo,-23.55,29.666667,9
thulamahashi,Thulamahashi,Limpopo,-24.724589,31.199389,9
thulani,Thulani,Limpopo,-24.638471,31.412371,9
thune,Thune,Limpopo,-23.870047,29.836025,9
thupi,Thupi,Limpopo,-24.033333,28.983333,9
thusano,Thusano,Limpopo,-22.916667,29.016667,9
thutlane,Thutlane,Limpopo,-23.786555,28.654762,9
tibane,Tibane,Limpopo,-23.641568,29.012791,9
tibanefontein,Tibanefontein,Limpopo,-23.641568,29.012791,9
ticvo tavo,Ticvo Tavo,Limpopo,-23.65,28.9,9
tiekiedraai,Tiekiedraai,Limpopo,-24.449998,29.741945,9
tinmyne,Tinmyne,Limpopo,-24.035718,28.774971,9
tlhavekisa,Tlhavekisa,Limpopo,-24.623485,31.37635,9
tlhogoyanku,Tlhogoyanku,Limpopo,-23.571634,28.842766,9
tlhonasedimong,Tlhonasedimong,Limpopo,-22.896629,28.783128,9
toekoms,Toekoms,Limpopo,-23.100873,29.888373,9
toeppie bus halt,Toeppie Bus Halt,Limpopo,-24.033333,28.983333,9
tokio,Tokio,Limpopo,-22.483333,28.916667,9
tolwe,Tolwe,Limpopo,-23.002218,28.564206,9
tom,Tom,Limpopo,-23.183333,30.583333,9
tom burke,Tom Burke,Limpopo,-23.069888,27.99721,9
tonash,Tonash,Limpopo,-22.783135,28.746785,9
tooseng,Tooseng,Limpopo,-24.446883,29.561456,9
toroponje ntsho,Toroponje Ntsho,Limpopo,-24.112585,29.57713,9
tours,Tours,Limpopo,-24.1,30.283333,9
trascate,Trascate,Limpopo,-24.792578,29.166132,9
treves,Treves,Limpopo,-23.489306,28.796805,9
trichardtsdal,Trichardtsdal,Limpopo,-24.16953,30.400634,9
troosmy,Troosmy,Limpopo,-23.714951,29.896614,9
tsao,Tsao,Limpopo,-24.5,30.15,9
tsende,Tsende,Limpopo,-23.529019,31.403914,9
tshabya,Tshabya,Limpopo,-22.8,30.416667,9
tshakhuma,Tshakhuma,Limpopo,-23.05,30.3,9
tshakoma,Tshakoma,Limpopo,-23.05,30.3,9
tshamahansi,Tshamahansi,Limpopo,-24.082279,28.981055,9
tshamulongwe,Tshamulongwe,Limpopo,-22.738892,30.40756,9
tshandama,Tshandama,Limpopo,-22.717404,30.610177,9
tshate,Tshate,Limpopo,-24.510298,30.019664,9
tshaula,Tshaula,Limpopo,-22.800717,30.747686,9
tshaula mission,Tshaula Mission,Limpopo,-22.800717,30.747686,9
tshaulu,Tshaulu,Limpopo,-22.800717,30.747686,9
tshebeng,Tshebeng,Limpopo,-23.813625,29.272607,9
tshenzhelani,Tshenzhelani,Limpopo,-22.389162,30.823482,9
tshianzwani,Tshianzwani,Limpopo,-22.902177,30.685182,9
tshiavha,Tshiavha,Limpopo,-22.830508,30.306502,9
tshifudi,Tshifudi,Limpopo,-22.817254,30.699213,9
tshiheni,Tshiheni,Limpopo,-22.879461,30.272239,9
tshikhwani,Tshikhwani,Limpopo,-23.135345,29.793074,9
tshikonelo,Tshikonelo,Limpopo,-22.880441,30.72867,9
tshikundu,Tshikundu,Limpopo,-22.902679,30.726578,9
tshikuyu,Tshikuyu,Limpopo,-22.416112,30.947274,9
tshikwarani,Tshikwarani,Limpopo,-23.061896,29.628024,9
tshilapfene,Tshilapfene,Limpopo,-22.854971,30.429323,9
tshimbupfe,Tshimbupfe,Limpopo,-23.166667,30.483333,9
tshino,Tshino,Limpopo,-23.113503,30.406441,9
tshiozwi,Tshiozwi,Limpopo,-23.084941,29.791731,9
tshipise,Tshipise,Limpopo,-22.607041,30.172015,9
tshirolwe,Tshirolwe,Limpopo,-22.904897,30.007335,9
tshishiru,Tshishiru,Limpopo,-22.7,30.266667,9
tshiswenda,Tshiswenda,Limpopo,-22.922004,30.0714,9
tshitavha,Tshitavha,Limpopo,-22.960545,30.196316,9
tshithotholwe,Tshithotholwe,Limpopo,-22.825752,30.631992,9
tshituni,Tshituni,Limpopo,-22.876967,30.059037,9
tshitwi,Tshitwi,Limpopo,-22.789672,30.163989,9
tshivangani,Tshivangani,Limpopo,-23.182858,30.436517,9
tshivumbe,Tshivumbe,Limpopo,-22.976353,30.394259,9
tshware,Tshware,Limpopo,-23.867564,29.797306,9
tshweneslokasie,Tshweneslokasie,Limpopo,-24.183333,29.5,9
tsidintsing,Tsidintsing,Limpopo,-24.340169,30.053204,9
tsimanyane,Tsimanyane,Limpopo,-24.830529,29.510895,9
tskani,Tskani,Limpopo,-23.266667,30.1,9
tsola metse,Tsola Metse,Limpopo,-23.189128,28.87272,9
tswaing,Tswaing,Limpopo,-24.336406,29.733717,9
tswatago,Tswatago,Limpopo,-24.666667,29.466667,9
tswatsane,Tswatsane,Limpopo,-23.185584,29.072645,9
tswenyane,Tswenyane,Limpopo,-24.47485,30.608841,9
tswera,Tswera,Limpopo,-22.76353,30.606099,9
tswinga,Tswinga,Limpopo,-23.016667,30.483333,9
tuinplaas,Tuinplaas,Limpopo,-24.9,28.733333,9
tuissenek,Tuissenek,Limpopo,-24.066667,28.233333,9
tweetstroom,Tweetstroom,Limpopo,-24.426278,28.107793,9
twinvallei,Twinvallei,Limpopo,-24.3,29.15,9
two rivers estate,Two Rivers Estate,Limpopo,-24.2,26.883333,9
twyfelaar,Twyfelaar,Limpopo,-24.533333,30.166667,9
tzaneen,Tzaneen,Limpopo,-23.833222,30.163506,9
uitkyk,Uitkyk,Limpopo,-23.05,29.966667,9
uitsig,Uitsig,Limpopo,-23.134853,29.883901,9
uitspan,Uitspan,Limpopo,-23.645694,28.862888,9
uitual,Uitual,Limpopo,-24.066667,29.666667,9
uitval,Uitval,Limpopo,-24.066667,29.666667,9
uitzicht,Uitzicht,Limpopo,-23.511688,28.66579,9
umbatho,Umbatho,Limpopo,-23.083333,30.666667,9
uniepark,Uniepark,Limpopo,-23.937168,29.472788,9
upper shingwidzi,Upper Shingwidzi,Limpopo,-23.183333,31.15,9
usutu,Usutu,Limpopo,-22.568201,28.585033,9
utlha,Utlha,Limpopo,-24.702312,31.44154,9
utsane,Utsane,Limpopo,-23.92416,29.166008,9
vaalboschlaagte,Vaalboschlaagte,Limpopo,-24.333333,29.566667,9
vaalkrans,Vaalkrans,Limpopo,-23.675463,30.041879,9
vaalwater,Vaalwater,Limpopo,-24.166667,28.1,9
valencia,Valencia,Limpopo,-23.870114,30.277184,9
valencia estate,Valencia Estate,Limpopo,-23.870114,30.277184,9
van alphens viei,Van Alphens Viei,Limpopo,-24.433333,28.666667,9
van der merwes kraal,Van der Merwes Kraal,Limpopo,-24.666667,29.45,9
veekraal,Veekraal,Limpopo,-23.902418,29.906405,9
veeplaats,Veeplaats,Limpopo,-24.516667,29.6,9
vendaland,Vendaland,Limpopo,-22.966667,30.583333,9
verbrandehoek,Verbrandehoek,Limpopo,-23.879112,29.900656,9
verlief,Verlief,Limpopo,-23.516667,30.116667,9
vetfontein,Vetfontein,Limpopo,-22.788545,29.42024,9
vhutandabos,Vhutandabos,Limpopo,-22.933333,30.333333,9
vila nora,Vila Nora,Limpopo,-23.576358,28.090643,9
villa nora,Villa Nora,Limpopo,-23.528786,28.12595,9
vivo,Vivo,Limpopo,-23.044213,29.278819,9
vlakfontein,Vlakfontein,Limpopo,-25.066667,29.666667,9
volop,Volop,Limpopo,-24.433333,29.316667,9
vongane,Vongane,Limpopo,-23.183333,30.316667,9
voorreg,Voorreg,Limpopo,-24.916667,29.05,9
voortrekkerspos,Voortrekkerspos,Limpopo,-24.2,27.016667,9
vrischgewaagd,Vrischgewaagd,Limpopo,-25.016667,29.65,9
vygeboomdrift,Vygeboomdrift,Limpopo,-23.183333,30.416667,9
wag 'n bietjie draai,Wag 'n Bietjie Draai,Limpopo,-24.670093,27.408865,9
wagendrift,Wagendrift,Limpopo,-23.461522,29.654712,9
wamondolokasie,Wamondolokasie,Limpopo,-23.01076,30.372539,9
warmbad,Warmbad,Limpopo,-24.883333,28.283333,9
warmbaths,Warmbaths,Limpopo,-24.883333,28.283333,9
waterpoort,Waterpoort,Limpopo,-22.901427,29.627022,9
waterval,Waterval,Limpopo,-24.097292,29.300889,9
weighton,Weighton,Limpopo,-23.950426,29.935792,9
welbeloond,Welbeloond,Limpopo,-23.85,30.383333,9
welkom,Welkom,Limpopo,-24.431554,29.162905,9
weltevrede,Weltevrede,Limpopo,-23.124694,29.888295,9
weltevreden,Weltevreden,Limpopo,-23.626078,28.853399,9
welverdiend,Welverdiend,Limpopo,-24.580072,31.325592,9
windhoek,Windhoek,Limpopo,-24.416667,30.033333,9
winterhoek,Winterhoek,Limpopo,-23.160013,28.464401,9
wisane,Wisane,Limpopo,-24.745763,31.233805,9
witkoppies,Witkoppies,Limpopo,-24.733333,28.683333,9
wolkberg,Wolkberg,Limpopo,-24.033333,29.816667,9
wolwefontein,Wolwefontein,Limpopo,-24.339944,28.14852,9
worcester,Worcester,Limpopo,-24.294208,30.563339,9
woudend,Woudend,Limpopo,-23.300665,27.739452,9
wyllie's poort,Wyllie's Poort,Limpopo,-22.9,29.933333,9
xanthia,Xanthia,Limpopo,-24.834287,31.14858,9
xaswita,Xaswita,Limpopo,-22.942346,30.825953,9
youngusuto,Youngusuto,Limpopo,-22.568201,28.585033,9
youngusutu,Youngusutu,Limpopo,-22.568201,28.585033,9
yskor,Yskor,Limpopo,-24.616667,27.4,9
zakeni,Zakeni,Limpopo,-23.266667,30.616667,9
zandbult,Zandbult,Limpopo,-23.683333,27.25,9
zandfontein,Zandfontein,Limpopo,-23.728268,29.121947,9
zebediela,Zebediela,Limpopo,-24.298378,29.25147,9
zebediela estates,Zebediela Estates,Limpopo,-24.3,29.25,9
zebedielas location,Zebedielas Location,Limpopo,-24.416667,29.383333,9
zending,Zending,Limpopo,-23.1,29.45,9
zoekmakaar,Zoekmakaar,Limpopo,-23.492459,29.942164,9
zoekmekaar,Zoekmekaar,Limpopo,-23.492459,29.942164,9
zoetdoorns,Zoetdoorns,Limpopo,-23.366667,29.4,9
zoetevelden,Zoetevelden,Limpopo,-24.726156,29.743045,9
zoetkopjes,Zoetkopjes,Limpopo,-24.641921,28.971751,9
zoetvelden,Zoetvelden,Limpopo,-24.726156,29.743045,9
zwaartkop native location,Zwaartkop Native Location,Limpopo,-24.7,30.166667,9
zwartkop,Zwartkop,Limpopo,-24.783333,27.283333,9
aangewysd,Aangewysd,Mpumalanga,-26.290828,29.275429,7
aankomst,Aankomst,Mpumalanga,-26.98796,29.739675,7
alexandria,Alexandria,Mpumalanga,-24.960931,31.166171,7
alkmaar,Alkmaar,Mpumalanga,-25.456452,30.840375,7
allemansdrif,Allemansdrif,Mpumalanga,-25.11399,28.909493,7
alpha,Alpha,Mpumalanga,-26.8,29.383333,7
amersfoort,Amersfoort,Mpumalanga,-26.983333,28.85,7
amsterdam,Amsterdam,Mpumalanga,-26.627838,30.666324,7
anysspruit,Anysspruit,Mpumalanga,-27.033333,31.616667,7
aoos senekal,Aoos Senekal,Mpumalanga,-25.193111,29.925436,7
armburg,Armburg,Mpumalanga,-26.048599,30.836824,7
arnot,Arnot,Mpumalanga,-25.945821,29.806927,7
arthur's seat,Arthur's Seat,Mpumalanga,-24.650757,31.022474,7
aspley,Aspley,Mpumalanga,-26.779722,29.070274,7
augsburg,Augsburg,Mpumalanga,-27.296818,30.91628,7
badfontein,Badfontein,Mpumalanga,-25.347976,30.360542,7
badplaas,Badplaas,Mpumalanga,-25.954142,30.562702,7
badplaats,Badplaats,Mpumalanga,-25.954142,30.562702,7
badsfontein,Badsfontein,Mpumalanga,-25.347976,30.360542,7
balfour,Balfour,Mpumalanga,-26.663308,28.590159,7
balfour north,Balfour North,Mpumalanga,-26.65,28.6,7
balfour-noord,Balfour-Noord,Mpumalanga,-26.65,28.6,7
balmoral,Balmoral,Mpumalanga,-25.861196,28.97551,7
bambi,Bambi,Mpumalanga,-25.503872,30.363442,7
bamokgoko,Bamokgoko,Mpumalanga,-25.103889,28.521944,7
barberton,Barberton,Mpumalanga,-25.788422,31.053194,7
barclay vale,Barclay Vale,Mpumalanga,-25.427412,30.7547,7
barclays vale,Barclays Vale,Mpumalanga,-25.427412,30.7547,7
barretts,Barretts,Mpumalanga,-25.55,30.733333,7
barvale,Barvale,Mpumalanga,-25.428061,30.743366,7
bekkersrust,Bekkersrust,Mpumalanga,-26.533333,29.616667,7
belfast,Belfast,Mpumalanga,-25.689911,30.035043,7
benella,Benella,Mpumalanga,-25.983333,29.2,7
berbice,Berbice,Mpumalanga,-27.209985,31.155193,7
bethal,Bethal,Mpumalanga,-26.426373,29.468704,7
bethal east,Bethal East,Mpumalanga,-26.433339,29.481002,7
bethalrand,Bethalrand,Mpumalanga,-26.426373,29.468704,7
blesbok,Blesbok,Mpumalanga,-26,29.45,7
blesboklaagte,Blesboklaagte,Mpumalanga,-26.116667,29.166667,7
blinkpan,Blinkpan,Mpumalanga,-26.08266,29.433143,7
bloedfontein,Bloedfontein,Mpumalanga,-25.05,28.916667,7
blyde,Blyde,Mpumalanga,-24.85,30.833333,7
blydebos,Blydebos,Mpumalanga,-24.85,30.833333,7
bob,Bob,Mpumalanga,-25.411785,31.968602,7
boekenhouthoek,Boekenhouthoek,Mpumalanga,-25.307293,29.017725,7
boerboomskraal,Boerboomskraal,Mpumalanga,-24.816136,30.356879,7
bojwana,Bojwana,Mpumalanga,-25.147768,31.15968,7
bongani,Bongani,Mpumalanga,-25.090359,31.126019,7
boomplaas,Boomplaas,Mpumalanga,-26.253144,29.888227,7
bosbokrand,Bosbokrand,Mpumalanga,-24.835987,31.067183,7
boschfontein,Boschfontein,Mpumalanga,-25.101023,30.248202,7
boschjeskop,Boschjeskop,Mpumalanga,-25.344228,30.867918,7
boschkloof,Boschkloof,Mpumalanga,-25.609632,29.233452,7
boschrand,Boschrand,Mpumalanga,-25.417363,30.956952,7
bosfontein,Bosfontein,Mpumalanga,-25.742372,31.617981,7
boshalte,Boshalte,Mpumalanga,-25.383556,30.530289,7
boskrans,Boskrans,Mpumalanga,-26.241762,29.378226,7
bosmanspan,Bosmanspan,Mpumalanga,-26.097841,29.708401,7
bothasberg,Bothasberg,Mpumalanga,-25.452057,29.780132,7
botsabelo,Botsabelo,Mpumalanga,-25.701243,29.416724,7
botshabelo,Botshabelo,Mpumalanga,-25.701243,29.416724,7
bourke,Bourke,Mpumalanga,-25.188333,28.378333,7
bovenvallei,Bovenvallei,Mpumalanga,-27.116667,31.266667,7
brakfontein,Brakfontein,Mpumalanga,-25.323104,29.611542,7
braybank,Braybank,Mpumalanga,-25.983333,29.566667,7
brendan village,Brendan Village,Mpumalanga,-26.498061,29.041789,7
brereton,Brereton,Mpumalanga,-26.933333,30.433333,7
brereton park,Brereton Park,Mpumalanga,-26.94504,30.46886,7
breyten,Breyten,Mpumalanga,-26.301761,29.986961,7
breyton,Breyton,Mpumalanga,-26.301761,29.986961,7
broham,Broham,Mpumalanga,-25.449539,30.871854,7
bromfield,Bromfield,Mpumalanga,-26.866463,29.469743,7
broodsnyersplaas,Broodsnyersplaas,Mpumalanga,-26.057549,29.486119,7
buffelspruit,Buffelspruit,Mpumalanga,-25.659161,31.520128,7
buffelsvlei,Buffelsvlei,Mpumalanga,-24.816136,30.356879,7
bulpan,Bulpan,Mpumalanga,-25.75,29.1,7
bultfontein,Bultfontein,Mpumalanga,-25.116667,28.566667,7
burgersfort,Burgersfort,Mpumalanga,-24.675538,30.328771,7
bushbuckridge,Bushbuckridge,Mpumalanga,-24.835987,31.067183,7
bushman rock,Bushman Rock,Mpumalanga,-25.231145,31.082763,7
bushman's rock,Bushman's Rock,Mpumalanga,-25.231145,31.082763,7
cairnleith,Cairnleith,Mpumalanga,-26.683333,28.65,7
calcutta,Calcutta,Mpumalanga,-24.983169,31.234855,7
camden,Camden,Mpumalanga,-26.600703,30.089332,7
camp,Camp,Mpumalanga,-25.183333,29.366667,7
carlchew,Carlchew,Mpumalanga,-26.233333,30,7
carolina,Carolina,Mpumalanga,-26.069274,30.114888,7
casteel,Casteel,Mpumalanga,-24.723059,31.028862,7
cedarmont,Cedarmont,Mpumalanga,-26.816667,29,7
charl celliers,Charl Celliers,Mpumalanga,-26.660554,29.185658,7
charl cilliers,Charl Cilliers,Mpumalanga,-26.660554,29.185658,7
chochocho,Chochocho,Mpumalanga,-24.69662,31.113821,7
chrissiemeer,Chrissiemeer,Mpumalanga,-26.279535,30.213695,7
chrissiesmeer,Chrissiesmeer,Mpumalanga,-26.279535,30.213695,7
clarence,Clarence,Mpumalanga,-26.257243,30.667463,7
clewer,Clewer,Mpumalanga,-25.907445,29.134374,7
coalfields,Coalfields,Mpumalanga,-26.216667,30.033333,7
coalville,Coalville,Mpumalanga,-26.030954,29.170053,7
cobalt,Cobalt,Mpumalanga,-25.366667,29.483333,7
cobalt mine,Cobalt Mine,Mpumalanga,-25.366667,29.483333,7
coefzeestrom,Coefzeestrom,Mpumalanga,-25.616667,30.716667,7
coetzees stroom forestry settlement,Coetzees Stroom Forestry Settlement,Mpumalanga,-25.616667,30.716667,7
coetzeestroom,Coetzeestroom,Mpumalanga,-25.616667,30.716667,7
coetzeestroom bosbounedersetting,Coetzeestroom Bosbounedersetting,Mpumalanga,-25.616667,30.716667,7
commondale,Commondale,Mpumalanga,-27.2941,30.898852,7
compound,Compound,Mpumalanga,-25.533333,31.933333,7
coromandel,Coromandel,Mpumalanga,-25.233333,30.35,7
crestlands,Crestlands,Mpumalanga,-26.596464,28.687035,7
crocodile valley estates,Crocodile Valley Estates,Mpumalanga,-25.473558,31.018905,7
crossroads,Crossroads,Mpumalanga,-25.611219,30.27647,7
daantjielokasie,Daantjielokasie,Mpumalanga,-25.427827,31.200323,7
dam wall,Dam Wall,Mpumalanga,-25.40439,29.367244,7
damwal,Damwal,Mpumalanga,-25.40439,29.367244,7
darling,Darling,Mpumalanga,-27.003489,29.318922,7
davel,Davel,Mpumalanga,-26.444775,29.665373,7
de hoop,De Hoop,Mpumalanga,-24.968224,29.941682,7
de kraalen,De Kraalen,Mpumalanga,-27.118554,30.887255,7
delmas,Delmas,Mpumalanga,-26.146601,28.683222,7
dennilton,Dennilton,Mpumalanga,-25.282092,29.153314,7
die bad,Die Bad,Mpumalanga,-25.954142,30.562702,7
die brug,Die Brug,Mpumalanga,-24.366667,31.9,7
die winkler,Die Winkler,Mpumalanga,-25.283333,31.05,7
diepfontein,Diepfontein,Mpumalanga,-26.327453,29.511559,7
dihekeng,Dihekeng,Mpumalanga,-25.066473,28.773152,7
dikgale,Dikgale,Mpumalanga,-25.205,28.918611,7
dikgwale,Dikgwale,Mpumalanga,-25.205,28.918611,7
dirkiesdorp,Dirkiesdorp,Mpumalanga,-27.174447,30.404764,7
disa estates,Disa Estates,Mpumalanga,-25.63306,31.672186,7
ditllhagane,Ditllhagane,Mpumalanga,-24.955656,28.843628,7
dixie,Dixie,Mpumalanga,-25.698443,31.036138,7
dollaas village,Dollaas Village,Mpumalanga,-25.383333,30.7,7
dollaaskraal,Dollaaskraal,Mpumalanga,-25.383333,30.7,7
donnelly,Donnelly,Mpumalanga,-26.719186,28.975629,7
doornkop,Doornkop,Mpumalanga,-25.186961,30.469023,7
dorpsplaas,Dorpsplaas,Mpumalanga,-26.717327,29.849371,7
douglas,Douglas,Mpumalanga,-26.028172,29.368178,7
draaikraal,Draaikraal,Mpumalanga,-25.219922,30.035373,7
draasloot,Draasloot,Mpumalanga,-24.585701,30.632228,7
driefontein,Driefontein,Mpumalanga,-26.977739,30.454877,7
driekoppies,Driekoppies,Mpumalanga,-25.697762,31.564001,7
dudu,Dudu,Mpumalanga,-25.036276,31.079963,7
dullstroom,Dullstroom,Mpumalanga,-25.416717,30.106092,7
dunoran,Dunoran,Mpumalanga,-26.863866,29.159402,7
duvhapark,Duvhapark,Mpumalanga,-25.9,29.233333,7
dwaleni,Dwaleni,Mpumalanga,-25.359748,31.100322,7
dwarsfontein,Dwarsfontein,Mpumalanga,-26.033275,28.794789,7
dzuweni,Dzuweni,Mpumalanga,-25.344881,31.945487,7
eendrag,Eendrag,Mpumalanga,-26.378601,28.884716,7
eensaamheid,Eensaamheid,Mpumalanga,-25.886821,28.965413,7
elandsdoorn,Elandsdoorn,Mpumalanga,-25.282434,29.193778,7
elandshoek,Elandshoek,Mpumalanga,-25.498513,30.711886,7
elegogoto,eLegogoto,Mpumalanga,-25.185815,31.101209,7
ellisdale,Ellisdale,Mpumalanga,-26.768071,28.82875,7
eloff,Eloff,Mpumalanga,-26.166187,28.607043,7
elundi,eLundi,Mpumalanga,-25.218092,31.113888,7
emahusha,eMahusha,Mpumalanga,-25.133061,31.123788,7
emakoko,eMakoko,Mpumalanga,-25.229487,31.214371,7
emanzini,eManzini,Mpumalanga,-25.176108,31.137755,7
embalenhle,eMbalenhle,Mpumalanga,-26.533333,29.066667,7
empumalanga,eMpumalanga,Mpumalanga,-25.306703,31.099716,7
emzinoni,eMzinoni,Mpumalanga,-26.491682,29.435836,7
endhlazana,Endhlazana,Mpumalanga,-26.816667,30.883333,7
endicott,Endicott,Mpumalanga,-26.301721,28.57481,7
engcobaneni,eNgcobaneni,Mpumalanga,-25.192753,31.152048,7
enhlozana,Enhlozana,Mpumalanga,-26.816667,30.883333,7
enon,Enon,Mpumalanga,-27.000602,29.939043,7
entre nous,Entre Nous,Mpumalanga,-25.616667,30.883333,7
enumbi,eNumbi,Mpumalanga,-25.129399,31.167186,7
enyalungu,eNyalungu,Mpumalanga,-25.378934,31.148755,7
enyamazaneni,eNyamazaneni,Mpumalanga,-25.425805,31.177283,7
ermelo,Ermelo,Mpumalanga,-26.533333,29.983333,7
estancia,Estancia,Mpumalanga,-26.333333,29.866667,7
evander,Evander,Mpumalanga,-26.470556,29.109733,7
evercasen,Evercasen,Mpumalanga,-26.766667,30.7,7
evergreen,Evergreen,Mpumalanga,-26.766667,30.7,7
excelsior,Excelsior,Mpumalanga,-25.835782,30.52682,7
exeter,Exeter,Mpumalanga,-24.742024,31.344199,7
faith hill estates,Faith Hill Estates,Mpumalanga,-26.327633,29.3825,7
ferrobank,Ferrobank,Mpumalanga,-25.85922,29.171776,7
ferrobank industrial township,Ferrobank Industrial Township,Mpumalanga,-25.85922,29.171776,7
figtree,Figtree,Mpumalanga,-25.819522,31.830387,7
frenchbobs,Frenchbobs,Mpumalanga,-25.716667,31.283333,7
frenchbobs store,Frenchbobs Store,Mpumalanga,-25.716667,31.283333,7
ga-boelang,Ga-Boelang,Mpumalanga,-24.598516,30.968182,7
ga-botha,Ga-Botha,Mpumalanga,-24.933333,28.983333,7
ga-malekana,Ga-Malekana,Mpumalanga,-24.886876,30.002087,7
ga-mapogo,Ga-Mapogo,Mpumalanga,-25.1,29,7
ga-maria,Ga-Maria,Mpumalanga,-24.970768,28.875822,7
ga-matimpule,Ga-Matimpule,Mpumalanga,-25.059836,28.808301,7
ga-maubane,Ga-Maubane,Mpumalanga,-24.966667,28.7,7
ga-ramantshane,Ga-Ramantshane,Mpumalanga,-25.016667,28.7,7
ga-sekubu,Ga-Sekubu,Mpumalanga,-24.925362,30.761183,7
gatehouse,Gatehouse,Mpumalanga,-25.233333,31.066667,7
ga-tshwene,Ga-Tshwene,Mpumalanga,-25.233796,31.150409,7
gemsbokhoek,Gemsbokhoek,Mpumalanga,-25.841877,30.393206,7
gentsepan,Gentsepan,Mpumalanga,-25.016667,28.7,7
gert zyn pan,Gert Zyn Pan,Mpumalanga,-25.016667,28.7,7
gertsepan,Gertsepan,Mpumalanga,-25.016667,28.7,7
glenmarsh,Glenmarsh,Mpumalanga,-26.870353,29.139705,7
goededacht,Goededacht,Mpumalanga,-26.12732,28.729508,7
goedehoop,Goedehoop,Mpumalanga,-26.133778,29.843579,7
goedewil,Goedewil,Mpumalanga,-25.416667,30.316667,7
goedewill,Goedewill,Mpumalanga,-25.416667,30.316667,7
goedhoop,Goedhoop,Mpumalanga,-26.590349,29.811438,7
good luck,Good Luck,Mpumalanga,-25.582371,31.865653,7
gqweta,Gqweta,Mpumalanga,-24.909926,31.039323,7
graskop,Graskop,Mpumalanga,-24.931442,30.841908,7
green valley,Green Valley,Mpumalanga,-24.598522,31.021159,7
greylingstad,Greylingstad,Mpumalanga,-26.744627,28.744426,7
groblersdal,Groblersdal,Mpumalanga,-25.168434,29.394123,7
groot drakenstein,Groot Drakenstein,Mpumalanga,-26.05,29.683333,7
grootgewaagd,Grootgewaagd,Mpumalanga,-26.661048,29.859672,7
grootpan,Grootpan,Mpumalanga,-25.917957,29.928743,7
grootspruit,Grootspruit,Mpumalanga,-27.033333,30.433333,7
grootvlei,Grootvlei,Mpumalanga,-26.762469,28.483823,7
guthrie,Guthrie,Mpumalanga,-25.6,30.933333,7
gutshwa,Gutshwa,Mpumalanga,-25.266667,31.2,7
gutshwe,Gutshwe,Mpumalanga,-25.299952,31.147185,7
gweta,Gweta,Mpumalanga,-24.909926,31.039323,7
haakdoorndraai,Haakdoorndraai,Mpumalanga,-25.187978,29.565522,7
haakdoringdraai,Haakdoringdraai,Mpumalanga,-25.187978,29.565522,7
hanover,Hanover,Mpumalanga,-26.797338,29.777589,7
hanslaagte,Hanslaagte,Mpumalanga,-24.933333,30.2,7
hartbeesfontein,Hartbeesfontein,Mpumalanga,-26.918545,29.676599,7
hartebeeskop,Hartebeeskop,Mpumalanga,-26.183333,30.933333,7
hartebeestkop,Hartebeestkop,Mpumalanga,-26.183333,30.933333,7
hartebeestspruit,Hartebeestspruit,Mpumalanga,-26.7,30.15,7
hartelus,Hartelus,Mpumalanga,-25.266667,29.833333,7
hazyview,Hazyview,Mpumalanga,-25.043983,31.12767,7
hectorspruit,Hectorspruit,Mpumalanga,-25.441146,31.68382,7
helvetia north,Helvetia North,Mpumalanga,-25.573916,30.296101,7
helvetia-noord,Helvetia-Noord,Mpumalanga,-25.573916,30.296101,7
hendrina,Hendrina,Mpumalanga,-26.158806,29.715284,7
hendrinakrag,Hendrinakrag,Mpumalanga,-26.016667,29.6,7
herbstfontein,Herbstfontein,Mpumalanga,-26.837863,28.713799,7
highlands,Highlands,Mpumalanga,-25.816667,31.15,7
hillsowen,Hillsowen,Mpumalanga,-25.59947,31.168329,7
hlauhlau,Hlauhlau,Mpumalanga,-25.369375,31.173505,7
hoekraal,Hoëkraal,Mpumalanga,-26.760324,29.462465,7
holnek,Holnek,Mpumalanga,-25.677144,31.366322,7
homestead,Homestead,Mpumalanga,-25.716667,31.55,7
honeybird,Honeybird,Mpumalanga,-25.66035,31.246429,7
hoogekraal,Hoogekraal,Mpumalanga,-26.760324,29.462465,7
hydro,Hydro,Mpumalanga,-25.65,30.183333,7
hydro hotel,Hydro Hotel,Mpumalanga,-25.65,30.183333,7
ivaura estates,Ivaura Estates,Mpumalanga,-25.554123,31.621387,7
jantjieshoek,Jantjieshoek,Mpumalanga,-27.25,30.2,7
jeppe's reef,Jeppe's Reef,Mpumalanga,-25.721974,31.471874,7
jonkerville,Jonkerville,Mpumalanga,-26.133333,29.716667,7
kaapmuiden,Kaapmuiden,Mpumalanga,-25.533947,31.332158,7
kaapschehoop,Kaapschehoop,Mpumalanga,-25.590448,30.767619,7
kaapsehoop,Kaapsehoop,Mpumalanga,-25.590448,30.767619,7
kabete,Kabete,Mpumalanga,-25.083333,28.9,7
kalkoenkrans,Kalkoenkrans,Mpumalanga,-26.866667,30.133333,7
ka-ngubane,Ka-Ngubane,Mpumalanga,-25.933333,30.8,7
kanyamazane,KaNyamazane,Mpumalanga,-25.425805,31.177283,7
ka-sibhejane,Ka-Sibhejane,Mpumalanga,-25.652145,31.806619,7
katoen,Katoen,Mpumalanga,-25.357795,31.002759,7
katsibane,Katsibane,Mpumalanga,-25.016667,28.633333,7
keerom,Keerom,Mpumalanga,-25.6,31.75,7
kemps cottage,Kemps Cottage,Mpumalanga,-25.16654,31.620092,7
kendal,Kendal,Mpumalanga,-26.058426,28.956902,7
kenfield,Kenfield,Mpumalanga,-26.759976,28.986664,7
kgobokwane,Kgobokwane,Mpumalanga,-25.144054,29.103845,7
khathazweni,Khathazweni,Mpumalanga,-25.085868,29.731764,7
kiepersol,Kiepersol,Mpumalanga,-25.065021,31.047804,7
kinross,Kinross,Mpumalanga,-26.416633,29.086683,7
kleinfontein,Kleinfontein,Mpumalanga,-24.716667,30.516667,7
klipfontein,Klipfontein,Mpumalanga,-25.9,29.233333,7
klippan,Klippan,Mpumalanga,-25.993449,29.249786,7
klipplaatdrift,Klipplaatdrift,Mpumalanga,-26.93766,29.874886,7
kliprivier,Kliprivier,Mpumalanga,-25.235413,30.095135,7
klipschool,Klipschool,Mpumalanga,-25.3,30.4,7
klipskool,Klipskool,Mpumalanga,-25.3,30.4,7
klipspruit,Klipspruit,Mpumalanga,-26.017035,28.621663,7
koffiebank,Koffiebank,Mpumalanga,-26.1,29.866667,7
kokwaneng,Kokwaneng,Mpumalanga,-24.883333,29.983333,7
komati,Komati,Mpumalanga,-26.095476,29.460799,7
komatipoort,Komatipoort,Mpumalanga,-25.433205,31.954777,7
kommetjie,Kommetjie,Mpumalanga,-27.200354,31.078108,7
kortlaagte,Kortlaagte,Mpumalanga,-26.245126,28.974586,7
kranspan,Kranspan,Mpumalanga,-26.171245,29.971283,7
kriel,Kriel,Mpumalanga,-26.27391,29.225301,7
krokodilbrug,Krokodilbrug,Mpumalanga,-25.365648,31.894754,7
kromfontein,Kromfontein,Mpumalanga,-26.083333,29.2,7
kuilspruit,Kuilspruit,Mpumalanga,-26.533333,28.566667,7
kuilsrivier,Kuilsrivier,Mpumalanga,-25.15,29.15,7
kumcogwaba,KuMcogwaba,Mpumalanga,-25.416667,31.166667,7
kwaggafontein,Kwaggafontein,Mpumalanga,-25.29609,28.942368,7
kwalugedlane,KwaLugedlane,Mpumalanga,-25.730859,31.813211,7
kwamandulu,KwaMandulu,Mpumalanga,-25.813615,31.851933,7
kwamantlole,KwaMantlole,Mpumalanga,-25.166667,28.433333,7
kwamasobe,KwaMasobe,Mpumalanga,-25.156667,28.413056,7
kwa-phake,Kwa-Phake,Mpumalanga,-25.148333,28.4825,7
kwarrielaagte,Kwarrielaagte,Mpumalanga,-25.316667,29.266667,7
kwarsspruit,Kwarsspruit,Mpumalanga,-25.681985,29.214302,7
kwasipunu,KwaSipunu,Mpumalanga,-25.845043,31.846344,7
kwazibukwane,KwaZibukwane,Mpumalanga,-25.68303,31.799618,7
lake chrissie,Lake Chrissie,Mpumalanga,-26.279535,30.213695,7
lammerkop,Lammerkop,Mpumalanga,-25.613019,29.449179,7
landau,Landau,Mpumalanga,-25.95,29.183333,7
landboukantoor,Landboukantoor,Mpumalanga,-25.683333,31.55,7
langeloop,Langeloop,Mpumalanga,-25.676341,31.633162,7
leandra,Leandra,Mpumalanga,-26.371657,28.91764,7
leeuwkraal,Leeuwkraal,Mpumalanga,-26.980666,29.561993,7
leeuwkuil,Leeuwkuil,Mpumalanga,-24.983333,28.933333,7
leevwkuil,Leevwkuil,Mpumalanga,-24.983333,28.933333,7
lefifi,Lefifi,Mpumalanga,-25.083333,28.65,7
lefiswane,Lefiswane,Mpumalanga,-24.968949,28.85172,7
lehlaka park,Lehlaka Park,Mpumalanga,-26.166561,29.197233,7
lehwiting,Lehwiting,Mpumalanga,-24.7,30.75,7
leonie,Leonie,Mpumalanga,-25.134444,28.433889,7
leroro,Leroro,Mpumalanga,-24.616667,30.8,7
leslie,Leslie,Mpumalanga,-26.367371,28.918896,7
lififi,Lififi,Mpumalanga,-25.083333,28.65,7
ligfontein,Ligfontein,Mpumalanga,-25.142766,30.945779,7
linga longa,Linga Longa,Mpumalanga,-25.679214,31.291094,7
lionelton,Lionelton,Mpumalanga,-26.21167,28.895657,7
lochiel,Lochiel,Mpumalanga,-26.140496,30.78274,7
loding,Loding,Mpumalanga,-25.10663,28.763505,7
lomatimond,Lomatimond,Mpumalanga,-25.63661,31.788546,7
london,London,Mpumalanga,-24.766667,30.866667,7
longsight,Longsight,Mpumalanga,-24.690051,30.497187,7
lothair,Lothair,Mpumalanga,-26.38939,30.435264,7
louw's creek,Louw's Creek,Mpumalanga,-25.642165,31.291224,7
luckau,Luckau,Mpumalanga,-25,28.633333,7
luphisi,Luphisi,Mpumalanga,-25.406371,31.278931,7
lydenburg,Lydenburg,Mpumalanga,-25.097803,30.459672,7
lynnville,Lynnville,Mpumalanga,-25.866667,29.2,7
lynville,Lynville,Mpumalanga,-25.866667,29.2,7
mabaneis location,Mabaneis Location,Mpumalanga,-24.95,28.8,7
mabane's location,Mabane's Location,Mpumalanga,-24.95,28.8,7
mabhoko,Mabhoko,Mpumalanga,-25.168944,29.010199,7
machadodorp,Machadodorp,Mpumalanga,-25.668798,30.249699,7
madadeni,Madadeni,Mpumalanga,-25.814697,31.791194,7
madlabantu,Madlabantu,Mpumalanga,-25.288472,31.270483,7
madras,Madras,Mpumalanga,-24.991059,31.148375,7
madyembeni,Madyembeni,Mpumalanga,-24.769688,31.028177,7
magakadimeng,Magakadimeng,Mpumalanga,-25.223295,29.161013,7
magareng,Magareng,Mpumalanga,-25.083333,28.616667,7
magogeni,Magogeni,Mpumalanga,-25.791584,31.591502,7
magudu,Magudu,Mpumalanga,-25.893001,31.726844,7
mahlakwena,Mahlakwena,Mpumalanga,-24.713268,30.204569,7
mahoho's kraal,Mahoho's Kraal,Mpumalanga,-25.566667,31.916667,7
maizefield,Maizefield,Mpumalanga,-26.642882,29.554808,7
makola,Makola,Mpumalanga,-25.191165,29.029026,7
makotopong,Makotopong,Mpumalanga,-26.816667,29.65,7
malekutu,Malekutu,Mpumalanga,-25.212703,31.196498,7
malelane,Malelane,Mpumalanga,-25.494887,31.508909,7
malieveld valley forestry settlement,Malieveld Valley Forestry Settlement,Mpumalanga,-25.116667,30.85,7
mananga,Mananga,Mpumalanga,-25.95,31.933333,7
mangweni,Mangweni,Mpumalanga,-25.746507,31.814445,7
mankolehlotlo,Mankolehlotlo,Mpumalanga,-24.816667,30.766667,7
many waters,Many Waters,Mpumalanga,-25.894439,29.382737,7
mapoch,Mapoch,Mpumalanga,-25.097563,29.002037,7
mapoer,Mapoer,Mpumalanga,-25.316667,29.65,7
marambane,Marambane,Mpumalanga,-25.087957,30.419712,7
marapjane,Marapjane,Mpumalanga,-24.989503,28.800354,7
marble hall,Marble Hall,Mpumalanga,-24.96627,29.290681,7
maria trost,Maria Trost,Mpumalanga,-25.085348,30.397396,7
maria trost mission,Maria Trost Mission,Mpumalanga,-25.085348,30.397396,7
marite,Marite,Mpumalanga,-24.971608,31.112492,7
marone,Marone,Mpumalanga,-24.816136,30.356879,7
marothobolong,Marothobolong,Mpumalanga,-25.209648,29.004384,7
maryvale farm,Maryvale Farm,Mpumalanga,-25.942558,30.582821,7
masibekela,Masibekela,Mpumalanga,-25.871497,31.813154,7
masobe,Masobe,Mpumalanga,-25.156667,28.413056,7
mataffin,Mataffin,Mpumalanga,-25.476292,30.927821,7
mathula,Mathula,Mpumalanga,-25.101859,29.743257,7
matibidi,Matibidi,Mpumalanga,-24.583333,30.75,7
matla,Matla,Mpumalanga,-26.283333,29.133333,7
matlala,Matlala,Mpumalanga,-25.033333,29.1,7
matserepe,Matserepe,Mpumalanga,-24.583333,30.433333,7
matshiding,Matshiding,Mpumalanga,-25.218331,29.026107,7
matshipe,Matshipe,Mpumalanga,-25.29201,29.078543,7
matsulu,Matsulu,Mpumalanga,-25.522972,31.356925,7
maubaneslokasie,Maubaneslokasie,Mpumalanga,-24.95,28.8,7
mauchsberg,Mauchsberg,Mpumalanga,-25.05,30.783333,7
maviljan,Maviljan,Mpumalanga,-24.848224,31.088317,7
mbangwane,Mbangwane,Mpumalanga,-24.816667,31.9,7
mbuzini,Mbuzini,Mpumalanga,-25.921625,31.916635,7
meerlus,Meerlus,Mpumalanga,-26.133333,29.533333,7
merlindale,Merlindale,Mpumalanga,-26.19364,29.32241,7
metlerekeng,Metlerekeng,Mpumalanga,-24.988792,29.057851,7
metsanangwana,Metsanangwana,Mpumalanga,-24.955,28.998841,7
meyerville,Meyerville,Mpumalanga,-26.969913,29.255471,7
mgobode,Mgobode,Mpumalanga,-25.866947,31.705008,7
mhlaba,Mhlaba,Mpumalanga,-24.893516,31.104601,7
mhloshana,Mhloshana,Mpumalanga,-25.809414,31.607426,7
mhluzi,Mhluzi,Mpumalanga,-25.750133,29.439929,7
middelberg,Middelberg,Mpumalanga,-25.775071,29.464821,7
middelburg,Middelburg,Mpumalanga,-25.775071,29.464821,7
middelplaas,Middelplaas,Mpumalanga,-25.718079,31.550937,7
minnaar,Minnaar,Mpumalanga,-26.016667,29.1,7
mission,Mission,Mpumalanga,-24.616667,31.083333,7
mkhwanazi,Mkhwanazi,Mpumalanga,-26.733333,28.75,7
mmakola,Mmakola,Mpumalanga,-24.975317,28.978287,7
mmametlhake,Mmametlhake,Mpumalanga,-25.112222,28.552778,7
mogaba,Mogaba,Mpumalanga,-24.585402,30.632989,7
moletsi,Moletsi,Mpumalanga,-25.1,28.733333,7
moloro,Moloro,Mpumalanga,-24.611835,30.980029,7
mooifontein,Mooifontein,Mpumalanga,-26.88798,29.90254,7
mooiplaas,Mooiplaas,Mpumalanga,-27.297855,30.900592,7
moolman,Moolman,Mpumalanga,-27.158318,30.861499,7
morea,Morea,Mpumalanga,-24.696466,31.124039,7
moremela,Moremela,Mpumalanga,-24.616667,30.733333,7
morgenster,Morgenster,Mpumalanga,-26.244517,29.835638,7
morgenzon,Morgenzon,Mpumalanga,-26.737002,29.617736,7
morolaneng,Morolaneng,Mpumalanga,-24.756093,30.974517,7
morone,Morone,Mpumalanga,-24.816136,30.356879,7
morwe,Morwe,Mpumalanga,-25.178931,28.92859,7
moses river,Moses River,Mpumalanga,-25.183333,29.366667,7
mosesrivier,Mosesrivier,Mpumalanga,-25.183333,29.366667,7
mosesrivier camp,Mosesrivier Camp,Mpumalanga,-25.183333,29.366667,7
mosesriviersmond,Mosesriviersmond,Mpumalanga,-24.989367,29.344114,7
motati,Motati,Mpumalanga,-25.244567,29.033407,7
motetema,Motetema,Mpumalanga,-25.094681,29.461857,7
moteti,Moteti,Mpumalanga,-25.083333,28.883333,7
motlailane,Motlailane,Mpumalanga,-24.589552,30.395922,7
mount sheba,Mount Sheba,Mpumalanga,-24.933333,30.716667,7
mpakeni,Mpakeni,Mpumalanga,-25.485623,31.260753,7
mpanganeni,Mpanganeni,Mpumalanga,-25.940398,31.915087,7
mpheleng,Mpheleng,Mpumalanga,-25.198431,29.157528,7
mthenti,Mthenti,Mpumalanga,-25.2,29.083333,7
mtimba,Mtimba,Mpumalanga,-25.126306,31.149598,7
mzinti,Mzinti,Mpumalanga,-25.697154,31.746219,7
nayfair estates,Nayfair Estates,Mpumalanga,-26.383333,29.633333,7
nazareth,Nazareth,Mpumalanga,-25.998369,30.002866,7
neeuwplaas,Neeuwplaas,Mpumalanga,-26.216667,29.783333,7
nelspruit,Nelspruit,Mpumalanga,-25.474482,30.970333,7
new ermelo,New Ermelo,Mpumalanga,-26.533333,30.033333,7
new largo,New Largo,Mpumalanga,-25.978269,28.973528,7
ngodini,Ngodini,Mpumalanga,-25.344402,31.126617,7
ngwenyeni,Ngwenyeni,Mpumalanga,-25.658679,31.903198,7
nilgekozen,Nilgekozen,Mpumalanga,-26.933333,30.833333,7
nkambeni,Nkambeni,Mpumalanga,-25.085987,31.144038,7
nkosini,Nkosini,Mpumalanga,-25.081137,29.698308,7
nokaneng,Nokaneng,Mpumalanga,-25.083333,28.633333,7
nooitgedacht,Nooitgedacht,Mpumalanga,-25.028802,30.459037,7
noordkaap,Noordkaap,Mpumalanga,-25.651353,31.077797,7
nordkaap,Nordkaap,Mpumalanga,-25.651353,31.077797,7
norman,Norman,Mpumalanga,-25.1,28.583333,7
norman estate,Norman Estate,Mpumalanga,-26.75,28.966667,7
nsikazi,Nsikazi,Mpumalanga,-25.231216,31.110662,7
ntunda,Ntunda,Mpumalanga,-25.730154,31.751964,7
ntwane,Ntwane,Mpumalanga,-25.310538,29.24431,7
numbi,Numbi,Mpumalanga,-25.048233,31.131105,7
nuwe ermelo,Nuwe Ermelo,Mpumalanga,-26.533333,30.033333,7
nyamasaan,Nyamasaan,Mpumalanga,-25.425805,31.177283,7
nyamazane,Nyamazane,Mpumalanga,-25.425805,31.177283,7
nyokosela,Nyokosela,Mpumalanga,-24.65,30.716667,7
oakley,Oakley,Mpumalanga,-24.926815,31.228881,7
ogies,Ogies,Mpumalanga,-26.048771,29.063908,7
ohrigstad,Ohrigstad,Mpumalanga,-24.746722,30.56466,7
ohrigstad settement,Ohrigstad Settement,Mpumalanga,-24.720237,30.561941,7
ohrigstad settlement,Ohrigstad Settlement,Mpumalanga,-24.720237,30.561941,7
onverwag,Onverwag,Mpumalanga,-24.837048,31.004621,7
onverwags,Onverwags,Mpumalanga,-26.89536,29.145032,7
oogies,Oogies,Mpumalanga,-26.048771,29.063908,7
oranje,Oranje,Mpumalanga,-26.193877,29.899275,7
oshoek,Oshoek,Mpumalanga,-25.20199,30.199717,7
paardekop,Paardekop,Mpumalanga,-27.165752,29.623645,7
padgesvlei,Padgesvlei,Mpumalanga,-26.783333,29.366667,7
pankop,Pankop,Mpumalanga,-25.1675,28.419167,7
panorama,Panorama,Mpumalanga,-25.613142,30.528995,7
paxton,Paxton,Mpumalanga,-25.833333,29.183333,7
pelgrims rust,Pelgrims Rust,Mpumalanga,-26.807834,28.785229,7
pelgrimsrus,Pelgrimsrus,Mpumalanga,-24.905016,30.753335,7
perdekop,Perdekop,Mpumalanga,-27.165752,29.623645,7
persida,Persida,Mpumalanga,-26.189731,28.51218,7
phake,Phake,Mpumalanga,-25.145556,28.5075,7
phasha,Phasha,Mpumalanga,-25.324115,31.1119,7
phepene,Phepene,Mpumalanga,-24.983333,30.433333,7
phiva,Phiva,Mpumalanga,-25.639068,31.776086,7
phoenix,Phoenix,Mpumalanga,-26.07098,29.204512,7
piet retief,Piet Retief,Mpumalanga,-27.007063,30.813231,7
pilgrim's rest,Pilgrim's Rest,Mpumalanga,-24.905016,30.753335,7
pinewood,Pinewood,Mpumalanga,-26.1,28.8,7
potgietershoop,Potgietershoop,Mpumalanga,-27.033333,31.833333,7
pretoriouskop,Pretoriouskop,Mpumalanga,-25.170445,31.267567,7
pretorius kop rest camp,Pretorius Kop Rest Camp,Mpumalanga,-25.170445,31.267567,7
pretoriuskop,Pretoriuskop,Mpumalanga,-25.170445,31.267567,7
pretoruiskop ruskamp,Pretoruiskop Ruskamp,Mpumalanga,-25.170445,31.267567,7
pumalanga,Pumalanga,Mpumalanga,-25.474697,30.956887,7
quarrielaagte,Quarrielaagte,Mpumalanga,-25.316667,29.266667,7
rabalias gate,Rabalias Gate,Mpumalanga,-24.466667,31.483333,7
rabelaisruskamp,Rabelaisruskamp,Mpumalanga,-24.466667,31.483333,7
rankaile,Rankaile,Mpumalanga,-25.15,28.466667,7
rapotokwane,Rapotokwane,Mpumalanga,-25.133333,28.65,7
rathoke,Rathoke,Mpumalanga,-24.9341,29.04787,7
reedstream park,Reedstream Park,Mpumalanga,-26.173959,29.186583,7
reitfontein,Reitfontein,Mpumalanga,-25.5,29.2,7
retvallei,Retvallei,Mpumalanga,-26.496697,29.798667,7
rhenosterhoek,Rhenosterhoek,Mpumalanga,-25.191764,30.67494,7
richmond,Richmond,Mpumalanga,-24.995393,31.023723,7
rietfontein,Rietfontein,Mpumalanga,-25.082594,30.827537,7
rietkol,Rietkol,Mpumalanga,-26.15841,28.587452,7
rietkuil,Rietkuil,Mpumalanga,-25.93401,29.811678,7
rietvlei,Rietvlei,Mpumalanga,-25.396771,30.570295,7
rolyna estates,Rolyna Estates,Mpumalanga,-26.272218,28.924172,7
roodekrans,Roodekrans,Mpumalanga,-24.640739,30.618215,7
rooibloem,Rooibloem,Mpumalanga,-26.231346,29.223149,7
rooiboklaagte,Rooiboklaagte,Mpumalanga,-24.661726,31.058859,7
rooifontein,Rooifontein,Mpumalanga,-25.076389,28.644167,7
roossenekal,Roossenekal,Mpumalanga,-25.193111,29.925436,7
rooybank,Rooybank,Mpumalanga,-26.6,29.083333,7
rosshill,Rosshill,Mpumalanga,-25.2,30.8,7
running waters,Running Waters,Mpumalanga,-25.082383,31.040888,7
russeldene,Russeldene,Mpumalanga,-26.683333,28.65,7
sabie,Sabie,Mpumalanga,-25.099896,30.780013,7
sabie bungalows,Sabie Bungalows,Mpumalanga,-25.035859,31.113901,7
sabierivier,Sabierivier,Mpumalanga,-25.035859,31.113901,7
saint george,Saint George,Mpumalanga,-24.983333,30.083333,7
saint helen,Saint Helen,Mpumalanga,-26.260249,29.723461,7
saint john's mission,Saint John's Mission,Mpumalanga,-25.743123,31.003802,7
saint pauls,Saint Pauls,Mpumalanga,-25.395716,30.563483,7
sakhile,Sakhile,Mpumalanga,-26.970004,29.206116,7
sandrivier,Sandrivier,Mpumalanga,-25.049684,31.168707,7
sarana hall,Sarana Hall,Mpumalanga,-25.081726,31.097388,7
schilpadfontein,Schilpadfontein,Mpumalanga,-25.014225,28.783647,7
schoemansdal,Schoemansdal,Mpumalanga,-25.70866,31.510248,7
schoemanskloof,Schoemanskloof,Mpumalanga,-25.45,30.416667,7
schoonoord,Schoonoord,Mpumalanga,-26.001692,29.765209,7
schulzendal,Schulzendal,Mpumalanga,-25.752508,31.53946,7
secunda,Secunda,Mpumalanga,-26.55,29.166667,7
seekoeigat,Seekoeigat,Mpumalanga,-25.35,31.766667,7
segokgo,Segokgo,Mpumalanga,-25.1,28.75,7
sehlakwane,Sehlakwane,Mpumalanga,-25.145118,29.763652,7
selapi,Selapi,Mpumalanga,-25.79287,30.923621,7
senotlelo,Senotlelo,Mpumalanga,-25.046667,28.932778,7
sewefontein,Sewefontein,Mpumalanga,-26.718925,29.716556,7
sheba,Sheba,Mpumalanga,-25.709803,31.145029,7
sheba mine,Sheba Mine,Mpumalanga,-25.709803,31.145029,7
sheepmoor,Sheepmoor,Mpumalanga,-26.717375,30.29916,7
shongwe,Shongwe,Mpumalanga,-25.683333,31.5,7
shongwe mission,Shongwe Mission,Mpumalanga,-25.466667,31.9,7
sibange,Sibange,Mpumalanga,-25.862798,31.79266,7
sibayeni,Sibayeni,Mpumalanga,-25.660187,31.848347,7
sihlangu,Sihlangu,Mpumalanga,-25.85,31.783333,7
sikhwahlane,Sikhwahlane,Mpumalanga,-25.76557,31.77341,7
silinda,Silinda,Mpumalanga,-24.95,31.116667,7
singobile,Singobile,Mpumalanga,-25.710546,31.276881,7
siphelanyane,Siphelanyane,Mpumalanga,-25.357459,31.268694,7
siyabuswa,Siyabuswa,Mpumalanga,-25.113194,29.044538,7
skilpadfontein,Skilpadfontein,Mpumalanga,-25.014225,28.783647,7
skukuza,Skukuza,Mpumalanga,-24.989528,31.585699,7
sleutelfontein,Sleutelfontein,Mpumalanga,-25.06324,28.919715,7
snymansbult,Snymansbult,Mpumalanga,-25.665502,30.800726,7
somerplaats,Somerplaats,Mpumalanga,-25.2,30.566667,7
sparta,Sparta,Mpumalanga,-24.797841,31.499561,7
spinnekop,Spinnekop,Mpumalanga,-26.783333,30.633333,7
spitskop,Spitskop,Mpumalanga,-26.480283,29.9241,7
spitspunt,Spitspunt,Mpumalanga,-24.95,28.916667,7
springbok,Springbok,Mpumalanga,-26.054315,29.332055,7
springfontein,Springfontein,Mpumalanga,-26.092131,29.987053,7
standerston,Standerston,Mpumalanga,-26.933655,29.241518,7
standerton,Standerton,Mpumalanga,-26.933655,29.241518,7
stanfieldhill,Stanfieldhill,Mpumalanga,-26.917403,29.209746,7
steelpoort,Steelpoort,Mpumalanga,-24.731176,30.205835,7
sterkloop,Sterkloop,Mpumalanga,-25.5274,29.846342,7
sterkspruit,Sterkspruit,Mpumalanga,-25.373544,30.528783,7
steynsdorp,Steynsdorp,Mpumalanga,-26.118163,30.981736,7
stoffberg,Stoffberg,Mpumalanga,-25.416667,28.833333,7
stomp,Stomp,Mpumalanga,-25.192262,29.10553,7
strazon estates,Strazon Estates,Mpumalanga,-26.166667,28.95,7
sulphur spring,Sulphur Spring,Mpumalanga,-27.178711,31.095201,7
sulphur springs,Sulphur Springs,Mpumalanga,-27.178711,31.095201,7
sun valley in,Sun Valley In,Mpumalanga,-26.08582,28.713448,7
swartfontein,Swartfontein,Mpumalanga,-25.206854,30.944757,7
swartfontein arbeidskolonie,Swartfontein Arbeidskolonie,Mpumalanga,-25.206854,30.944757,7
talfelkop,Talfelkop,Mpumalanga,-26.479486,29.767739,7
tambisha,Tambisha,Mpumalanga,-25.216667,29.033333,7
tasakani,Tasakani,Mpumalanga,-24.616304,31.044327,7
thabana,Thabana,Mpumalanga,-25.079611,29.059902,7
thambokhulu,Thambokhulu,Mpumalanga,-25.948136,31.899901,7
the rocks,The Rocks,Mpumalanga,-26,28.866667,7
the sands,The Sands,Mpumalanga,-25.22765,31.078687,7
theareng,Theareng,Mpumalanga,-25.233266,29.117448,7
theuns,Theuns,Mpumalanga,-26.677799,29.177228,7
tienfontein,Tienfontein,Mpumalanga,-26.153721,29.784695,7
tongwe,Tongwe,Mpumalanga,-25.683333,31.766667,7
tonteldoos,Tonteldoos,Mpumalanga,-25.319325,29.977191,7
torburnlea,Torburnlea,Mpumalanga,-25.725917,30.347985,7
trichard,Trichard,Mpumalanga,-26.490832,29.234582,7
trichardt,Trichardt,Mpumalanga,-26.490832,29.234582,7
tshaka,Tshaka,Mpumalanga,-25.983333,30.8,7
tshikannosi,Tshikannosi,Mpumalanga,-24.987621,28.936111,7
tswafeng,Tswafeng,Mpumalanga,-24.770276,30.975281,7
tutuka,Tutuka,Mpumalanga,-26.776945,29.352662,7
tweedronk,Tweedronk,Mpumalanga,-26.911684,29.484808,7
tweefontein,Tweefontein,Mpumalanga,-25.347628,28.835679,7
uitkyk,Uitkyk,Mpumalanga,-26.338381,29.204903,7
uitskot,Uitskot,Mpumalanga,-26.05,29.816667,7
uitvlug,Uitvlug,Mpumalanga,-24.936081,28.998917,7
uitvlugt,Uitvlugt,Mpumalanga,-24.987447,29.925706,7
umbila,Umbila,Mpumalanga,-26.253587,28.564171,7
vaalhoek,Vaalhoek,Mpumalanga,-24.749155,30.776938,7
vaalkrans,Vaalkrans,Mpumalanga,-26.1,29.333333,7
valsfontein,Valsfontein,Mpumalanga,-25.116667,29.083333,7
van dyks,Van Dyks,Mpumalanga,-26.083041,29.319948,7
vandyksdrif,Vandyksdrif,Mpumalanga,-26.096866,29.324377,7
varty,Varty,Mpumalanga,-24.783333,31.5,7
ventera,Ventera,Mpumalanga,-26.925779,29.000495,7
vergesig,Vergesig,Mpumalanga,-25.466667,30.883333,7
violet bank,Violet Bank,Mpumalanga,-24.774333,31.03575,7
vlakbult,Vlakbult,Mpumalanga,-25.639239,31.725887,7
vlakfontein,Vlakfontein,Mpumalanga,-26.015407,29.844522,7
vlaklaagte 1,Vlaklaagte 1,Mpumalanga,-25.334693,28.882539,7
vlaklaagte 2,Vlaklaagte 2,Mpumalanga,-25.382557,28.858626,7
vlaklaagte een,Vlaklaagte Een,Mpumalanga,-25.334693,28.882539,7
vlaklaagte twee,Vlaklaagte Twee,Mpumalanga,-25.382557,28.858626,7
vogelstruisfontein,Vogelstruisfontein,Mpumalanga,-26.955852,29.447015,7
volkrust,Volkrust,Mpumalanga,-27.365415,29.881752,7
volksrust,Volksrust,Mpumalanga,-27.365415,29.881752,7
wagenbietjieshoek,Wagenbietjieshoek,Mpumalanga,-25.483333,30.283333,7
wakkerstroom,Wakkerstroom,Mpumalanga,-27.354925,30.143841,7
wales,Wales,Mpumalanga,-24.7,30.983333,7
walkraal,Walkraal,Mpumalanga,-25.133333,29.116667,7
waterval,Waterval,Mpumalanga,-24.733333,30.45,7
waterval boven,Waterval Boven,Mpumalanga,-25.639211,30.33657,7
waterval-bo,Waterval-Bo,Mpumalanga,-25.639211,30.33657,7
waterval-onder,Waterval-Onder,Mpumalanga,-25.647443,30.382746,7
weimershoek,Weimershoek,Mpumalanga,-25.262238,30.257261,7
weltevreden,Weltevreden,Mpumalanga,-25.33362,30.569508,7
wesselton,Wesselton,Mpumalanga,-26.49822,29.969014,7
white river,White River,Mpumalanga,-25.319558,31.019234,7
wildebeesfontein,Wildebeesfontein,Mpumalanga,-26.197176,29.551432,7
wilgefontein,Wilgefontein,Mpumalanga,-26.916667,28.7,7
wilhelmina,Wilhelmina,Mpumalanga,-26.883333,30.216667,7
wilhemina,Wilhemina,Mpumalanga,-26.883333,30.216667,7
willemsdal,Willemsdal,Mpumalanga,-26.74056,28.761944,7
willis-myline,Willis-Myline,Mpumalanga,-25.627496,31.521772,7
willowgrange,Willowgrange,Mpumalanga,-26.895231,29.189482,7
winterkamp,Winterkamp,Mpumalanga,-25.433333,29.45,7
witbank,Witbank,Mpumalanga,-25.871331,29.233234,7
witnek,Witnek,Mpumalanga,-25.346667,28.893056,7
witrivier,Witrivier,Mpumalanga,-25.319558,31.019234,7
wittenberg,Wittenberg,Mpumalanga,-27.124114,30.790585,7
wolwekraal,Wolwekraal,Mpumalanga,-25.150523,28.965082,7
wrosemore,Wrosemore,Mpumalanga,-26.777084,29.115079,7
wyedrif,Wyedrif,Mpumalanga,-25.116667,28.933333,7
wyedrift,Wyedrift,Mpumalanga,-25.116667,28.933333,7
zamenkomst,Zamenkomst,Mpumalanga,-24.983333,29.033333,7
ziest,Ziest,Mpumalanga,-25.781768,31.205469,7
zoo als hy lykt,Zoo Als Hy Lykt,Mpumalanga,-26.815218,29.86402,7
zwartfontein work colony,Zwartfontein Work Colony,Mpumalanga,-25.206854,30.944757,7
aapdraai,Aapdraai,North West,-25.483333,26.166667,10
aasvogelboom,Aasvogelboom,North West,-25.233333,27.866667,10
abbey,Abbey,North West,-26.566667,22.733333,10
adderley,Adderley,North West,-27.181825,23.26611,10
ainslie,Ainslie,North West,-26.618124,23.823493,10
akron,Akron,North West,-26.8,23.75,10
alabama,Alabama,North West,-26.866667,26.583333,10
albanie,Albanie,North West,-27.344276,23.829446,10
albert,Albert,North West,-27.296769,23.502676,10
alettasrus,Alettasrus,North West,-26.649995,24.49941,10
alettasrust,Alettasrust,North West,-26.649995,24.49941,10
algiers,Algiers,North West,-26.618886,24.063466,10
amalia,Amalia,North West,-27.248359,25.045813,10
andalusia,Andalusia,North West,-27.922456,24.830515,10
ardath,Ardath,North West,-27.098852,23.161772,10
ariston,Ariston,North West,-26.933333,26.666667,10
ashfield,Ashfield,North West,-26.376832,23.241026,10
assen,Assen,North West,-25.169104,27.604224,10
athole,Athole,North West,-26.802432,23.840883,10
atlanta,Atlanta,North West,-25.207023,27.565542,10
austrey,Austrey,North West,-26.464594,24.18388,10
avon,Avon,North West,-26.523613,22.955775,10
avondster,Avondster,North West,-27.438979,25.180767,10
ayr,Ayr,North West,-26.830502,23.12699,10
babelegi,Babelegi,North West,-25.357558,28.277366,10
bahurutshe,Bahurutshe,North West,-26.251909,23.602538,10
bailey brith,Bailey Brith,North West,-27.338814,23.955576,10
baillie park,Baillie Park,North West,-26.718792,27.118066,10
bailybrith,Bailybrith,North West,-27.338814,23.955576,10
bakerville,Bakerville,North West,-25.983308,26.083719,10
bala,Bala,North West,-25.462719,27.113298,10
bankdrif,Bankdrif,North West,-27.690609,24.676007,10
bantu township,Bantu Township,North West,-25.616667,27.2,10
bapong,Bapong,North West,-25.308468,26.843044,10
baraseba,Baraseba,North West,-25.551682,27.53108,10
baratiwa,Baratiwa,North West,-26.940806,23.164145,10
bareki,Bareki,North West,-26.432464,23.095119,10
barnaby,Barnaby,North West,-27.2,23.683333,10
barnet,Barnet,North West,-26.545752,23.121135,10
bathobatho,Bathobatho,North West,-26.204683,25.469212,10
battlemond,Battlemond,North West,-26.895643,23.715743,10
battlemound,Battlemound,North West,-26.895643,23.715743,10
bedwang,Bedwang,North West,-25.033333,28.1,10
beestekraal,Beestekraal,North West,-25.371144,27.571658,10
bendell,Bendell,North West,-26.991024,23.647849,10
berwick,Berwick,North West,-26.443041,23.02506,10
bethanie,Bethanie,North West,-25.554776,27.609224,10
bethel,Bethel,North West,-26.064261,25.667886,10
bewley,Bewley,North West,-25.621177,25.708682,10
bierkraal,Bierkraal,North West,-25.066667,26.916667,10
biesiesvle,Biesiesvle,North West,-26.391589,25.898012,10
biesiesvlei,Biesiesvlei,North West,-26.391589,25.898012,10
biesjesvlei,Biesjesvlei,North West,-26.391589,25.898012,10
bloemhof,Bloemhof,North West,-27.646855,25.606973,10
bodenstein,Bodenstein,North West,-26.333333,26.466667,10
bodibe,Bodibe,North West,-26.056695,25.839022,10
boekenhoutfontein,Boekenhoutfontein,North West,-25.540986,28.078555,10
boetrand,Boetrand,North West,-26.9,26.666667,10
boetsap,Boetsap,North West,-27.973868,24.448263,10
boikhutso,Boikhutso,North West,-26.180285,26.134401,10
boitumelong,Boitumelong,North West,-27.638911,25.569124,10
bojalapotsane,Bojalapotsane,North West,-27.246115,23.696068,10
bojating,Bojating,North West,-25.196767,27.388336,10
bokkraal,Bokkraal,North West,-25.820509,26.466444,10
bokkraal lead mine,Bokkraal Lead Mine,North West,-25.820509,26.466444,10
bolelatlou,Bolelatlou,North West,-26.618291,23.284149,10
bollantlokwe,Bollantlokwe,North West,-25.070064,27.976724,10
bonabona,Bonabona,North West,-26.237654,23.536199,10
bonmail,Bonmail,North West,-26.070696,23.783272,10
boons,Boons,North West,-25.968676,27.235139,10
borakalalo,Borakalalo,North West,-25.279509,25.91696,10
boriteng,Boriteng,North West,-25.141761,27.034534,10
borothamadi,Borothamadi,North West,-25.402307,25.860999,10
boschfroek,Boschfroek,North West,-25.483333,27.083333,10
boschpoort,Boschpoort,North West,-26.617061,26.201406,10
bosdam,Bosdam,North West,-27.433451,24.677862,10
bosfontein,Bosfontein,North West,-25.7,27.683333,10
boskoppies,Boskoppies,North West,-25.462719,27.113298,10
bosplaas,Bosplaas,North West,-25.308951,28.281416,10
bospoort,Bospoort,North West,-26.617061,26.201406,10
bosra,Bosra,North West,-26.952214,23.08701,10
bothetheletsa,Bothetheletsa,North West,-27.391195,23.792148,10
bothethetletsa,Bothethetletsa,North West,-27.413917,23.807052,10
bothithong,Bothithong,North West,-27.06238,23.830253,10
botlhaolelo,Botlhaolelo,North West,-25.333333,25.8,10
botshabelo,Botshabelo,North West,-25.316667,27.983333,10
bowen,Bowen,North West,-26,23.533333,10
bowen's store,Bowen's Store,North West,-26,23.533333,10
brakala,Brakala,North West,-25.279509,25.91696,10
brakfontein,Brakfontein,North West,-25.661103,26.685006,10
brakkloof,Brakkloof,North West,-25.479563,26.829417,10
breetsvlei,Breetsvlei,North West,-26.033333,27.266667,10
brits,Brits,North West,-25.634731,27.780224,10
broedersput,Broedersput,North West,-26.819922,25.105753,10
brooksby,Brooksby,North West,-26.255599,25.669989,10
buampsa,Buampsa,North West,-25.583333,27.183333,10
buffelsfontein,Buffelsfontein,North West,-26.921465,26.81751,10
buffelshoek,Buffelshoek,North West,-25.730483,27.152194,10
buffelspruit,Buffelspruit,North West,-25.4,27.866667,10
buffelsvallei,Buffelsvallei,North West,-26.493734,26.650496,10
buffelsvlei,Buffelsvlei,North West,-26.493734,26.650496,10
bull run,Bull Run,North West,-26.776461,23.754485,10
burgersdorp,Burgersdorp,North West,-26.166667,26.166667,10
bushy park,Bushy Park,North West,-27.351487,23.910585,10
bute,Bute,North West,-26.128908,23.175427,10
buxton,Buxton,North West,-27.616667,24.633333,10
bylfontein,Bylfontein,North West,-27.142716,23.342107,10
cahar,Cahar,North West,-26.811242,23.45408,10
camothibi,Camothibi,North West,-27.429721,23.692083,10
campden,Campden,North West,-26.021246,23.274427,10
cannahoek,Cannahoek,North West,-26.747116,24.137886,10
carlisonia,Carlisonia,North West,-25.966667,26.183333,10
cassel,Cassel,North West,-26.965628,23.982187,10
charlesdale,Charlesdale,North West,-27.220827,23.387888,10
chickenwood,Chickenwood,North West,-26.902863,23.421961,10
chinning,Chinning,North West,-25.41136,27.123867,10
cholang,Cholang,North West,-26.237064,23.126862,10
christiana,Christiana,North West,-27.914023,25.161111,10
clapham,Clapham,North West,-26.819792,23.509235,10
claudina,Claudina,North West,-27.036792,25.630263,10
claudine,Claudine,North West,-27.036792,25.630263,10
clyde,Clyde,North West,-26.474936,23.059014,10
coetsersdam,Coetsersdam,North West,-26.796367,24.254748,10
coetzersdam,Coetzersdam,North West,-26.796367,24.254748,10
coligny,Coligny,North West,-26.331718,26.32065,10
colston,Colston,North West,-27.259577,23.846477,10
colville,Colville,North West,-27.025843,23.411425,10
conway,Conway,North West,-26.070138,23.20649,10
corsham,Corsham,North West,-26.759672,23.060783,10
cottonend,Cottonend,North West,-27.209274,23.463016,10
crafthole,Crafthole,North West,-26.421574,24.142825,10
crayfield,Crayfield,North West,-26.883333,23.6,10
cronjes boomen,Cronjes Boomen,North West,-25.066667,26.55,10
darnall,Darnall,North West,-26.39888,23.255408,10
davidskuil,Davidskuil,North West,-25.233333,26.85,10
dawlish,Dawlish,North West,-26.870078,23.325249,10
de wildt,De Wildt,North West,-25.627133,27.946379,10
deal,Deal,North West,-26.145596,23.159195,10
deelpan,Deelpan,North West,-26.316667,25.55,10
delareyville,Delareyville,North West,-26.686378,25.459073,10
deorham,Deorham,North West,-26.837213,23.539919,10
derby,Derby,North West,-25.909126,27.041571,10
derdepoort,Derdepoort,North West,-24.643157,26.40419,10
dertig,Dertig,North West,-25.279379,28.224205,10
derwent,Derwent,North West,-26.607899,23.086041,10
detsiping,Detsiping,North West,-26.942714,23.812566,10
devonlea,Devonlea,North West,-26.716667,24.816667,10
dewar,Dewar,North West,-27.125862,23.616261,10
diamantkuil,Diamantkuil,North West,-27.216667,25.833333,10
diaz,Diaz,North West,-26.668424,23.114614,10
die putte,Die Putte,North West,-25.064444,28.053889,10
dihatshwe,Dihatshwe,North West,-26.086748,23.653199,10
dijwe,Dijwe,North West,-26.059965,23.570986,10
dikebu,Dikebu,North West,-25.203297,27.965787,10
dikgatlon,Dikgatlon,North West,-27.1,23.083333,10
dikgophaneng,Dikgophaneng,North West,-25.239455,27.914928,10
dikgwaneng,Dikgwaneng,North West,-27.163455,23.927766,10
dikhuting,Dikhuting,North West,-27.632693,24.862107,10
dikolobeng,Dikolobeng,North West,-27.170635,23.563053,10
dilopye,Dilopye,North West,-25.383636,28.193179,10
dinake,Dinake,North West,-26.252936,23.350412,10
dinokana,Dinokana,North West,-25.45433,25.877115,10
dinokaneng,Dinokaneng,North West,-24.937622,26.609511,10
dinopeng,Dinopeng,North West,-26.790961,23.350027,10
dipetleloana,Dipetleloana,North West,-25.07762,28.122911,10
dipompong,Dipompong,North West,-25.391416,27.947748,10
diretsaneng,Diretsaneng,North West,-27.581112,24.641916,10
dirkiesrus,Dirkiesrus,North West,-26.344978,24.708258,10
dirojaneng,Dirojaneng,North West,-27.079775,23.89177,10
dirubi,Dirubi,North West,-26.450201,25.373045,10
disaneng,Disaneng,North West,-25.773571,25.235313,10
dithakong,Dithakong,North West,-27.083333,23.85,10
ditlharepaneng,Ditlharepaneng,North West,-27.429859,23.657886,10
ditlolamarumo,Ditlolamarumo,North West,-27.116181,23.958946,10
ditshilabeleng,Ditshilabeleng,North West,-27.342343,23.782928,10
ditshipeng,Ditshipeng,North West,-26.942714,23.812566,10
ditshiping,Ditshiping,North West,-26.942714,23.812566,10
ditshoswaneng,Ditshoswaneng,North West,-27.36861,23.55001,10
djdibaneng,Djdibaneng,North West,-27.137448,23.844994,10
dominionville,Dominionville,North West,-26.897505,26.38934,10
doornhoek,Doornhoek,North West,-25.066667,25.966667,10
doornlaagte,Doornlaagte,North West,-25.066667,25.966667,10
doornspruit,Doornspruit,North West,-25.333333,26.7,10
doringkloof,Doringkloof,North West,-25.55,26.6,10
doringpoort,Doringpoort,North West,-25.20663,27.211504,10
dovesdale,Dovesdale,North West,-26.416667,26.916667,10
drieangle,Drieangle,North West,-26.502682,25.317561,10
driefontein,Driefontein,North West,-25.140277,25.968427,10
driehoek,Driehoek,North West,-25.083333,25.95,10
driestat,Driestat,North West,-25.149368,27.417066,10
drillhole,Drillhole,North West,-26.8,23.85,10
duikersbos,Duikersbos,North West,-26.016667,25.75,10
dupperspos,Dupperspos,North West,-26.523286,26.424482,10
dutton,Dutton,North West,-26.564637,23.034937,10
east end,East End,North West,-26.133333,26.183333,10
eastleigh,Eastleigh,North West,-26.980232,26.672717,10
egham,Egham,North West,-26.069593,23.305825,10
egham estates,Egham Estates,North West,-26.069593,23.305825,10
elandsputte,Elandsputte,North West,-25.97168,26.098599,10
elston,Elston,North West,-27.206285,23.596092,10
enselsrus,Enselsrus,North West,-26.255133,25.549724,10
erfplaas,Erfplaas,North West,-27.159049,23.223831,10
erma,Erma,North West,-26.770585,26.252514,10
eskdale,Eskdale,North West,-26.777813,23.692982,10
esperanza,Esperanza,North West,-27.264267,23.474007,10
eureka,Eureka,North West,-26.716175,23.906013,10
everton,Everton,North West,-27.302498,23.563148,10
ewbank,Ewbank,North West,-26.216667,23.55,10
ewbanks,Ewbanks,North West,-26.216667,23.55,10
ewbank's store,Ewbank's Store,North West,-26.216667,23.55,10
ewbankswinkel,Ewbankswinkel,North West,-26.216667,23.55,10
fafung,Fafung,North West,-25.194062,27.797029,10
fochville,Fochville,North West,-26.488624,27.493869,10
freedom,Freedom,North West,-25.946642,25.121752,10
ga-dibove,Ga-Dibove,North West,-27.0784,23.295191,10
gadikame,Gadikame,North West,-27.13414,23.918143,10
ga-disane,Ga-Disane,North West,-27.3,23.5,10
ga-habedi,Ga-Habedi,North West,-25.172543,27.904774,10
ga-honyane,Ga-Honyane,North West,-27.115259,23.825177,10
ga-huhuwe,Ga-Huhuwe,North West,-27.113979,23.876552,10
ga-jantjie,Ga-Jantjie,North West,-27.456538,23.67657,10
ga-kgale,Ga-Kgale,North West,-25.60331,27.173454,10
ga-kgwe,Ga-Kgwe,North West,-27.147061,23.900203,10
ga-koi-koi,Ga-Koi-Koi,North West,-25.930546,25.610907,10
galisili,Galisili,North West,-27.166667,23.45,10
ga-lotlhare,Ga-Lotlhare,North West,-27.128067,23.368963,10
ga-lotolo,Ga-Lotolo,North West,-27.256421,23.1819,10
ga-luka,Ga-Luka,North West,-25.512847,27.185284,10
ga-madubu,Ga-Madubu,North West,-26.974316,23.922401,10
gamagaabue,Gamagaabue,North West,-26.626427,24.135207,10
ga-makgatle,Ga-Makgatle,North West,-27.025165,23.861123,10
ga-maloka,Ga-Maloka,North West,-26.424573,26.09688,10
ga-mamebe,Ga-Mamebe,North West,-26.950103,23.861132,10
ga-masepa,Ga-Masepa,North West,-27.530301,23.73568,10
ga-masilela,Ga-Masilela,North West,-25.138222,27.074324,10
ga-mathako,Ga-Mathako,North West,-25.466667,26.483333,10
ga-matshogo,Ga-Matshogo,North West,-25.483333,25.933333,10
ga-modikwe,Ga-Modikwe,North West,-26.234189,23.626127,10
ga-moeka,Ga-Moeka,North West,-25.335203,28.058797,10
ga-mogopa,Ga-Mogopa,North West,-26.102561,26.824241,10
ga-moheele,Ga-Moheele,North West,-27.057886,23.11313,10
ga-mokake,Ga-Mokake,North West,-27.599096,24.846411,10
ga-mokgatlha,Ga-Mokgatlha,North West,-25.283333,26.416667,10
ga-mokomela,Ga-Mokomela,North West,-27.306527,23.647054,10
ga-mokone,Ga-Mokone,North West,-25.411317,28.16733,10
gamollo,Gamollo,North West,-27.333333,23.35,10
ga-mopedi,Ga-Mopedi,North West,-27.221913,23.218239,10
ga-morona,Ga-Morona,North West,-26.919581,23.762726,10
ga-moseki,Ga-Moseki,North West,-27.193091,23.44911,10
ga-mothibi,Ga-Mothibi,North West,-27.399902,23.491102,10
ga-motlaila,Ga-Motlaila,North West,-26.071966,26.572187,10
ga-motlatla,Ga-Motlatla,North West,-26.071966,26.572187,10
ga-motle,Ga-Motle,North West,-25.353958,28.064189,10
ga-motlhware,Ga-Motlhware,North West,-27.320714,23.356929,10
ga-motlogelwa,Ga-Motlogelwa,North West,-27.039989,23.294079,10
ga-motsage,Ga-Motsage,North West,-26.197211,23.526959,10
ga-motsamai,Ga-Motsamai,North West,-27.219204,23.144552,10
ga-motsoko,Ga-Motsoko,North West,-26.653024,24.032167,10
ganap,Ganap,North West,-26.664966,23.254237,10
ganghae,Ganghae,North West,-27.388966,23.608199,10
gankwane,Gankwane,North West,-26.1253,23.400839,10
gannahoek,Gannahoek,North West,-26.747116,24.137886,10
gannalaagte,Gannalaagte,North West,-26.470896,25.531228,10
ga-ntatelang,Ga-Ntatelang,North West,-27.354931,23.459846,10
ganyesa,Ganyesa,North West,-26.596125,24.17612,10
ga-pitiela,Ga-Pitiela,North West,-26.777781,23.34157,10
ga-popo,Ga-Popo,North West,-27.037408,23.809235,10
ga-ralebelwane,Ga-Ralebelwane,North West,-26.355138,25.237587,10
ga-ramatale,Ga-Ramatale,North West,-27.167874,23.61721,10
ga-ramodingwana,Ga-Ramodingwana,North West,-26.242816,26.444919,10
ga-ramoga,Ga-Ramoga,North West,-25.165673,27.13971,10
ga-ramokoka,Ga-Ramokoka,North West,-25.150483,27.441404,10
ga-ramotsekwane,Ga-Ramotsekwane,North West,-27.167658,23.891265,10
ga-rankuwa,Ga-Rankuwa,North West,-25.605392,27.9875,10
garantlapane,Garantlapane,North West,-25.307728,27.975023,10
ga-raphiri,Ga-Raphiri,North West,-25.13669,27.049764,10
ga-rasai,Ga-Rasai,North West,-25.159273,27.690645,10
garatau,Garatau,North West,-25.996893,25.456955,10
gariele,Gariele,North West,-27.248753,23.308781,10
ga-sebolao,Ga-Sebolao,North West,-27.318432,23.24985,10
ga-sehubane,Ga-Sehubane,North West,-27.278274,23.277643,10
ga-sehunelo,Ga-Sehunelo,North West,-27.042552,23.592421,10
ga-sese,Ga-Sese,North West,-27.116156,23.045645,10
ga-skawu,Ga-Skawu,North West,-27.283555,23.641611,10
ga-suping,Ga-Suping,North West,-24.79335,26.052089,10
ga-tatisi,Ga-Tatisi,North West,-27.029921,23.908098,10
ga-thameng,Ga-Thameng,North West,-27.009261,23.849354,10
ga-tipe,Ga-Tipe,North West,-27.089159,23.033033,10
ga-titi,Ga-Titi,North West,-25.3,25.833333,10
gatlalakgomo,Gatlalakgomo,North West,-27.266646,23.767119,10
gatong,Gatong,North West,-27.074376,23.881153,10
geelblom,Geelblom,North West,-27.75,25.1,10
geelboom,Geelboom,North West,-27.173386,23.181733,10
gelukspan,Gelukspan,North West,-26.183333,25.616667,10
gemsbokvlakte,Gemsbokvlakte,North West,-25.920259,24.502583,10
genesa,Genesa,North West,-26.596125,24.17612,10
genyesa,Genyesa,North West,-26.596125,24.17612,10
gerdau,Gerdau,North West,-26.483333,26.1,10
geysdorp,Geysdorp,North West,-26.536995,25.30251,10
glaudina,Glaudina,North West,-27.036792,25.630263,10
glen red,Glen Red,North West,-26.973435,23.939227,10
glimlag,Glimlag,North West,-27.25,25.85,10
goedbegin,Goedbegin,North West,-26.843199,23.248315,10
goedgevond,Goedgevond,North West,-25.15,26.516667,10
goedgevonden,Goedgevonden,North West,-26.161758,26.898241,10
goodwood,Goodwood,North West,-26.4533,24.259631,10
goorathebe,Goorathebe,North West,-24.791904,26.054005,10
gopane,Gopane,North West,-25.303583,25.799104,10
gopani,Gopani,North West,-25.303583,25.799104,10
gopanie,Gopanie,North West,-25.303583,25.799104,10
go-ralebelwane,Go-Ralebelwane,North West,-26.355138,25.237587,10
goratau,Goratau,North West,-25.916667,25.483333,10
gosport,Gosport,North West,-26.147622,23.29966,10
grantion,Grantion,North West,-27.057882,23.430365,10
grantleigh,Grantleigh,North West,-25.857579,25.695491,10
grayfield,Grayfield,North West,-26.9,23.616667,10
greenwich,Greenwich,North West,-26.170523,23.110501,10
groot-marico,Groot-Marico,North West,-25.597005,26.417238,10
haaskraal,Haaskraal,North West,-26.768035,27.034809,10
hakboslaagte,Hakboslaagte,North West,-26.327113,26.152982,10
halifax,Halifax,North West,-26.208188,23.226071,10
hammanskraal,Hammanskraal,North West,-25.40892,28.286996,10
harpington,Harpington,North West,-26.78636,27.065584,10
harrow,Harrow,North West,-26.312629,23.234459,10
hartbeesfontein,Hartbeesfontein,North West,-26.765659,26.420241,10
hartbeespoort,Hartbeespoort,North West,-25.733333,27.85,10
hartebeesfontein,Hartebeesfontein,North West,-26.889675,26.806962,10
hartebeestfontein,Hartebeestfontein,North West,-26.765659,26.420241,10
hartebeestpoort,Hartebeestpoort,North West,-25.733333,27.85,10
harts river,Harts River,North West,-26.8,25.55,10
hartsrivier,Hartsrivier,North West,-26.8,25.55,10
hauptsrus,Hauptsrus,North West,-26.55,26.283333,10
hauptsrust,Hauptsrust,North West,-26.55,26.283333,10
heathview,Heathview,North West,-25.944668,25.39108,10
heavyrest mission,Heavyrest Mission,North West,-27.456445,24.737857,10
hebron,Hebron,North West,-25.550242,28.022796,10
heiso,Heiso,North West,-27.296651,23.828334,10
hellsgate,Hellsgate,North West,-25.888569,25.756153,10
hermansburg,Hermansburg,North West,-25.566667,27.316667,10
hertzog,Hertzog,North West,-27.140315,23.286369,10
heystekrand,Heystekrand,North West,-25.283333,27.233333,10
hobb's hope,Hobb's Hope,North West,-26.779858,23.330665,10
hoekfontein,Hoekfontein,North West,-25.616667,27.916667,10
holbeck,Holbeck,North West,-26.550168,23.165674,10
howden,Howden,North West,-26.075417,23.254848,10
huhudi,Huhudi,North West,-26.973976,24.741067,10
husfeldt,Husfeldt,North West,-27.183333,25.783333,10
ilkley,Ilkley,North West,-26.034698,23.187235,10
ilsley,Ilsley,North West,-26.689619,23.113183,10
iowa,Iowa,North West,-26.983333,24.133333,10
itireleng,Itireleng,North West,-26.777014,23.95394,10
itsoseng,Itsoseng,North West,-26.08159,25.881242,10
jacksonstuin,Jacksonstuin,North West,-25.733333,27.75,10
jacobsdal,Jacobsdal,North West,-25.63804,26.069805,10
jakkalsdraai,Jakkalsdraai,North West,-26.698058,24.041287,10
jakkalsput,Jakkalsput,North West,-27.207828,23.632734,10
jan kemp,Jan Kemp,North West,-27.922456,24.830515,10
jan kempdorp,Jan Kempdorp,North West,-27.922456,24.830515,10
jan masibi,Jan Masibi,North West,-25.804046,25.296274,10
jericho,Jericho,North West,-25.335746,27.804876,10
jerico,Jerico,North West,-25.335746,27.804876,10
jonkersrus,Jonkersrus,North West,-26.25,24.983333,10
jouberton,Jouberton,North West,-26.892832,26.600141,10
justiesia,Justiesia,North West,-27.216667,25.716667,10
justitia,Justitia,North West,-27.216667,25.716667,10
kabayatlhose,Kabayatlhose,North West,-26.28982,23.303971,10
kagamayasha,Kagamayasha,North West,-25.866521,25.316826,10
kagiso,Kagiso,North West,-26.265733,23.497293,10
kakoje,Kakoje,North West,-27.064345,23.501267,10
kakoshong,Kakoshong,North West,-25.216667,26.85,10
kalkheuvel,Kalkheuvel,North West,-25.86048,27.890714,10
kalkpan,Kalkpan,North West,-25.050493,25.900141,10
kamden,Kamden,North West,-27.364226,23.894039,10
kana,Kana,North West,-25.578902,27.300427,10
kanana,Kanana,North West,-26.963896,26.629856,10
kang,Kang,North West,-26.077607,23.595102,10
kankuru,Kankuru,North West,-27.342831,23.858836,10
kapsteel,Kapsteel,North West,-26.15,25.733333,10
kayakulu,Kayakulu,North West,-25.1,26.65,10
keang,Keang,North West,-27.020434,23.782188,10
keatuka,Keatuka,North West,-25.116667,25.95,10
keeley's ranch,Keeley's Ranch,North West,-26.066667,24.8,10
keisersrus,Keisersrus,North West,-26.091302,24.453181,10
keizers rust,Keizers Rust,North West,-26.091302,24.453181,10
kekana,Kekana,North West,-25.357778,28.2825,10
kelokilwe,Kelokilwe,North West,-26.881433,23.770675,10
kelso,Kelso,North West,-26.633333,23.233333,10
kgabalatsane,Kgabalatsane,North West,-25.535928,27.960182,10
kgabaltsane,Kgabaltsane,North West,-25.535928,27.960182,10
kgamatha,Kgamatha,North West,-25.040844,27.13588,10
kganong,Kganong,North West,-27.224762,23.644103,10
kganwane,Kganwane,North West,-26.918547,23.938267,10
kgarathlosi,Kgarathlosi,North West,-26.163088,23.569466,10
kgareyatlhose,Kgareyatlhose,North West,-26.163088,23.569466,10
kgobadi,Kgobadi,North West,-27.309542,24.696484,10
kgokgojane,Kgokgojane,North West,-26.752918,23.981379,10
kgokgole,Kgokgole,North West,-26.716942,23.932377,10
kgomohute,Kgomohute,North West,-27.147213,23.524458,10
kgomo-kgomo,Kgomo-Kgomo,North West,-25.316667,27.766667,10
kgomotso,Kgomotso,North West,-26.2,25.566667,10
kgoroya ga-tshekedi,Kgoroya Ga-Tshekedi,North West,-27.143117,23.068143,10
kgwedimopitlo,Kgwedimopitlo,North West,-26.429718,25.173161,10
khabetlwane,Khabetlwane,North West,-27.248153,23.543723,10
khaukhwe,Khaukhwe,North West,-27.336117,24.631478,10
khavakhulu,Khavakhulu,North West,-25.102688,26.656328,10
khibes village,Khibes Village,North West,-27.216667,23.233333,10
khibitswane,Khibitswane,North West,-27.521135,24.765081,10
khudu,Khudu,North West,-26.014654,23.411694,10
khudunkgwane,Khudunkgwane,North West,-26.409356,24.400175,10
khuma,Khuma,North West,-26.849332,26.866183,10
khunkwe,Khunkwe,North West,-26.157432,23.478743,10
khunwana,Khunwana,North West,-26.380363,25.338425,10
kibikwe,Kibikwe,North West,-25.983333,23.716667,10
kibitlwe,Kibitlwe,North West,-26.020588,23.727412,10
kierserville,Kierserville,North West,-26.16572,26.175098,10
kikafela,Kikafela,North West,-27.406967,23.874913,10
kikahela,Kikahela,North West,-27.406967,23.874913,10
kirstonia,Kirstonia,North West,-25.45,23.7,10
klaarkom,Klaarkom,North West,-27.298602,23.780181,10
klaarstroom,Klaarstroom,North West,-26,25.55,10
klein harrow,Klein Harrow,North West,-26.349619,23.226283,10
klein tsamarose,Klein Tsamarose,North West,-27.298685,23.922194,10
kleinchwaing,Kleinchwaing,North West,-26.883333,24.183333,10
klein-corsham,Klein-Corsham,North West,-26.803616,23.091506,10
klein-tswaing,Klein-Tswaing,North West,-26.883333,24.183333,10
klerksdorp,Klerksdorp,North West,-26.852128,26.666719,10
kliniek,Kliniek,North West,-26.983409,23.25417,10
klipdrif,Klipdrif,North West,-26.612179,27.261414,10
klipdrif nedersetting,Klipdrif Nedersetting,North West,-26.633333,27.283333,10
klipdrif settlement,Klipdrif Settlement,North West,-26.647253,27.248428,10
klipfontein,Klipfontein,North West,-27.324423,23.97402,10
klipgat,Klipgat,North West,-25.45,27.966667,10
klippan,Klippan,North West,-25.440924,28.028141,10
klipplaatdrif,Klipplaatdrif,North West,-26.416035,26.741812,10
klipplaatdrift,Klipplaatdrift,North West,-26.416035,26.741812,10
kluitfontein,Kluitfontein,North West,-26.75,27.483333,10
koboga,Koboga,North West,-26.967643,23.723644,10
koedoesfontein,Koedoesfontein,North West,-25.660513,26.437842,10
koedoespoort,Koedoespoort,North West,-25.25,27.95,10
kogorwane,Kogorwane,North West,-26.374568,22.991286,10
kokomeng,Kokomeng,North West,-27.627085,25.050065,10
kokonye,Kokonye,North West,-27.217551,23.885875,10
kokosi,Kokosi,North West,-26.494137,27.464127,10
kolobeng,Kolobeng,North West,-25.15,26.866667,10
kolofane,Kolofane,North West,-25.25,28.116667,10
konke,Konke,North West,-25.939524,23.491255,10
kopela,Kopela,North West,-26.428661,25.523967,10
kopella,Kopella,North West,-26.43153,25.522172,10
kophou,Kophou,North West,-25.866667,27.666667,10
kosmos,Kosmos,North West,-25.739123,27.852025,10
koster,Koster,North West,-25.863009,26.897561,10
kraaipan,Kraaipan,North West,-26.283333,25.3,10
krokodilkraal,Krokodilkraal,North West,-25.566667,27.883333,10
kromkuil,Kromkuil,North West,-25.379042,28.069939,10
kroondal,Kroondal,North West,-25.719347,27.315966,10
kruisfontein,Kruisfontein,North West,-25.557102,28.063661,10
kruissar,Kruissar,North West,-27.216099,23.826574,10
kuam mazeppa,Kuam Mazeppa,North West,-27.530301,23.73568,10
kubu,Kubu,North West,-25.3,25.816667,10
kubuga,Kubuga,North West,-27.019885,23.741318,10
kubuge,Kubuge,North West,-26.967643,23.723644,10
kudunkgwane,Kudunkgwane,North West,-26.409356,24.400175,10
kuilenberg,Kuilenberg,North West,-25.166667,26.283333,10
kuilenburg,Kuilenburg,North West,-25.166667,26.283333,10
kunana,Kunana,North West,-26.380363,25.338425,10
kwa-bala,Kwa-Bala,North West,-25.462719,27.113298,10
kwa-bojating,Kwa-Bojating,North West,-25.196767,27.388336,10
kwa-chaneng,Kwa-Chaneng,North West,-25.4,27.116667,10
kwadithakong,KwaDithakong,North West,-25.967113,25.647521,10
kwaggafontein,Kwaggafontein,North West,-25.661744,26.158224,10
kwa-luka,Kwa-Luka,North West,-25.466667,27.166667,10
kwamaile,KwaMaile,North West,-25.441517,27.28165,10
kwamakubung,KwaMakubung,North West,-25.894163,25.542967,10
kwamatikiring,KwaMatikiring,North West,-25.9,25.633333,10
kwammatlhwaela,KwaMmatlhwaela,North West,-25.230616,28.00965,10
kwamogwase,KwaMogwase,North West,-25.185052,27.266543,10
kwamudubung,KwaMudubung,North West,-25.983333,27.233333,10
kwanonceba,KwaNonceba,North West,-24.93468,26.720325,10
kwaraphiri,KwaRaphiri,North West,-25.13669,27.049764,10
kwaratsiepane,KwaRatsiepane,North West,-25.333643,28.091334,10
kwarriekraal,Kwarriekraal,North West,-25.053428,27.641316,10
kwasetlopo,KwaSetlopo,North West,-25.936628,25.654933,10
kwa-tlaseng,Kwa-Tlaseng,North West,-25.474408,27.35087,10
kwatsitsing,KwaTsitsing,North West,-25.468464,27.320632,10
kwidi,Kwidi,North West,-25.833333,24.666667,10
laaspomp,Laaspomp,North West,-26.676119,23.982693,10
labera,Labera,North West,-25.834751,24.335084,10
laxey,Laxey,North West,-26.725478,23.159792,10
lead mine,Lead Mine,North West,-25.806336,26.460596,10
lebaleng,Lebaleng,North West,-25.539444,28.081389,10
leboneng,Leboneng,North West,-25.363413,28.265768,10
lebonkeng,Lebonkeng,North West,-27.001832,23.923896,10
lebotlwane,Lebotlwane,North West,-25.049283,27.932002,10
ledig,Ledig,North West,-25.352224,27.042023,10
leeds,Leeds,North West,-26.464668,23.194458,10
leeudoringstad,Leeudoringstad,North West,-27.23712,26.235139,10
leeudrif,Leeudrif,North West,-26.454608,27.542826,10
leeukop,Leeukop,North West,-25.65,27.633333,10
leeukraal,Leeukraal,North West,-25.281111,28.264722,10
leeuwdoornsstad,Leeuwdoornsstad,North West,-27.23712,26.235139,10
leeuwdoornstad,Leeuwdoornstad,North West,-27.23712,26.235139,10
leeuwdrift,Leeuwdrift,North West,-26.454608,27.542826,10
leeuwkuil,Leeuwkuil,North West,-25.233333,26.616667,10
lefaragatlhe,Lefaragatlhe,North West,-25.624497,27.200746,10
legogolwe,Legogolwe,North West,-25.090619,27.19908,10
legonyane,Legonyane,North West,-25.276676,27.778228,10
lejakane,Lejakane,North West,-26.178081,23.675705,10
lekgophung,Lekgophung,North West,-24.803599,26.011161,10
lekkerrus,Lekkerrus,North West,-25.802814,27.482756,10
lekubu,Lekubu,North West,-25.386704,26.093896,10
lekutung,Lekutung,North West,-25.145722,27.105844,10
lenatong,Lenatong,North West,-25.133333,27.9,10
lengwelenowe,Lengwelenowe,North West,-27.466667,23.633333,10
lenotong,Lenotong,North West,-25.582968,27.170036,10
lerulaneng,Lerulaneng,North West,-25.520859,27.901511,10
lesetlheng,Lesetlheng,North West,-25.157054,27.126079,10
lesobeng,Lesobeng,North West,-25.0605,27.100675,10
lesung,Lesung,North West,-25.518634,27.370003,10
lethakeng,Lethakeng,North West,-25.152689,26.720243,10
lethola,Lethola,North West,-27.55,24.766667,10
letsapa,Letsapa,North West,-26.296044,25.293733,10
lichtenburg,Lichtenburg,North West,-26.152004,26.159679,10
linokana,Linokana,North West,-25.45433,25.877115,10
linopen,Linopen,North West,-26.790961,23.350027,10
linopeng,Linopeng,North West,-26.790961,23.350027,10
liversedge,Liversedge,North West,-25.433333,26.233333,10
lobatieng,Lobatieng,North West,-25.173603,25.837812,10
lobotane,Lobotane,North West,-25.2,25.816667,10
lobutsane,Lobutsane,North West,-27.140008,23.86053,10
logabate,Logabate,North West,-27.166294,23.415026,10
logabati,Logabati,North West,-27.166294,23.415026,10
logagane,Logagane,North West,-25.817211,24.885251,10
logaganeng,Logaganeng,North West,-27.345155,23.585624,10
logageng,Logageng,North West,-25.940627,24.692816,10
logaging,Logaging,North West,-25.940627,24.692816,10
logaring,Logaring,North West,-25.940627,24.692816,10
logobate,Logobate,North West,-27.166294,23.415026,10
logobate location,Logobate Location,North West,-27.166294,23.415026,10
lokaleng,Lokaleng,North West,-25.77598,25.533188,10
lokammona,Lokammona,North West,-27.587744,24.652821,10
lokapane,Lokapane,North West,-26.958478,23.653217,10
lokihakane,Lokihakane,North West,-27.279296,23.472253,10
lokung,Lokung,North West,-25.79092,25.467738,10
lone star texas,Lone Star Texas,North West,-25.733333,27.9,10
longaneng,Longaneng,North West,-27.628313,24.944278,10
longhirst,Longhirst,North West,-26.852414,23.571783,10
longhurst,Longhurst,North West,-26.852414,23.571783,10
loopeng,Loopeng,North West,-26.796759,23.394611,10
lophalaphala,Lophalaphala,North West,-27.322925,23.393561,10
losasaneno,Losasaneno,North West,-28.023955,24.530752,10
losmytjerrie,Losmytjerrie,North West,-24.928118,26.677397,10
lothiakane,Lothiakane,North West,-26.018251,25.636712,10
lothlakane,Lothlakane,North West,-26.018251,25.636712,10
lothlaken,Lothlaken,North West,-26.966667,23.25,10
lothlakeng,Lothlakeng,North West,-26.966667,23.25,10
lotihakeng,Lotihakeng,North West,-27.283333,23.333333,10
lotlaken,Lotlaken,North West,-26.966667,23.25,10
lotlakin,Lotlakin,North West,-27.283333,23.333333,10
lotlapa,Lotlapa,North West,-26.816486,23.870035,10
lotlhakane,Lotlhakane,North West,-26.018251,25.636712,10
lotlhakeng,Lotlhakeng,North West,-26.966667,23.25,10
lotlhogori,Lotlhogori,North West,-26.024244,25.573807,10
loubsersrus,Loubsersrus,North West,-24.835928,26.429377,10
louisdal,Louisdal,North West,-26.249185,25.475939,10
louwna,Louwna,North West,-26.902785,24.151169,10
lower mayeakgoro,Lower Mayeakgoro,North West,-27.776547,24.661646,10
luka,Luka,North West,-25.512847,27.185284,10
lurie,Lurie,North West,-26.602919,23.149016,10
lutlake,Lutlake,North West,-27.133333,23.383333,10
maanwane,Maanwane,North West,-25.333333,25.766667,10
mabaalstad,Mabaalstad,North West,-25.833333,26.616667,10
mabatho,Mabatho,North West,-25.85,25.633333,10
mabele-a-podi,Mabele-a-podi,North West,-25.280534,27.204649,10
mabeskraal,Mabeskraal,North West,-25.193723,26.805606,10
mabieskraal,Mabieskraal,North West,-25.193723,26.805606,10
mabitse,Mabitse,North West,-25.556587,27.411164,10
maboloko,Maboloko,North West,-25.433333,27.85,10
mabone,Mabone,North West,-26.058105,23.473661,10
mabule,Mabule,North West,-25.766667,24.4,10
madabana,Madabana,North West,-25.345417,25.815877,10
madeakham,Madeakham,North West,-26.233333,24.25,10
madepelesa,Madepelesa,North West,-27.896084,24.401279,10
madiakgama,Madiakgama,North West,-26.233333,24.25,10
madiba,Madiba,North West,-26.010062,25.535307,10
madibe,Madibe,North West,-25.877931,25.376886,10
madibeng,Madibeng,North West,-26.570645,22.839051,10
madibogo,Madibogo,North West,-26.418663,25.182305,10
madikwe,Madikwe,North West,-25.353971,26.530093,10
madimola,Madimola,North West,-25.864108,25.454402,10
madimola church,Madimola Church,North West,-25.864108,25.454402,10
madingwane,Madingwane,North West,-26.563009,22.913791,10
madinonyane,Madinonyane,North West,-26.806103,23.766736,10
madinyane,Madinyane,North West,-25.37622,27.856099,10
madipelesa,Madipelesa,North West,-27.896084,24.401279,10
madithoke,Madithoke,North West,-26.220289,23.685421,10
madutle,Madutle,North West,-25.493955,25.670464,10
maeng,Maeng,North West,-26.045508,23.594382,10
maer jan,Maer Jan,North West,-26.217637,23.310187,10
mafeking,Mafeking,North West,-25.86522,25.644213,10
mafikaneng,Mafikaneng,North West,-27.042395,23.904329,10
mafikeng,Mafikeng,North West,-25.86522,25.644213,10
magagaaphiri,Magagaaphiri,North West,-27.683333,24.8,10
magalane,Magalane,North West,-25.030068,26.993482,10
magazynskraal,Magazynskraal,North West,-25.13669,27.049764,10
magobe,Magobe,North West,-27.386207,23.45934,10
magobeng,Magobeng,North West,-27.043856,23.78024,10
magogong,Magogong,North West,-27.654717,24.815276,10
magolaneng,Magolaneng,North West,-27.190017,23.05537,10
magonata,Magonata,North West,-26.734545,23.27127,10
magong,Magong,North West,-25.00052,26.977596,10
magwagwe,Magwagwe,North West,-26.532539,23.29769,10
mahukubu,Mahukubu,North West,-27.467719,23.739765,10
mahukubung,Mahukubung,North West,-26.288516,25.289171,10
maile,Maile,North West,-25.402712,27.251617,10
maipeeng,Maipeeng,North West,-27.138442,23.122872,10
maipeing,Maipeing,North West,-27.138442,23.122872,10
maipenecke,Maipenecke,North West,-27.048081,23.256947,10
maipeng,Maipeng,North West,-26.191229,25.468852,10
maipin,Maipin,North West,-27.138442,23.122872,10
majaneng,Majaneng,North West,-25.354226,28.255998,10
majeng,Majeng,North West,-26.428906,25.302771,10
makadibeng,Makadibeng,North West,-27.246543,23.567084,10
makalaneng,Makalaneng,North West,-27.184106,23.879054,10
makan,Makan,North West,-25.583333,27.883333,10
makapaanstad,Makapaanstad,North West,-25.243734,28.126203,10
makapaanstat,Makapaanstat,North West,-25.243734,28.126203,10
makapanstad,Makapanstad,North West,-25.243734,28.126203,10
makarakong,Makarakong,North West,-26.453639,23.323534,10
makgabetlwane,Makgabetlwane,North West,-25.27589,27.935015,10
makgakgane,Makgakgane,North West,-25.789275,25.136859,10
makgaladi,Makgaladi,North West,-27.409373,23.762513,10
makgobi's stad,Makgobi's Stad,North West,-25.742549,25.103056,10
makgobis stadt,Makgobis Stadt,North West,-25.742549,25.103056,10
makgobistad,Makgobistad,North West,-25.742549,25.103056,10
makgope,Makgope,North West,-25.117265,26.889109,10
makgori,Makgori,North West,-25.83924,24.790347,10
makokskraal,Makokskraal,North West,-26.360723,26.646478,10
makolokwe,Makolokwe,North West,-25.625935,27.619205,10
makouspan,Makouspan,North West,-26.104709,25.619649,10
makwassie,Makwassie,North West,-27.315639,25.994971,10
makweleng,Makweleng,North West,-25.159358,26.739987,10
malani oog,Malani Oog,North West,-25.813557,26.049833,10
malapo oog,Malapo Oog,North West,-25.886075,26.024457,10
malapo's oog,Malapo's Oog,North West,-25.886075,26.024457,10
mallaphiri,Mallaphiri,North West,-25.45,27.283333,10
mallepoos oog,Mallepoos Oog,North West,-25.886075,26.024457,10
malmanie,Malmanie,North West,-25.813557,26.049833,10
malmanie oog,Malmanie Oog,North West,-25.813557,26.049833,10
malmanioog,Malmanioog,North West,-25.813557,26.049833,10
maloka,Maloka,North West,-26.424573,26.09688,10
mammutla,Mammutla,North West,-28.069679,24.517544,10
mamoetle,Mamoetle,North West,-28.069679,24.517544,10
mamoetle store,Mamoetle Store,North West,-28.069679,24.517544,10
mamontsane,Mamontsane,North West,-27.132165,23.862829,10
mamorato,Mamorato,North West,-27.380558,23.393107,10
mamoratwe,Mamoratwe,North West,-27.380558,23.393107,10
manaaneng,Manaaneng,North West,-26.573231,23.377007,10
manamakgoteng,Manamakgoteng,North West,-25.126472,27.203427,10
manamela,Manamela,North West,-25.168731,26.677808,10
manamolela,Manamolela,North West,-26.498615,25.409478,10
mankaipaya,Mankaipaya,North West,-24.981418,26.562081,10
mankgekgetha,Mankgekgetha,North West,-25.183333,27.866667,10
manoana,Manoana,North West,-25.333333,25.766667,10
manoka,Manoka,North West,-25.566667,27.516667,10
manoko,Manoko,North West,-27.566667,24.8,10
manokwane,Manokwane,North West,-27.552921,24.801011,10
manonyana,Manonyana,North West,-26.484572,25.366962,10
manonyane,Manonyane,North West,-26.484572,25.366962,10
mansfield,Mansfield,North West,-26.25,24.75,10
manthestad,Manthestad,North West,-27.554268,24.893668,10
mantsa,Mantsa,North West,-26.062087,25.572449,10
mantsho,Mantsho,North West,-25.066667,26.816667,10
manwane,Manwane,North West,-25.333333,25.766667,10
manyeding,Manyeding,North West,-27.462539,23.686094,10
manyeding store,Manyeding Store,North West,-27.49678,23.683895,10
maokantsi,Maokantsi,North West,-27.079204,23.822846,10
maologane,Maologane,North West,-27.335054,23.720123,10
maoloqane,Maoloqane,North West,-27.335054,23.720123,10
mapaputle,Mapaputle,North West,-24.983333,26.833333,10
mapella,Mapella,North West,-25.60636,27.945809,10
mapetla,Mapetla,North West,-25.60636,27.945809,10
maphephane,Maphephane,North West,-25.227353,25.800823,10
maphiniki,Maphiniki,North West,-27.048081,23.256947,10
maphoitsile,Maphoitsile,North West,-27.594025,24.797234,10
mapitiki,Mapitiki,North West,-26.115015,23.459555,10
mapoch,Mapoch,North West,-25.466667,27.983333,10
mapoteng,Mapoteng,North West,-27.386455,23.510832,10
maputsane,Maputsane,North West,-27.113369,23.841804,10
maquassi,Maquassi,North West,-27.315639,25.994971,10
marakana,Marakana,North West,-25.533333,27.35,10
marapalalo,Marapalalo,North West,-25.05,26.866667,10
march,March,North West,-26.853988,23.052644,10
mareetsane,Mareetsane,North West,-26.14747,25.426024,10
maretlwana,Maretlwana,North West,-25.116667,26.516667,10
maria-moed,Maria-Moed,North West,-26.813706,23.232982,10
mariba,Mariba,North West,-27.262176,23.825832,10
marico west,Marico West,North West,-25.583333,26.4,10
marico-wes,Marico-Wes,North West,-25.583333,26.4,10
maropeen,Maropeen,North West,-27.35216,23.371087,10
maropeng,Maropeng,North West,-27.35216,23.371087,10
marotaneng,Marotaneng,North West,-26.651788,23.317309,10
marotobolo,Marotobolo,North West,-27.321737,23.490143,10
marthasdal,Marthasdal,North West,-27.21272,23.318136,10
martor,Martor,North West,-27.05,23.166667,10
marubiseng,Marubiseng,North West,-27.466667,24.8,10
masamane,Masamane,North West,-25.833026,24.620113,10
masankong,Masankong,North West,-27.1704,23.119126,10
masekolane,Masekolane,North West,-25.189536,26.634804,10
maseru,Maseru,North West,-26.424085,22.902114,10
masewu,Masewu,North West,-25.379009,25.979936,10
mashutlhe,Mashutlhe,North West,-25.782059,25.413132,10
masibi,Masibi,North West,-25.804046,25.296274,10
masilabeleng,Masilabeleng,North West,-26.888327,23.119832,10
masilabetsane,Masilabetsane,North West,-26.885508,23.696439,10
masilibitsani,Masilibitsani,North West,-26.885508,23.696439,10
massikier,Massikier,North West,-25.2793,27.472228,10
maswehatshe,Maswehatshe,North West,-26.885128,23.917436,10
matemeng,Matemeng,North West,-27.012062,23.831052,10
mathanthanyaneng,Mathanthanyaneng,North West,-27.347639,23.617322,10
mathibestad,Mathibestad,North West,-25.277661,28.179281,10
mathibestat,Mathibestat,North West,-25.277661,28.179281,10
mathopestat,Mathopestat,North West,-26.014999,27.200728,10
matila,Matila,North West,-26.08138,25.758461,10
matile,Matile,North West,-26.08138,25.758461,10
matlapein,Matlapein,North West,-25.3,26.733333,10
matlapeng,Matlapeng,North West,-25.3,26.733333,10
matlhabanenong,Matlhabanenong,North West,-27.366667,23.766667,10
matlhabaneung,Matlhabaneung,North West,-27.366667,23.766667,10
matlhabatlhaba,Matlhabatlhaba,North West,-26.210383,23.664523,10
matlhagame,Matlhagame,North West,-25.15,26.966667,10
matlhase,Matlhase,North West,-25.501202,25.741605,10
matlhatlhale,Matlhatlhale,North West,-27.156595,23.977858,10
matloding,Matloding,North West,-25.907605,24.654944,10
matluetla,Matluetla,North West,-25.466667,25.683333,10
matolong,Matolong,North West,-27.581154,24.753119,10
matooster,Matooster,North West,-25.336418,27.001267,10
matrooster,Matrooster,North West,-25.332177,26.993744,10
matsaneng,Matsaneng,North West,-26.161651,23.51339,10
matshaneng,Matshaneng,North West,-27.071279,23.75484,10
matsiapane,Matsiapane,North West,-25.405238,25.696349,10
matuye,Matuye,North West,-27.333333,23.35,10
maumong,Maumong,North West,-25.583988,27.447862,10
mayeakgoro,Mayeakgoro,North West,-27.783333,24.666667,10
mazista,Mazista,North West,-25.716667,26.716667,10
mbabatho,Mbabatho,North West,-25.85,25.633333,10
mecwetsaneng,Mecwetsaneng,North West,-27.311221,23.668949,10
mecwetsaning,Mecwetsaning,North West,-27.311221,23.668949,10
medunsa,Medunsa,North West,-25.618889,28.022778,10
meganeng,Meganeng,North West,-27.272186,24.680171,10
melorane,Melorane,North West,-24.8,26.383333,10
melrose,Melrose,North West,-26.813366,23.45899,10
merindol,Merindol,North West,-26.05,27.1,10
mesa,Mesa,North West,-26.483333,26.983333,10
meseg,Meseg,North West,-25.383333,26.233333,10
metsemantsi,Metsemantsi,North West,-26.895053,23.209752,10
metsetoro,Metsetoro,North West,-26.19668,23.35562,10
metsikgetlane,Metsikgetlane,North West,-25.335421,26.623146,10
metswetsaneng,Metswetsaneng,North West,-27.311221,23.668949,10
mezeg,Mezeg,North West,-25.383333,26.233333,10
migdol,Migdol,North West,-26.904136,25.452425,10
millvale,Millvale,North West,-25.633333,26.916667,10
mimosa,Mimosa,North West,-27.203954,25.329891,10
mimosa park,Mimosa Park,North West,-26.883333,27.466667,10
mimosa park inn,Mimosa Park Inn,North West,-26.558469,27.283746,10
minto,Minto,North West,-27.232639,23.348589,10
minto no. 2,Minto No. 2,North West,-27.232639,23.348589,10
minto number two,Minto Number Two,North West,-27.232639,23.348589,10
mmabatho,Mmabatho,North West,-25.85,25.633333,10
mmaipitlwane,Mmaipitlwane,North West,-26.469612,22.897235,10
mmakaunyana,Mmakaunyana,North West,-25.395852,27.884845,10
mmakaunyane,Mmakaunyane,North West,-25.354135,28.010067,10
mmanawane,Mmanawane,North West,-25.773375,25.34952,10
mmantserre,Mmantserre,North West,-24.946833,27.094266,10
mmaphuti,Mmaphuti,North West,-26.214816,23.525128,10
mmasebudule,Mmasebudule,North West,-25.045837,26.304178,10
mmatau,Mmatau,North West,-25.241945,26.663911,10
mmatoro,Mmatoro,North West,-27.053563,23.16292,10
mmolayatshephe,Mmolayatshephe,North West,-26.201795,23.763862,10
mmopyane,Mmopyane,North West,-24.921198,27.074465,10
mmorogong,Mmorogong,North West,-25.121556,27.381697,10
mmukubyane,Mmukubyane,North West,-25.001535,27.966729,10
mmunyaneng,Mmunyaneng,North West,-27.056357,23.32834,10
modiane,Modiane,North West,-25.166667,27.983333,10
modikwe,Modikwe,North West,-25.516667,27.533333,10
modimola,Modimola,North West,-25.864108,25.454402,10
modimong,Modimong,North West,-24.834615,27.005624,10
modimung,Modimung,North West,-27.45,24.95,10
modiselele,Modiselele,North West,-26.136603,23.668086,10
moed,Moed,North West,-26.772355,23.236584,10
moedvernier,Moedvernier,North West,-27.082362,23.688738,10
moedwil,Moedwil,North West,-25.631901,26.966652,10
mofufutso,Mofufutso,North West,-26.399845,25.398326,10
mogalaneng,Mogalaneng,North West,-26.166667,23.816667,10
moghalanen,Moghalanen,North West,-26.166667,23.816667,10
mogoditshane,Mogoditshane,North West,-24.983333,26.883333,10
mogogelo,Mogogelo,North West,-25.354354,28.139647,10
mogohlwaneng,Mogohlwaneng,North West,-25.058676,28.196311,10
mogono,Mogono,North West,-25.482777,27.181823,10
mogononong,Mogononong,North West,-27.048315,23.793131,10
mogosane,Mogosane,North West,-25.718291,25.458655,10
mogwase,Mogwase,North West,-25.185052,27.266543,10
mohuti,Mohuti,North West,-25.796651,25.190059,10
moiletswane,Moiletswane,North West,-25.382962,27.927943,10
mokalamosesane,Mokalamosesane,North West,-27.363633,23.41215,10
mokaleng,Mokaleng,North West,-25.316667,25.85,10
mokalwamakgoa,Mokalwamakgoa,North West,-27.255574,23.401397,10
mokasa i,Mokasa I,North West,-27.627675,24.7007,10
mokasa ii,Mokasa II,North West,-27.610067,24.677203,10
mokgalong,Mokgalong,North West,-26.26054,23.302518,10
mokgalwane,Mokgalwane,North West,-26.473249,25.456391,10
mokgalwaneng,Mokgalwaneng,North West,-24.804681,26.989715,10
mokgareng,Mokgareng,North West,-27.55989,24.693157,10
mokgoatsi,Mokgoatsi,North West,-25.25,26.483333,10
mokobisi,Mokobisi,North West,-26.378639,25.065614,10
mokope,Mokope,North West,-26.479166,25.321001,10
molale,Molale,North West,-27.407619,24.683535,10
molatedi,Molatedi,North West,-24.852134,26.494228,10
molatswaneng,Molatswaneng,North West,-27.049334,23.90058,10
moletsamongwe,Moletsamongwe,North West,-25.754709,25.516171,10
molewane,Molewane,North West,-25.8,25.733333,10
mololema,Mololema,North West,-27.655803,25.00485,10
molomowapitsana,Molomowapitsana,North West,-27.097252,23.341895,10
molopo river,Molopo River,North West,-25.725833,24.283192,10
moloporivier,Moloporivier,North West,-25.725833,24.283192,10
molorwe,Molorwe,North West,-25.08586,26.905954,10
monetsi,Monetsi,North West,-26.02733,23.662156,10
monnakato,Monnakato,North West,-25.351284,27.273767,10
mononono,Mononono,North West,-25.042976,27.191324,10
montshiwa,Montshiwa,North West,-25.833333,25.55,10
monyenyane,Monyenyane,North West,-26.406254,23.282739,10
mooibank,Mooibank,North West,-26.751819,27.071527,10
mooifontein,Mooifontein,North West,-26.251661,25.604398,10
mooipan,Mooipan,North West,-26.348646,25.521532,10
mookaothupa,Mookaothupa,North West,-27.628121,24.609502,10
mooke,Mooke,North West,-25.066667,27.733333,10
moolagwane,Moolagwane,North West,-27.335054,23.720123,10
morna,Morna,North West,-26.651744,23.803804,10
morokwa,Morokwa,North West,-26.240925,25.346649,10
morokwaneng,Morokwaneng,North West,-26.100657,23.712818,10
morokwen,Morokwen,North West,-26.125004,23.772504,10
morokweng,Morokweng,North West,-26.125004,23.772504,10
morotowontshe,Morotowontshe,North West,-27.287951,23.199038,10
morpeth,Morpeth,North West,-26.942496,23.481972,10
morula sun,Morula Sun,North West,-25.507778,28.038056,10
morwatshetlha,Morwatshetlha,North West,-25.959066,25.48133,10
mosakong,Mosakong,North West,-27.086992,23.904502,10
moshoso,Moshoso,North West,-27.546771,24.882512,10
mositlane,Mositlane,North West,-26.433333,24.15,10
mosito,Mosito,North West,-25.183333,26.883333,10
moswana,Moswana,North West,-26.530082,24.235438,10
motchelie,Motchelie,North West,-25.282274,25.885733,10
mothanthanyaneng,Mothanthanyaneng,North West,-27.661968,24.906812,10
mothloeng,Mothloeng,North West,-27.462733,23.847971,10
mothong,Mothong,North West,-27.462733,23.847971,10
motito,Motito,North West,-27.06238,23.830253,10
motlhabe,Motlhabe,North West,-25.066211,26.943596,10
motlhokaditse,Motlhokaditse,North West,-26.270475,25.233928,10
motshikiri,Motshikiri,North West,-25.2793,27.472228,10
motswedi,Motswedi,North West,-25.282274,25.885733,10
motsweding,Motsweding,North West,-27.692762,24.669066,10
moubana,Moubana,North West,-25.298399,26.637851,10
moumong,Moumong,North West,-25.613558,27.912305,10
mphonyoke,Mphonyoke,North West,-25.0213,26.969728,10
mudubung,Mudubung,North West,-25.983333,27.233333,10
museva,Museva,North West,-27.3,23.333333,10
mushwutlhe,Mushwutlhe,North West,-25.853991,25.407292,10
naauwpoort,Naauwpoort,North West,-26.187386,25.575881,10
nchanin,Nchanin,North West,-27.05,23.233333,10
nchaning,Nchaning,North West,-27.05,23.233333,10
neira,Neira,North West,-27.291021,23.388637,10
nevin,Nevin,North West,-26.774099,23.315186,10
niemeer,Niemeer,North West,-26.540856,26.892653,10
nietverdiend,Nietverdiend,North West,-25.022113,26.158364,10
niks,Niks,North West,-27.434956,23.772216,10
nkajaneng,Nkajaneng,North West,-27.096452,23.544974,10
nkogolwe,Nkogolwe,North West,-25.031105,26.754806,10
nkwedumang,Nkwedumang,North West,-25.229875,25.862759,10
nonceba,Nonceba,North West,-24.93468,26.720325,10
nooitgedacht,Nooitgedacht,North West,-25.55,27.433333,10
norlim,Norlim,North West,-27.616667,24.633333,10
noupoort,Noupoort,North West,-26.5736,27.112867,10
ntsana-le-metsing,Ntsana-le-Metsing,North West,-25.051972,26.971494,10
ntsopile,Ntsopile,North West,-25.566069,27.840219,10
ntswanahatshe,Ntswanahatshe,North West,-27.294539,24.712495,10
ntswaneng,Ntswaneng,North West,-27.058048,23.228027,10
ntswelengwe,Ntswelengwe,North West,-27.46318,23.631067,10
ntsweng,Ntsweng,North West,-27.233333,23.25,10
nuwe eersterus,Nuwe Eersterus,North West,-25.407231,28.134122,10
oceola,Oceola,North West,-27.000133,23.52341,10
olverton,Olverton,North West,-25.070092,28.191263,10
ooseinde,Ooseinde,North West,-26.133333,26.183333,10
ophir,Ophir,North West,-26.747658,23.910057,10
opraap,Opraap,North West,-26.522672,26.54997,10
oranje,Oranje,North West,-27.142521,23.664195,10
oraredi,Oraredi,North West,-27.083333,23.333333,10
orkney,Orkney,North West,-26.980232,26.672717,10
ottosdal,Ottosdal,North West,-26.809081,26.005379,10
ottoshoop,Ottoshoop,North West,-25.749157,25.967659,10
ou thomas se loop,Ou Thomas se Loop,North West,-25.316667,26.55,10
padstow,Padstow,North West,-26.821683,23.206537,10
palasane,Palasane,North West,-26.125049,23.229348,10
pampierstad,Pampierstad,North West,-27.783235,24.687685,10
pampierstat,Pampierstat,North West,-27.783235,24.687685,10
pansdrif,Pansdrif,North West,-25.557499,27.702482,10
pansdrift,Pansdrift,North West,-25.557499,27.702482,10
pautlane,Pautlane,North West,-25.925433,23.587187,10
pelindaba,Pelindaba,North West,-25.783333,27.916667,10
pembroke,Pembroke,North West,-26.700552,23.866522,10
pender,Pender,North West,-26.937985,23.395366,10
penryn,Penryn,North West,-26.878251,23.069245,10
perth,Perth,North West,-26.460731,23.08361,10
phaposane,Phaposane,North West,-26.563744,24.317467,10
phepane,Phepane,North West,-26.10547,23.319852,10
phiring,Phiring,North West,-25.76885,25.161819,10
phitshane,Phitshane,North West,-25.74942,25.096552,10
phitshane molopo,Phitshane Molopo,North West,-25.74942,25.096552,10
phokeng,Phokeng,North West,-25.567324,27.159618,10
pholofolo,Pholofolo,North West,-27.666667,25.016667,10
pholoholo,Pholoholo,North West,-27.637282,24.983529,10
phomolong,Phomolong,North West,-26.890439,23.242251,10
photsaneng,Photsaneng,North West,-25.681422,27.377247,10
phuting,Phuting,North West,-25.173867,27.200349,10
piet plessis,Piet Plessis,North West,-26.163531,24.411924,10
piet se bos,Piet se Bos,North West,-27.213081,23.241717,10
pilanesberg,Pilanesberg,North West,-25.248525,27.109686,10
pilansberg,Pilansberg,North West,-25.248525,27.109686,10
pitsane,Pitsane,North West,-25.74942,25.096552,10
pitsani,Pitsani,North West,-25.74942,25.096552,10
pitsedisulejang,Pitsedisulejang,North West,-25.025921,26.482007,10
pitsong,Pitsong,North West,-27.594276,24.86554,10
pomfret,Pomfret,North West,-25.815603,23.524422,10
potchefstroom,Potchefstroom,North West,-26.716667,27.1,10
povall,Povall,North West,-26.833333,23.833333,10
puaneng,Puaneng,North West,-25.427097,25.860814,10
pudumong,Pudumong,North West,-27.395152,24.721997,10
putfontein,Putfontein,North West,-26.25,26.483333,10
quest mine,Quest Mine,North West,-26.733333,26.8,10
rabokala,Rabokala,North West,-25.505561,27.882722,10
rabusula,Rabusula,North West,-25.287981,27.981924,10
radia congwa,Radia Congwa,North West,-27.27264,23.521457,10
raghas,Raghas,North West,-25.816667,25.366667,10
ralitsalibe,Ralitsalibe,North West,-27.083333,23.35,10
ramabesa,Ramabesa,North West,-26.394076,25.106963,10
ramakoks,Ramakoks,North West,-25.150483,27.441404,10
ramakokstad,Ramakokstad,North West,-25.150483,27.441404,10
ramala,Ramala,North West,-25.633333,27.516667,10
ramatale,Ramatale,North West,-27.034024,23.516032,10
ramokabati,Ramokabati,North West,-27.024825,23.986549,10
ramokikwana,Ramokikwana,North West,-27.15851,23.893844,10
ramokokstad,Ramokokstad,North West,-25.150483,27.441404,10
ramolapong,Ramolapong,North West,-25.606574,27.927804,10
ramosibitswana,Ramosibitswana,North West,-24.954675,26.950252,10
rankelenyane,Rankelenyane,North West,-25.569662,27.415955,10
rathipa,Rathipa,North West,-25.533333,27.3,10
ratsegae,Ratsegae,North West,-25.193042,26.59343,10
raubenheim,Raubenheim,North West,-27.133333,25,10
redbarn,Redbarn,North West,-25.966667,23.8,10
reebokfontein wes,Reebokfontein Wes,North West,-26.759794,26.656926,10
reivilo,Reivilo,North West,-27.565638,24.1817,10
renostervlei,Renostervlei,North West,-25.11949,28.188277,10
riet vley,Riet Vley,North West,-27.166667,23.966667,10
rietfontein,Rietfontein,North West,-25.783333,27.466667,10
rietvlei,Rietvlei,North West,-25.713303,26.257916,10
rodeon,Rodeon,North West,-25.650215,26.688564,10
roelofs kamp,Roelofs Kamp,North West,-26.145797,24.398909,10
roodegrond,Roodegrond,North West,-25.914428,25.790156,10
roodekuil,Roodekuil,North West,-25.233333,27.816667,10
rooibank,Rooibank,North West,-26.917077,23.063909,10
rooigrond,Rooigrond,North West,-25.914428,25.790156,10
rooikoppies,Rooikoppies,North West,-25.611949,27.790947,10
rooipoort,Rooipoort,North West,-26.782895,27.214249,10
rooiput,Rooiput,North West,-27.085568,23.725744,10
rooiwal,Rooiwal,North West,-27.568754,24.726284,10
roosendal,Roosendal,North West,-26.116667,25.6,10
roosplaas,Roosplaas,North West,-26.266667,25.6,10
roosplaats,Roosplaats,North West,-26.266667,25.6,10
roostplaats,Roostplaats,North West,-26.266667,25.6,10
rowell,Rowell,North West,-27.456921,23.772288,10
rugby,Rugby,North West,-26.711982,23.210815,10
ruigtesloo,Ruigtesloo,North West,-25.046087,27.843329,10
ruitjesvlakte,Ruitjesvlakte,North West,-25.016667,25.95,10
rusfontein,Rusfontein,North West,-27.033333,23.233333,10
rustenburg,Rustenburg,North West,-25.667562,27.242079,10
ruthven,Ruthven,North West,-26.856946,23.134478,10
rykaartspos,Rykaartspos,North West,-26.537049,26.636895,10
rykaartspost,Rykaartspost,North West,-26.537049,26.636895,10
ryno,Ryno,North West,-26.733333,23.816667,10
saamwerk,Saamwerk,North West,-26.683333,25.9,10
sacville,Sacville,North West,-26.683333,27.066667,10
sakhrol,Sakhrol,North West,-26.866667,26.583333,10
sakutsana,Sakutsana,North West,-25.066667,25.8,10
sakutswane,Sakutswane,North West,-25.066667,25.8,10
salaneng,Salaneng,North West,-26.363133,23.110129,10
saleng,Saleng,North West,-26.428956,25.339881,10
sandfontein,Sandfontein,North West,-25.702254,27.798716,10
sandpoortjie,Sandpoortjie,North West,-25.4,26.083333,10
sannieshof,Sannieshof,North West,-26.529465,25.808943,10
saracen,Saracen,North West,-27.25,24.016667,10
sark,Sark,North West,-26.607382,23.006423,10
sasane,Sasane,North West,-25.859055,25.009898,10
saulspoort,Saulspoort,North West,-25.160918,27.162964,10
scatter,Scatter,North West,-27.14688,23.707849,10
scattergood,Scattergood,North West,-27.14688,23.707849,10
schoemansville,Schoemansville,North West,-25.728685,27.873882,10
schoemanville,Schoemanville,North West,-25.728685,27.873882,10
schoongezicht,Schoongezicht,North West,-25.460216,26.762385,10
schweizer-reineke,Schweizer-Reineke,North West,-27.188713,25.329307,10
schweizer-reneke,Schweizer-Reneke,North West,-27.188713,25.329307,10
seane,Seane,North West,-25.1967,25.827717,10
seatlane,Seatlane,North West,-26.285111,23.358373,10
sedebin,Sedebin,North West,-27.196245,23.179642,10
sedibeng,Sedibeng,North West,-27.196245,23.179642,10
sedilamolamo,Sedilamolamo,North West,-25.831372,24.685851,10
sedilamolomo,Sedilamolomo,North West,-25.831372,24.685851,10
sedu kung,Sedu Kung,North West,-27.658889,24.95439,10
segwaelane,Segwaelane,North West,-25.662362,27.607056,10
segwaneng,Segwaneng,North West,-27.063186,23.981735,10
sehuba,Sehuba,North West,-25.95,25.666667,10
sekampaneng,Sekampaneng,North West,-25.397162,28.235903,10
sekgwasankwe,Sekgwasankwe,North West,-26.678914,23.479601,10
sekhing,Sekhing,North West,-27.845609,24.62813,10
selepe,Selepe,North West,-25.063984,28.051439,10
selobane,Selobane,North West,-26.328736,23.29221,10
sengoma,Sengoma,North West,-24.955347,25.878024,10
seodin,Seodin,North West,-27.390732,23.432009,10
seoding,Seoding,North West,-27.390732,23.432009,10
seolong,Seolong,North West,-25.145467,26.825577,10
sephai,Sephai,North West,-25.24866,27.803279,10
seringa stad,Seringa Stad,North West,-25.533333,27.95,10
serutube,Serutube,North West,-25.528958,27.30288,10
sesibitswe,Sesibitswe,North West,-25.421368,26.562924,10
setabeng,Setabeng,North West,-25.899422,23.505431,10
setete,Setete,North West,-25.45,25.983333,10
setlago,Setlago,North West,-26.280179,25.109656,10
setlagode,Setlagode,North West,-26.280179,25.109656,10
setlagodi,Setlagodi,North West,-26.280179,25.109656,10
setlagoli,Setlagoli,North West,-26.280179,25.109656,10
setlhakeng,Setlhakeng,North West,-27.108413,23.930785,10
setshwatshwaneng,Setshwatshwaneng,North West,-26.826644,23.540924,10
setuat,Setuat,North West,-26.766667,24.583333,10
severn,Severn,North West,-26.590616,22.855419,10
shakung,Shakung,North West,-25.338816,27.907026,10
shaleng,Shaleng,North West,-26.240318,25.167426,10
shippards gift,Shippards Gift,North West,-26.933333,23.983333,10
shipton,Shipton,North West,-26.959272,23.594155,10
shoongezicht,Shoongezicht,North West,-25.460216,26.762385,10
shushulin,Shushulin,North West,-27.066667,23.116667,10
sias,Sias,North West,-26.316667,25.65,10
siberia,Siberia,North West,-26.263554,25.460947,10
sikwane,Sikwane,North West,-24.966667,25.916667,10
silakatskop,Silakatskop,North West,-25.043649,26.434893,10
silkaatskop,Silkaatskop,North West,-25.043649,26.434893,10
silveroaks,Silveroaks,North West,-25.713999,26.877789,10
skitter,Skitter,North West,-27.14688,23.707849,10
slagboom,Slagboom,North West,-25.028433,28.005203,10
slough,Slough,North West,-26.85787,23.366304,10
slurry,Slurry,North West,-25.815552,25.843797,10
smauswane,Smauswane,North West,-27.272975,23.603994,10
snymansvlei,Snymansvlei,North West,-25.65,26.15,10
sonop,Sonop,North West,-25.649845,27.696935,10
soutbos,Soutbos,North West,-26.15,23.983333,10
southey,Southey,North West,-26.77709,24.016014,10
soutpomp,Soutpomp,North West,-26.577609,22.945884,10
springbokpan,Springbokpan,North West,-26.121798,25.774708,10
springvale,Springvale,North West,-26.87727,26.807703,10
steilnek,Steilnek,North West,-26.014574,24.809561,10
stella,Stella,North West,-26.552983,24.866835,10
stewartby,Stewartby,North West,-26.133333,26.183333,10
sthaberg,Sthaberg,North West,-25.41136,27.123867,10
stilfontein,Stilfontein,North West,-26.844926,26.768294,10
stillerus,Stillerus,North West,-27.26267,23.861132,10
stinkwater,Stinkwater,North West,-25.387942,28.15817,10
stoffelshoek,Stoffelshoek,North West,-25.89496,23.197091,10
strydfontein,Strydfontein,North West,-25.045837,26.304178,10
suikerbostuin,Suikerbostuin,North West,-25.833333,27.133333,10
sun city,Sun City,North West,-25.346381,27.097333,10
supingstad,Supingstad,North West,-24.789433,26.054088,10
sutelong,Sutelong,North West,-25.15,27.966667,10
suurman,Suurman,North West,-25.38097,28.225715,10
swartbooistad,Swartbooistad,North West,-25.26827,28.169312,10
swartbooistat,Swartbooistat,North West,-25.26827,28.169312,10
swartboom,Swartboom,North West,-25.039972,28.132196,10
swartdamstad,Swartdamstad,North West,-25.32379,28.048509,10
swartdamstat,Swartdamstat,North West,-25.32379,28.048509,10
swartkopfonteinhek,Swartkopfonteinhek,North West,-24.866667,25.966667,10
swartruggens,Swartruggens,North West,-25.650215,26.688564,10
sweethome,Sweethome,North West,-27.428527,23.508592,10
sydney,Sydney,North West,-26.215543,23.115987,10
syferkuil,Syferkuil,North West,-26.516667,26.416667,10
taaibosbult,Taaibosbult,North West,-26.878164,27.047408,10
takaneng,Takaneng,North West,-27.587104,24.614407,10
tamasikwa,Tamasikwa,North West,-27.612965,24.609708,10
taung,Taung,North West,-27.531126,24.786587,10
taungs,Taungs,North West,-27.531126,24.786587,10
tay,Tay,North West,-26.485846,22.979763,10
tekort,Tekort,North West,-26.683575,23.096237,10
temba,Temba,North West,-25.381708,28.264376,10
tenby,Tenby,North West,-26.866998,23.410937,10
thabantswana,Thabantswana,North West,-25.683333,27.633333,10
thaba-sione,Thaba-Sione,North West,-26.354147,25.422689,10
thabeng,Thabeng,North West,-25.136498,27.461493,10
thamoanche,Thamoanche,North West,-27.329608,23.440012,10
thamoyantshe,Thamoyantshe,North West,-27.329608,23.440012,10
thekane,Thekane,North West,-25.655275,27.367266,10
thekwane,Thekwane,North West,-25.655275,27.367266,10
thelesho,Thelesho,North West,-25.983333,25.5,10
thepe,Thepe,North West,-26.317762,25.222112,10
thlabane,Thlabane,North West,-25.6404,27.216476,10
thladistad,Thladistad,North West,-25.199382,28.04463,10
thomasdale,Thomasdale,North West,-27.110433,23.718916,10
thomeng,Thomeng,North West,-27.694875,24.60376,10
thota va tau,Thota va tau,North West,-28.066855,24.544372,10
thotayamoku,Thotayamoku,North West,-27.269264,23.704964,10
thultwane,Thultwane,North West,-26.327549,25.160114,10
thulwe,Thulwe,North West,-25.22487,28.21306,10
thusong,Thusong,North West,-26.199413,25.601657,10
tigane,Tigane,North West,-26.739402,26.421258,10
tiokweng,Tiokweng,North West,-25.5,26.633333,10
tladistat,Tladistat,North West,-25.199382,28.04463,10
tlakaming,Tlakaming,North West,-26.468626,24.340061,10
tlapeng,Tlapeng,North West,-25.744131,25.424849,10
tlaping,Tlaping,North West,-26.836441,23.928494,10
tlaseng,Tlaseng,North West,-25.474408,27.35087,10
tlhakajeng,Tlhakajeng,North West,-26.303335,25.336976,10
tlhakgameng,Tlhakgameng,North West,-26.468626,24.340061,10
tlhakmeng,Tlhakmeng,North West,-26.468626,24.340061,10
tlhatlhaganyane,Tlhatlhaganyane,North West,-25.222119,26.944003,10
tokolwane,Tokolwane,North West,-27.230777,23.770591,10
tornado,Tornado,North West,-25.716667,27.65,10
torrington,Torrington,North West,-25.35,26.183333,10
tosca,Tosca,North West,-25.879014,23.959468,10
tra blanca,Tra Blanca,North West,-27.194512,23.728771,10
trassievlakte,Trassievlakte,North West,-26.839352,23.550021,10
trom,Trom,North West,-26.623863,23.393156,10
tsaelengwe,Tsaelengwe,North West,-27.383333,23.733333,10
tsailingwe,Tsailingwe,North West,-27.383333,23.733333,10
tsamaros,Tsamaros,North West,-27.280261,23.900234,10
tsamarose,Tsamarose,North West,-27.280261,23.900234,10
tsechou,Tsechou,North West,-26.131339,23.834022,10
tsechu,Tsechu,North West,-26.131339,23.834022,10
tselaengwe,Tselaengwe,North West,-27.383333,23.733333,10
tseng,Tseng,North West,-25.983333,23.45,10
tsenin,Tsenin,North West,-27.089892,23.08586,10
tsetse,Tsêtsê,North West,-26.183333,26.8,10
tshaneng,Tshaneng,North West,-25.41136,27.123867,10
tshetsho,Tshetsho,North West,-26.131339,23.834022,10
tshetshu,Tshetshu,North West,-26.131339,23.834022,10
tshetshwana,Tshetshwana,North West,-26.173162,23.827053,10
tshidilamolomo,Tshidilamolomo,North West,-25.831372,24.685851,10
tshoupane,Tshoupane,North West,-26.023289,23.369366,10
tshunyane,Tshunyane,North West,-26.040225,25.519384,10
tshwara,Tshwara,North West,-25.621258,27.934274,10
tshwee,Tshwee,North West,-25.283333,27.716667,10
tsilwana,Tsilwana,North West,-26.412116,23.105723,10
tsimolomo,Tsimolomo,North West,-25.831372,24.685851,10
tsineng,Tsineng,North West,-27.089892,23.08586,10
tsineng-kop,Tsineng-Kop,North West,-27.058296,23.063005,10
tsitsing,Tsitsing,North West,-25.468464,27.320632,10
tsoe,Tsoe,North West,-26.272274,23.161907,10
tswaaneng,Tswaaneng,North West,-25.150499,27.118656,10
tswedintlhe,Tswedintlhe,North West,-27.533333,24.833333,10
tuhutsang,Tuhutsang,North West,-26.05282,23.668665,10
tumaskop,Tumaskop,North West,-25.266667,26.85,10
turfvlakte,Turfvlakte,North West,-25.633333,27.216667,10
tweed,Tweed,North West,-26.565658,22.804684,10
tweelingspan,Tweelingspan,North West,-27.55874,25.005324,10
twycross,Twycross,North West,-26.25,26.083333,10
tygerfontein,Tygerfontein,North West,-26.887898,27.20813,10
uitkoms,Uitkoms,North West,-26.806857,23.306899,10
uitkyk,Uitkyk,North West,-26.204154,25.575446,10
uitlanderskraal,Uitlanderskraal,North West,-25.116667,26.733333,10
utsili,Utsili,North West,-27.1,23.366667,10
vaal reef,Vaal Reef,North West,-26.932181,26.737338,10
vaal reefs,Vaal Reefs,North West,-26.932181,26.737338,10
vaalboschhoek,Vaalboschhoek,North West,-27.769856,24.465261,10
vaalpan,Vaalpan,North West,-26.64758,23.416427,10
vaalplaats,Vaalplaats,North West,-26.320215,25.656476,10
vanwykshuis,Vanwykshuis,North West,-25.644123,24.082278,10
ventersdorp,Ventersdorp,North West,-26.314011,26.822231,10
verdwaal,Verdwaal,North West,-26.086947,25.910374,10
vergelee,Vergeleë,North West,-25.77875,24.200355,10
vergelen,Vergelen,North West,-25.77875,24.200355,10
vermaas,Vermaas,North West,-26.533874,25.995908,10
vicedale,Vicedale,North West,-26.816667,24.45,10
viera,Viera,North West,-26.668328,23.552838,10
vlakfontein,Vlakfontein,North West,-25.216667,26.816667,10
vlakpan,Vlakpan,North West,-27.116439,23.760088,10
vlakplaats,Vlakplaats,North West,-25.188374,26.676841,10
vorstershoop,Vorstershoop,North West,-25.836552,23.024253,10
vrede,Vrede,North West,-25.465292,26.552201,10
vrisgewaagd,Vrisgewaagd,North West,-25.283333,26.65,10
vryburg,Vryburg,North West,-26.956588,24.728403,10
vrygees,Vrygees,North West,-26.85,23.933333,10
vrywillig,Vrywillig,North West,-26.283333,24.6,10
vyfhoek,Vyfhoek,North West,-26.711979,27.132955,10
washington,Washington,North West,-27.36642,23.712517,10
water-fouche,Water-fouché,North West,-26.432676,23.495573,10
wegdraai,Wegdraai,North West,-25.133333,26.416667,10
welbedacht,Welbedacht,North West,-25.5,25.966667,10
weltevreden,Weltevreden,North West,-26.289451,25.507581,10
welverdiend,Welverdiend,North West,-26.04499,25.753132,10
west derby,West Derby,North West,-27.42654,23.564278,10
west end,West End,North West,-26.905138,27.445227,10
westhuyzen,Westhuyzen,North West,-27.516667,25.483333,10
wevedeen,Wevedeen,North West,-25.469205,27.407329,10
wevedene,Wevedene,North West,-25.469205,27.407329,10
weverdene,Weverdene,North West,-25.469205,27.407329,10
whitby,Whitby,North West,-26.572273,23.100674,10
wilgeboom,Wilgeboom,North West,-26.767637,27.114281,10
wilgeboomspruit,Wilgeboomspruit,North West,-25.579136,26.300977,10
wilkoppies,Wilkoppies,North West,-26.833096,26.67315,10
winterveld,Winterveld,North West,-25.416759,28.027864,10
winterveld agricultural settlement,Winterveld Agricultural Settlement,North West,-25.416759,28.027864,10
witfontein,Witfontein,North West,-26.867561,26.161606,10
witkleigat,Witkleigat,North West,-24.975794,25.887717,10
witpan,Witpan,North West,-26.438489,25.571491,10
witpoort,Witpoort,North West,-27.171789,26.126987,10
witputs,Witputs,North West,-27.23482,23.408242,10
witrantjie,Witrantjie,North West,-25.275658,26.90775,10
wolmaransstad,Wolmaransstad,North West,-27.197395,25.983106,10
wolmaranstad,Wolmaranstad,North West,-27.197395,25.983106,10
wondermere,Wondermere,North West,-25.716647,26.244295,10
worthy,Worthy,North West,-26.986333,23.625377,10
wydhoek,Wydhoek,North West,-25.310865,27.067693,10
wykeham,Wykeham,North West,-25.366667,26.083333,10
zaphiri,Zaphiri,North West,-27.15,23.4,10
zeerust,Zeerust,North West,-25.536951,26.075117,10
zwartbooystad,Zwartbooystad,North West,-25.26827,28.169312,10
zwartruggens,Zwartruggens,North West,-25.650215,26.688564,10
aggeneis,Aggeneis,Northern Cape,-29.207674,18.842393,8
aggeneys,Aggeneys,Northern Cape,-29.207674,18.842393,8
alexander bay,Alexander Bay,Northern Cape,-28.596078,16.485355,8
alexanderbaai,Alexanderbaai,Northern Cape,-28.596078,16.485355,8
alheit,Alheit,Northern Cape,-28.755319,20.535768,8
annasgeluk,Annasgeluk,Northern Cape,-27.453541,23.882034,8
annashoop,Annashoop,Northern Cape,-28.65,23.066667,8
annisfontein,Annisfontein,Northern Cape,-28.416667,16.883333,8
arbeidsvreug,Arbeidsvreug,Northern Cape,-29.783686,21.306555,8
ariemagom,Ariemagom,Northern Cape,-28.216667,21.316667,8
ariesputs,Ariesputs,Northern Cape,-28.633333,20.25,8
asbosbam,Asbosbam,Northern Cape,-30.9,21.75,8
aseries puts,Aseries Puts,Northern Cape,-28.133333,20.316667,8
askham,Askham,Northern Cape,-26.980186,20.781791,8
aucampsrus,Aucampsrus,Northern Cape,-28.216667,22.916667,8
auchas,Auchas,Northern Cape,-28.333333,16.8,8
aughrabies,Aughrabies,Northern Cape,-28.633333,20.35,8
augrabies,Augrabies,Northern Cape,-28.633333,20.35,8
badenhorstdam,Badenhorstdam,Northern Cape,-30.194333,22.039734,8
bakenkop,Bakenkop,Northern Cape,-28.903416,22.433434,8
bakenkop store,Bakenkop Store,Northern Cape,-28.903416,22.433434,8
balburney,Balburney,Northern Cape,-29.3,21.25,8
barker,Barker,Northern Cape,-27.833333,23.933333,8
barker's halt,Barker's Halt,Northern Cape,-27.833333,23.933333,8
barkly west,Barkly West,Northern Cape,-28.535366,24.521506,8
barkly-wes,Barkly-Wes,Northern Cape,-28.535366,24.521506,8
bastersput,Bastersput,Northern Cape,-29.827523,21.486993,8
beaconfield,Beaconfield,Northern Cape,-28.752994,24.785484,8
beaconsfield,Beaconsfield,Northern Cape,-28.752994,24.785484,8
beesdam,Beesdam,Northern Cape,-30.178147,21.768376,8
beginsil,Beginsil,Northern Cape,-26.933333,20.65,8
bend,Bend,Northern Cape,-28.6,24.566667,8
bergsig,Bergsig,Northern Cape,-30.666212,21.529927,8
bergsputte,Bergsputte,Northern Cape,-28.833333,23.566667,8
bessiedam,Bessiedam,Northern Cape,-30.175087,21.060025,8
bethulie,Bethulie,Northern Cape,-30.539416,21.284512,8
biesies,Biesies,Northern Cape,-29.871884,17.712692,8
blaauboskom,Blaauboskom,Northern Cape,-30.316667,20.016667,8
blaauwkrantz,Blaauwkrantz,Northern Cape,-30.997042,22.232806,8
bladgrond,Bladgrond,Northern Cape,-28.833333,19.85,8
bladgrond-noord,Bladgrond-Noord,Northern Cape,-28.833333,19.85,8
blesbokhoek,Blesbokhoek,Northern Cape,-30.516667,18.25,8
blinkklip,Blinkklip,Northern Cape,-30.933333,21.983333,8
bloekomhoogte,Bloekomhoogte,Northern Cape,-30.122496,21.003516,8
bloubospan,Bloubospan,Northern Cape,-28.533333,22.766667,8
bloupoort,Bloupoort,Northern Cape,-30.642946,21.789756,8
blouputs,Blouputs,Northern Cape,-29.839453,21.391092,8
blouvlei,Blouvlei,Northern Cape,-30.666819,21.728637,8
boegoeberg,Boegoeberg,Northern Cape,-28.983333,22.183333,8
boegoeberg besproeiings nedersetting,Boegoeberg Besproeiings Nedersetting,Northern Cape,-28.75,21.833333,8
boegoeberg dam,Boegoeberg Dam,Northern Cape,-29.049257,22.19961,8
boitshoko,Boitshoko,Northern Cape,-28.319033,23.041056,8
bojelakgomo,Bojelakgomo,Northern Cape,-28.016667,23.1,8
bok se puts,Bok se Puts,Northern Cape,-28.533333,20.833333,8
bokkraal,Bokkraal,Northern Cape,-27.383996,23.973539,8
boksputs,Boksputs,Northern Cape,-28.533333,20.833333,8
bolelakgapu,Bolelakgapu,Northern Cape,-27.65,23.983333,8
bolellacarpu,Bolellacarpu,Northern Cape,-27.65,23.983333,8
bonfoi,Bonfoi,Northern Cape,-29.303507,22.464511,8
boomrivier,Boomrivier,Northern Cape,-29.887407,21.162021,8
boorwater,Boorwater,Northern Cape,-29.328248,22.467268,8
bosbult,Bosbult,Northern Cape,-29.790936,21.646405,8
bossjesdam,Bossjesdam,Northern Cape,-30.1,21.25,8
bowden,Bowden,Northern Cape,-28.366667,23.5,8
brakbos kolk,Brakbos Kolk,Northern Cape,-28.55,20.75,8
brakboschkolk,Brakboschkolk,Northern Cape,-28.55,20.75,8
brakputs,Brakputs,Northern Cape,-30.883333,19.95,8
brandkloof,Brandkloof,Northern Cape,-29.45983,17.944887,8
brandvlei,Brandvlei,Northern Cape,-30.465317,20.486594,8
bretby,Bretby,Northern Cape,-27.848164,23.488585,8
brierspan,Brierspan,Northern Cape,-29.303184,21.933379,8
britstown,Britstown,Northern Cape,-30.587456,23.50391,8
brospan,Brospan,Northern Cape,-30.396278,21.011018,8
brussel,Brussel,Northern Cape,-29.302902,21.248894,8
buchuberg irrigation settlement,Buchuberg Irrigation Settlement,Northern Cape,-28.75,21.833333,8
buchufontein,Buchufontein,Northern Cape,-30.243654,19.586724,8
bucklands,Bucklands,Northern Cape,-29.066667,23.683333,8
bucklands settlement,Bucklands Settlement,Northern Cape,-29.066667,23.683333,8
bucklands-nedersetting,Bucklands-Nedersetting,Northern Cape,-29.066667,23.683333,8
bucklegraf,Bucklegraf,Northern Cape,-29.189074,22.196974,8
bulkrans,Bulkrans,Northern Cape,-28.283333,22.7,8
bulsny,Bulsny,Northern Cape,-29.95,20.15,8
bussons kloof,Bussons Kloof,Northern Cape,-28.55,20.6,8
calvinia,Calvinia,Northern Cape,-31.470688,19.776008,8
campbell,Campbell,Northern Cape,-28.799719,23.714816,8
campbell-beukes,Campbell-Beukes,Northern Cape,-28.799719,23.714816,8
carnarvon,Carnarvon,Northern Cape,-30.968266,22.133026,8
carolusberg,Carolusberg,Northern Cape,-29.636112,17.951523,8
christiana,Christiana,Northern Cape,-28.221878,21.274068,8
clearwater,Clearwater,Northern Cape,-28.65,23.983333,8
colesberg,Colesberg,Northern Cape,-30.719994,25.097185,8
colesberg dorp,Colesberg Dorp,Northern Cape,-30.719994,25.097185,8
colesberg town,Colesberg Town,Northern Cape,-30.719994,25.097185,8
coloured settlement,Coloured Settlement,Northern Cape,-26.74213,20.33376,8
concordia,Concordia,Northern Cape,-29.534451,17.944005,8
constantia,Constantia,Northern Cape,-29.984044,21.670991,8
content,Content,Northern Cape,-28.233333,24.85,8
copperton,Copperton,Northern Cape,-29.923062,22.304427,8
cruachan,Cruachan,Northern Cape,-29.938077,21.918885,8
currie's camp,Currie's Camp,Northern Cape,-28.675518,21.039436,8
daberas,Daberas,Northern Cape,-28.333333,16.766667,8
dagboetie,Dagboetie,Northern Cape,-30.331943,21.743195,8
dagbreek,Dagbreek,Northern Cape,-27.600598,22.87789,8
damplaats,Damplaats,Northern Cape,-28.580253,23.172969,8
damskolk,Damskolk,Northern Cape,-30.355871,20.127031,8
danielskuil,Daniëlskuil,Northern Cape,-28.18873,23.539508,8
de aar,De Aar,Northern Cape,-30.649657,24.012295,8
de bakke,De Bakke,Northern Cape,-29.517572,21.000415,8
de beers farm,De Beers Farm,Northern Cape,-28.866667,24.75,8
de bruynsrus,De Bruynsrus,Northern Cape,-30.205277,21.80986,8
de halt,De Halt,Northern Cape,-27.884692,20.389047,8
de hoek,De Hoek,Northern Cape,-29.929868,22.070257,8
de hoop,De Hoop,Northern Cape,-29.942696,21.632992,8
de kruis,De Kruis,Northern Cape,-29.650486,21.192427,8
de niel,De Niel,Northern Cape,-29.983333,21.35,8
de rust,De Rust,Northern Cape,-29.203134,21.203914,8
de vloere,De Vloere,Northern Cape,-30.583333,20.15,8
deben,Deben,Northern Cape,-27.592911,22.875403,8
deberas,Deberas,Northern Cape,-28.333333,16.766667,8
dedeben,Dedeben,Northern Cape,-27.287655,22.485493,8
deelfontein,Deelfontein,Northern Cape,-30.989722,23.800185,8
deelpan,Deelpan,Northern Cape,-29.584016,22.402879,8
delpoorts hope,Delpoorts Hope,Northern Cape,-28.416267,24.305824,8
delport's hope,Delport's Hope,Northern Cape,-28.416267,24.305824,8
delportshoop,Delportshoop,Northern Cape,-28.416267,24.305824,8
delvitle,Delvitle,Northern Cape,-30.96304,22.11245,8
deniel,Deniel,Northern Cape,-29.984411,21.843856,8
dibeng,Dibeng,Northern Cape,-27.592911,22.875403,8
die hoek,Die Hoek,Northern Cape,-29.835436,21.16392,8
diemansput-suid,Diemansput-suid,Northern Cape,-29.950855,21.563781,8
donkiekraal,Donkiekraal,Northern Cape,-27.983333,21.55,8
doornbank,Doornbank,Northern Cape,-28.566667,23.15,8
doringrivier,Doringrivier,Northern Cape,-28.996927,17.367603,8
douglas,Douglas,Northern Cape,-29.055307,23.7743,8
draghoender,Draghoender,Northern Cape,-29.366527,22.131888,8
driehoek,Driehoek,Northern Cape,-29.862789,21.876638,8
driekop,Driekop,Northern Cape,-29.380483,21.09435,8
drieweeksleegte,Drieweeksleegte,Northern Cape,-30.938088,22.134099,8
drifsand,Drifsand,Northern Cape,-28.433333,16.783333,8
drift hotel,Drift Hotel,Northern Cape,-28.083333,24.866667,8
droogeboom,Droogeboom,Northern Cape,-30.916667,21.683333,8
droogenhoutputs,Droogenhoutputs,Northern Cape,-29.9,21.416667,8
duikersdal,Duikersdal,Northern Cape,-29.072555,22.561229,8
dwarsvlei,Dwarsvlei,Northern Cape,-27.46924,23.907655,8
edenville,Edenville,Northern Cape,-29.260758,21.639661,8
eierdopput,Eierdopput,Northern Cape,-29.766667,21.983333,8
eirdopput,Eirdopput,Northern Cape,-29.607909,21.981547,8
eksteenfontein,Eksteenfontein,Northern Cape,-28.823496,17.254173,8
eksteenkuil,Eksteenkuil,Northern Cape,-28.706775,21.075516,8
eksteenskuil,Eksteenskuil,Northern Cape,-28.706775,21.075516,8
eldorado,Eldorado,Northern Cape,-26.569499,22.717883,8
elim,Elim,Northern Cape,-30.061456,22.093214,8
erlanksrus,Erlanksrus,Northern Cape,-27.433333,23.116667,8
erlanksrust,Erlanksrust,Northern Cape,-27.433333,23.116667,8
eureka,Eureka,Northern Cape,-29.851014,22.241875,8
exelsior,Exelsior,Northern Cape,-30.715007,21.300736,8
faans grove,Faans Grove,Northern Cape,-27.294119,22.486568,8
farview,Farview,Northern Cape,-30.110892,22.080418,8
flamingo vlei,Flamingo Vlei,Northern Cape,-30.483333,21.15,8
fort peddie,Fort Peddie,Northern Cape,-28.366667,23.95,8
fourteen streams,Fourteen Streams,Northern Cape,-28.066667,24.883333,8
fransenville,Fransenville,Northern Cape,-29.740724,21.340436,8
fraserburg,Fraserburg,Northern Cape,-31.915656,21.513352,8
futchersplaas,Futchersplaas,Northern Cape,-28.233333,24.716667,8
ga-malelo,Ga-Malelo,Northern Cape,-26.998224,23.075093,8
gamalilo,Gamalilo,Northern Cape,-26.998224,23.075093,8
gamoep,Gamoep,Northern Cape,-29.907336,18.418035,8
gamolilo,Gamolilo,Northern Cape,-26.998224,23.075093,8
gannaholte,Gannaholte,Northern Cape,-30.05221,21.012592,8
gannapoortjie,Gannapoortjie,Northern Cape,-30.516667,21.85,8
ganspan,Ganspan,Northern Cape,-27.970009,24.76184,8
gariep,Gariep,Northern Cape,-28.612558,21.778203,8
garies,Garies,Northern Cape,-30.562231,17.989053,8
gathlose,Gathlose,Northern Cape,-27.874017,23.236477,8
ga-tlhose,Ga-Tlhose,Northern Cape,-27.874017,23.236477,8
geduld,Geduld,Northern Cape,-29.76017,21.390248,8
geelbeksdam,Geelbeksdam,Northern Cape,-29.392421,22.370617,8
geelbospan,Geelbospan,Northern Cape,-29.144145,21.894364,8
geluk,Geluk,Northern Cape,-27.483333,23.916667,8
gemsbokbult,Gemsbokbult,Northern Cape,-29.095731,21.518835,8
genadedal,Genadedal,Northern Cape,-28.917407,22.51988,8
genoembies,Genoembies,Northern Cape,-30.35,17.666667,8
gerhardtsput,Gerhardtsput,Northern Cape,-29.301232,21.246657,8
geselskap,Geselskap,Northern Cape,-29.687857,21.50608,8
glen allen,Glen Allen,Northern Cape,-29.616667,22.566667,8
glosam,Glosam,Northern Cape,-28.07929,23.038686,8
goodluck,Goodluck,Northern Cape,-30.275091,22.234853,8
goop,Goop,Northern Cape,-29.733333,17.75,8
gordonia,Gordonia,Northern Cape,-28.701464,20.963246,8
grasbult,Grasbult,Northern Cape,-29.64894,22.229218,8
graspan,Graspan,Northern Cape,-30.106538,22.485489,8
grasrug,Grasrug,Northern Cape,-27.613558,23.887684,8
grassmoor,Grassmoor,Northern Cape,-29.92664,22.191315,8
green island,Green Island,Northern Cape,-28.616667,16.483333,8
grey hill,Grey Hill,Northern Cape,-28.133333,23.983333,8
griekwastad,Griekwastad,Northern Cape,-28.851407,23.252483,8
griquatown,Griquatown,Northern Cape,-28.851407,23.252483,8
groblershoop,Groblershoop,Northern Cape,-28.895309,21.983782,8
groendal,Groendal,Northern Cape,-29.404751,22.417589,8
groot mier,Groot Mier,Northern Cape,-26.74213,20.33376,8
groot witberg,Groot Witberg,Northern Cape,-29.185871,22.353116,8
grootberg,Grootberg,Northern Cape,-30.283333,17.733333,8
grootderm,Grootderm,Northern Cape,-28.528239,16.61608,8
grootdrink,Grootdrink,Northern Cape,-26.494937,22.278767,8
grootmis,Grootmis,Northern Cape,-29.651125,17.084218,8
grootmist,Grootmist,Northern Cape,-29.651125,17.084218,8
grypoort,Grypoort,Northern Cape,-27.848164,23.488585,8
haakdoorn,Haakdoorn,Northern Cape,-28.983333,22.3,8
halfpadrivier,Halfpadrivier,Northern Cape,-30.516667,20.016667,8
hanover,Hanover,Northern Cape,-31.06856,24.442516,8
hanover road,Hanover Road,Northern Cape,-30.952372,24.53683,8
hanoverweg,Hanoverweg,Northern Cape,-30.952372,24.53683,8
happy valley,Happy Valley,Northern Cape,-29.573955,22.178562,8
hartebeest vlakte,Hartebeest Vlakte,Northern Cape,-28.75,21.566667,8
hartswater,Hartswater,Northern Cape,-27.749639,24.797115,8
hedley plains,Hedley Plains,Northern Cape,-29.680453,21.550517,8
helpmekaar,Helpmekaar,Northern Cape,-29.689658,21.89452,8
henkries mond,Henkries Mond,Northern Cape,-28.901908,18.127338,8
heuningneskloof,Heuningneskloof,Northern Cape,-29.2,24.55,8
hex river,Hex River,Northern Cape,-30.966667,23.033333,8
higgs' hope,Higgs' Hope,Northern Cape,-29.316667,23.266667,8
hoeveld,Hoëveld,Northern Cape,-30.307219,21.116056,8
holboskolk,Holboskolk,Northern Cape,-30.021556,21.546785,8
holgat,Holgat,Northern Cape,-28.95,16.783333,8
holgat farm,Holgat Farm,Northern Cape,-28.95,16.783333,8
homevale,Homevale,Northern Cape,-28.696108,24.736838,8
hondeklip bay,Hondeklip Bay,Northern Cape,-30.317739,17.277331,8
hondeklipbaai,Hondeklipbaai,Northern Cape,-30.317739,17.277331,8
hondepan,Hondepan,Northern Cape,-30.287455,22.166191,8
hoogland,Hoogland,Northern Cape,-27.595453,22.275477,8
hopetown,Hopetown,Northern Cape,-29.624641,24.085184,8
hotazel,Hotazel,Northern Cape,-27.203984,22.960438,8
houniams,Houniams,Northern Cape,-28.883333,18.516667,8
hutchinson,Hutchinson,Northern Cape,-31.5,23.183333,8
inkbos,Inkbos,Northern Cape,-30.925833,22.087615,8
irene,Irene,Northern Cape,-29.455905,22.151263,8
jackson,Jackson,Northern Cape,-29.333333,21.066667,8
jagpad,Jagpad,Northern Cape,-27.983333,21.566667,8
jakkalsputs,Jakkalsputs,Northern Cape,-28.666667,16.95,8
jobseputs,Jobseputs,Northern Cape,-30.591332,20.742012,8
johnniesdale,Johnniesdale,Northern Cape,-29.685866,21.31699,8
johnniesluck,Johnniesluck,Northern Cape,-29.60085,21.603543,8
kaaldraai,Kaaldraai,Northern Cape,-28.196434,23.9222,8
kaimoepslaagte,Kaimoepslaagte,Northern Cape,-29.366667,20.066667,8
kakamas,Kakamas,Northern Cape,-28.773411,20.614696,8
kakamas-oos,Kakamas-Oos,Northern Cape,-28.772375,20.641862,8
kalaharigrens,Kalaharigrens,Northern Cape,-27.65,22.633333,8
kalkdam,Kalkdam,Northern Cape,-28.816667,24.35,8
kalkoond,Kalkoond,Northern Cape,-30.022325,18.273191,8
kamaggas,Kamaggas,Northern Cape,-29.796299,17.487074,8
kamassies,Kamassies,Northern Cape,-30.022325,18.273191,8
kameelboom,Kameelboom,Northern Cape,-29.352514,22.263766,8
kameelhoek,Kameelhoek,Northern Cape,-28.333333,22.966667,8
kameelpoort,Kameelpoort,Northern Cape,-29.003491,21.594437,8
kamieskroon,Kamieskroon,Northern Cape,-30.209366,17.933853,8
kanoneiland,Kanoneiland,Northern Cape,-28.655257,21.08473,8
kareeboomcyfer,Kareeboomcyfer,Northern Cape,-28.966667,22.5,8
karkams,Karkams,Northern Cape,-30.369798,17.8878,8
karnmelkkolk,Karnmelkkolk,Northern Cape,-30.683333,21.6,8
karoedap,Karoedap,Northern Cape,-29.083333,17.083333,8
karos,Karos,Northern Cape,-28.409461,21.583686,8
karreeputs,Karreeputs,Northern Cape,-28.066667,23.783333,8
karringmelkskolk,Karringmelkskolk,Northern Cape,-30.570907,21.562644,8
kathu,Kathu,Northern Cape,-27.695692,23.049289,8
keimoes,Keimoes,Northern Cape,-28.701464,20.963246,8
kenardt,Kenardt,Northern Cape,-29.345736,21.157857,8
kenhardt,Kenhardt,Northern Cape,-29.345736,21.157857,8
kenilworth,Kenilworth,Northern Cape,-28.708264,24.790968,8
khosis,Khosis,Northern Cape,-27.874017,23.236477,8
khubus,Khubus,Northern Cape,-28.447165,16.990962,8
khudutlou,Khudutlou,Northern Cape,-27.666667,24.066667,8
khuis,Khuis,Northern Cape,-26.666667,21.883333,8
khuis road,Khuis Road,Northern Cape,-26.666667,21.883333,8
kielder,Kielder,Northern Cape,-29.825791,22.148812,8
kikafela,Kikafela,Northern Cape,-27.441751,23.881935,8
kimberley,Kimberley,Northern Cape,-28.732262,24.762315,8
klaarwater,Klaarwater,Northern Cape,-28.65,23.983333,8
klavervlei,Klavervlei,Northern Cape,-30.15,19.9,8
klein droehout,Klein Droëhout,Northern Cape,-29.978935,21.426546,8
klein gelukpan,Klein Gelukpan,Northern Cape,-29.687662,21.94309,8
klein koegab,Klein Koegab,Northern Cape,-29.066667,20.783333,8
klein mier nommer 1,Klein Mier Nommer 1,Northern Cape,-26.739036,20.275713,8
klein mier nommer een,Klein Mier Nommer Een,Northern Cape,-26.739036,20.275713,8
klein mottelsrivier,Klein Mottelsrivier,Northern Cape,-29.420699,21.299807,8
klein rosynebos,Klein Rosynebos,Northern Cape,-29.083333,20.783333,8
klein springbokoog,Klein Springbokoog,Northern Cape,-30.247623,21.576674,8
klein witberg,Klein Witberg,Northern Cape,-29.150938,22.315214,8
kleinberg,Kleinberg,Northern Cape,-30.02891,21.835507,8
klein-koning,Klein-Koning,Northern Cape,-27.666667,23.566667,8
klein-nourivier,Klein-Nourivier,Northern Cape,-30.214699,18.136916,8
kleinsee,Kleinsee,Northern Cape,-29.677136,17.0709,8
kleinvlei,Kleinvlei,Northern Cape,-30.15,21.616667,8
kleinvlie,Kleinvlie,Northern Cape,-30.15,21.616667,8
kleinzee,Kleinzee,Northern Cape,-29.677136,17.0709,8
klerkshoop,Klerkshoop,Northern Cape,-30.795796,21.63568,8
kleurlingnedersetting,Kleurlingnedersetting,Northern Cape,-26.74213,20.33376,8
klipaar,Klipaar,Northern Cape,-27.339213,20.233201,8
klipaar bo,Klipaar Bo,Northern Cape,-27.339213,20.233201,8
klipdam,Klipdam,Northern Cape,-28.324721,24.655585,8
kliphoogte,Kliphoogte,Northern Cape,-28.983333,17.383333,8
klipkolk,Klipkolk,Northern Cape,-26.875312,20.092631,8
klippunt,Klippunt,Northern Cape,-28.573672,21.150529,8
koedoeskloof,Koedoeskloof,Northern Cape,-30.811814,21.964144,8
koegas,Koegas,Northern Cape,-29.305337,22.360084,8
koegas bridge,Koegas Bridge,Northern Cape,-29.305337,22.360084,8
koegasbrug,Koegasbrug,Northern Cape,-29.305337,22.360084,8
koekoeb,Koekoeb,Northern Cape,-28.8,20.833333,8
koekoep,Koekoep,Northern Cape,-28.8,20.833333,8
koeris,Koeris,Northern Cape,-29.15,18.216667,8
koeskop,Koeskop,Northern Cape,-28.457335,16.769707,8
koiingnaas,Koiingnaas,Northern Cape,-30.200179,17.282102,8
koingnaas,Koingnaas,Northern Cape,-30.200179,17.282102,8
komaggas,Komaggas,Northern Cape,-29.796299,17.487074,8
komaggas mission,Komaggas Mission,Northern Cape,-29.796299,17.487074,8
kommetjiesdam,Kommetjiesdam,Northern Cape,-30.375383,22.421873,8
kompromise,Kompromise,Northern Cape,-32.095002,20.371683,8
koning,Koning,Northern Cape,-27.683333,23.616667,8
koodoosbergdrift,Koodoosbergdrift,Northern Cape,-28.95,24.4,8
koodoosbergdrift store,Koodoosbergdrift Store,Northern Cape,-28.95,24.4,8
koopmansfontein,Koopmansfontein,Northern Cape,-28.233333,24.033333,8
koppies dam,Koppies Dam,Northern Cape,-28.85,24.6,8
kortdoorn,Kortdoorn,Northern Cape,-28.56181,16.544132,8
kortdoring,Kortdoring,Northern Cape,-28.56181,16.544132,8
kotzes kolk,Kotzes Kolk,Northern Cape,-30.883333,19.95,8
kotzeshoop,Kotzeshoop,Northern Cape,-28.700857,17.574074,8
kotzesrus,Kotzesrus,Northern Cape,-30.962284,17.836296,8
kotzesrust,Kotzesrust,Northern Cape,-30.962284,17.836296,8
kouefontein,Kouefontein,Northern Cape,-28.980237,17.398518,8
kraalkop,Kraalkop,Northern Cape,-29.04556,21.657766,8
kristal,Kristal,Northern Cape,-26.683333,31.216667,8
krugersdam,Krugersdam,Northern Cape,-27.766667,22.483333,8
kurees,Kurees,Northern Cape,-28.163451,21.192141,8
kurrees,Kurrees,Northern Cape,-28.163451,21.192141,8
kuruman,Kuruman,Northern Cape,-27.452402,23.432456,8
kwaggakolk,Kwaggakolk,Northern Cape,-30.414812,21.885467,8
la kocks hoop,La Kocks Hoop,Northern Cape,-29.083895,21.789795,8
lambrechts drift,Lambrechts Drift,Northern Cape,-28.496703,21.694416,8
lambrechtsdrif,Lambrechtsdrif,Northern Cape,-28.496703,21.694416,8
langbaken,Langbaken,Northern Cape,-29.900266,21.337242,8
langberg,Langberg,Northern Cape,-30.583333,17.633333,8
leeu bos,Leeu Bos,Northern Cape,-26.70903,20.113796,8
leeukloof,Leeukloof,Northern Cape,-30.916667,21.1,8
lekkersing,Lekkersing,Northern Cape,-29.003227,17.09322,8
lekkersing school,Lekkersing School,Northern Cape,-29.003227,17.09322,8
lek-lek,Lek-Lek,Northern Cape,-27.360592,23.967875,8
leliefontein,Leliefontein,Northern Cape,-30.314656,18.082778,8
lepelfontein,Lepelfontein,Northern Cape,-31.05,17.833333,8
lime acres,Lime Acres,Northern Cape,-28.361965,23.469919,8
limestone kraal,Limestone Kraal,Northern Cape,-28.4,24.066667,8
limewell,Limewell,Northern Cape,-28.840727,22.506137,8
location,Location,Northern Cape,-29.333333,21.15,8
loeriesfontein,Loeriesfontein,Northern Cape,-30.953935,19.443363,8
lohatla,Lohatla,Northern Cape,-28.05,23.05,8
lohatlha,Lohatlha,Northern Cape,-28.05,23.05,8
longlands,Longlands,Northern Cape,-28.458502,24.349902,8
lothakane,Lothakane,Northern Cape,-27.833333,23.183333,8
louisvale,Louisvale,Northern Cape,-28.577898,21.197211,8
louretha,Louretha,Northern Cape,-29.789781,22.416093,8
louwbos coloured settlement,Louwbos Coloured Settlement,Northern Cape,-26.70903,20.113796,8
louwbosch coloured settlement,Louwbosch Coloured Settlement,Northern Cape,-26.70903,20.113796,8
louwsrust,Louwsrust,Northern Cape,-29.852887,21.007923,8
lovedale,Lovedale,Northern Cape,-29.213575,22.140518,8
lower dikgatlhong,Lower Dikgatlhong,Northern Cape,-27.104064,22.936469,8
lower dikgatlon,Lower Dikgatlon,Northern Cape,-27.104064,22.936469,8
loxton,Loxton,Northern Cape,-31.477644,22.352318,8
loxtonvale,Loxtonvale,Northern Cape,-28.709883,20.879537,8
lupanie,Lupanie,Northern Cape,-28.045961,22.654739,8
lupapazi,Lupapazi,Northern Cape,-32.25,20.75,8
lushof,Lushof,Northern Cape,-29.795391,21.167344,8
lutzburg,Lutzburg,Northern Cape,-28.744617,20.631881,8
maansrus,Maansrus,Northern Cape,-29.747045,21.242838,8
majeng,Majeng,Northern Cape,-28.141788,24.609726,8
malanswil,Malanswil,Northern Cape,-29.883354,21.215869,8
malherbe,Malherbe,Northern Cape,-27.297132,22.089419,8
maltrap,Maltrap,Northern Cape,-30.039108,21.928047,8
mancorp mine,Mancorp Mine,Northern Cape,-28.3,23.016667,8
mantshilibeni,Mantshilibeni,Northern Cape,-32.166667,20.833333,8
marchand,Marchand,Northern Cape,-28.731358,20.502654,8
maremane,Maremane,Northern Cape,-28.016667,23.1,8
marlo,Marlo,Northern Cape,-30.348324,22.338674,8
marydale,Marydale,Northern Cape,-29.407391,22.10654,8
mary's rust,Mary's Rust,Northern Cape,-29.231808,21.000456,8
matjieskloof,Matjieskloof,Northern Cape,-29.670535,17.866761,8
matlakeng,Matlakeng,Northern Cape,-27.977358,23.127253,8
matsap,Matsap,Northern Cape,-28.716667,22.716667,8
matzap,Matzap,Northern Cape,-28.716667,22.716667,8
mayeng,Mayeng,Northern Cape,-28.141788,24.609726,8
melkboom,Melkboom,Northern Cape,-29.011787,21.055539,8
melkrivier,Melkrivier,Northern Cape,-29.843304,17.928515,8
melkstort,Melkstort,Northern Cape,-28.933333,22.466667,8
meltonwold,Meltonwold,Northern Cape,-31.457279,22.753231,8
meltonwold estate,Meltonwold Estate,Northern Cape,-31.457279,22.753231,8
merino,Merino,Northern Cape,-29.838884,21.764926,8
merino dale,Merino Dale,Northern Cape,-28.566667,23.916667,8
merriman,Merriman,Northern Cape,-31.215812,23.61143,8
meruche,Meruche,Northern Cape,-28.516667,23.266667,8
merwelaagte,Merwelaagte,Northern Cape,-29.630385,21.938961,8
middel,Middel,Northern Cape,-29.283333,22.383333,8
middel koegas,Middel Koegas,Northern Cape,-29.287761,22.387855,8
middelerf,Middelerf,Northern Cape,-29.16102,21.516321,8
middelfontein,Middelfontein,Northern Cape,-30.965316,22.23386,8
middelfourieskolk,Middelfourieskolk,Northern Cape,-30.179789,22.207486,8
mier,Mier,Northern Cape,-26.742615,20.028945,8
modderfontein,Modderfontein,Northern Cape,-28.808932,17.197388,8
mokala,Mokala,Northern Cape,-28.083333,22.766667,8
mon repos,Mon Repos,Northern Cape,-28.95,24.65,8
mooipan,Mooipan,Northern Cape,-28.966667,22.816667,8
mooirivier,Mooirivier,Northern Cape,-26.875312,20.092631,8
moolmansdam,Moolmansdam,Northern Cape,-29.078634,21.660445,8
moreson,Môreson,Northern Cape,-29.950487,21.510784,8
morrels puts,Morrels Puts,Northern Cape,-29.433333,21.716667,8
mount rupert,Mount Rupert,Northern Cape,-28.167481,24.471483,8
mountain view,Mountain View,Northern Cape,-29.125333,22.071181,8
murasie,Murasie,Northern Cape,-29.75,21.583333,8
naauwpoort,Naauwpoort,Northern Cape,-31.187355,24.94991,8
nababeep,Nababeep,Northern Cape,-29.591692,17.786231,8
nababiep,Nababiep,Northern Cape,-29.591692,17.786231,8
nabaiep,Nabaiep,Northern Cape,-29.591692,17.786231,8
namaroep,Namaroep,Northern Cape,-30.35,17.9,8
narap,Narap,Northern Cape,-29.566667,17.916667,8
naries,Naries,Northern Cape,-30.6,18.016667,8
narrap,Narrap,Northern Cape,-29.566667,17.916667,8
neilersdrif,Neilersdrif,Northern Cape,-28.744931,20.985372,8
neilersdrift,Neilersdrift,Northern Cape,-28.744931,20.985372,8
neus,Neus,Northern Cape,-28.783333,20.733333,8
newlands,Newlands,Northern Cape,-30.969397,22.113529,8
niekerhshoop,Niekerhshoop,Northern Cape,-29.327423,22.836672,8
niekerks,Niekerks,Northern Cape,-28.466667,24.35,8
niekerkshoop,Niekerkshoop,Northern Cape,-29.327423,22.836672,8
niekerkshope,Niekerkshope,Northern Cape,-29.327423,22.836672,8
nietemin,Nietemin,Northern Cape,-30.36337,21.896113,8
nieuwefontein,Nieuwefontein,Northern Cape,-30.962284,17.836296,8
nieuwepos,Nieuwepos,Northern Cape,-30.284104,20.396902,8
nieuwoudtville,Nieuwoudtville,Northern Cape,-31.376558,19.112203,8
nigramoep,Nigramoep,Northern Cape,-29.532494,17.586394,8
noenieput,Noenieput,Northern Cape,-27.510299,20.139059,8
noenies puts,Noenies Puts,Northern Cape,-27.510299,20.139059,8
nokanna,Nokanna,Northern Cape,-28.193667,22.500258,8
norakei,Norakei,Northern Cape,-27.877886,20.921336,8
norokei,Norokei,Northern Cape,-27.877886,20.921336,8
norvalspont,Norvalspont,Northern Cape,-30.631331,25.454342,8
noupoort,Noupoort,Northern Cape,-31.187355,24.94991,8
n'rougas noord,N'Rougas Noord,Northern Cape,-29.076462,21.086183,8
ntshatshongo,Ntshatshongo,Northern Cape,-32.216667,20.666667,8
nuwebegin,Nuwebegin,Northern Cape,-30.7848,21.708867,8
nuwedam,Nuwedam,Northern Cape,-30.516667,21.933333,8
nuwefontein,Nuwefontein,Northern Cape,-30.962284,17.836296,8
nuwerus,Nuwerus,Northern Cape,-30.082221,21.117603,8
nuwevlei,Nuwevlei,Northern Cape,-29.235228,22.431754,8
o'grabie west,O'Grabie West,Northern Cape,-30.583333,19.933333,8
okiep,Okiep,Northern Cape,-29.594345,17.881633,8
olie rivier,Olie Rivier,Northern Cape,-28.919242,23.972218,8
olifantshoek,Olifantshoek,Northern Cape,-27.94261,22.736214,8
onderste doornknie,Onderste Doornknie,Northern Cape,-29.416667,20.366667,8
ongedad,Ongedad,Northern Cape,-27.18523,22.255783,8
onseepkans,Onseepkans,Northern Cape,-28.739595,19.302578,8
onverwags,Onverwags,Northern Cape,-30.825446,21.512363,8
o'okiep,O'Okiep,Northern Cape,-29.594345,17.881633,8
orania,Orania,Northern Cape,-29.813814,24.412051,8
oranjevallei,Oranjevallei,Northern Cape,-28.537314,21.171363,8
osbak,Osbak,Northern Cape,-30.633333,18.016667,8
ou opdam,Ou Opdam,Northern Cape,-29.140414,20.330508,8
papkuil,Papkuil,Northern Cape,-28.479096,23.67318,8
pappa raas,Pappa Raas,Northern Cape,-30.537567,21.651223,8
patryspan,Patryspan,Northern Cape,-29.477295,21.817807,8
paulshoek,Paulshoek,Northern Cape,-30.365706,18.255815,8
pelindaba,Pelindaba,Northern Cape,-29.05,24.583333,8
pella,Pella,Northern Cape,-29.029363,19.155279,8
pella mission,Pella Mission,Northern Cape,-29.029363,19.155279,8
petersburg,Petersburg,Northern Cape,-27.5,23.3,8
petersus,Petersus,Northern Cape,-30.199231,21.464906,8
petrusville,Petrusville,Northern Cape,-30.081133,24.659305,8
philipstown,Philipstown,Northern Cape,-30.437325,24.472611,8
pierings,Pierings,Northern Cape,-30.073675,21.312023,8
pieserton house,Pieserton House,Northern Cape,-28.55,23.283333,8
plaathoek,Plaathoek,Northern Cape,-29.666667,17.566667,8
plaatjesdam,Plaatjesdam,Northern Cape,-28.711761,22.582904,8
plaatjiesdam,Plaatjiesdam,Northern Cape,-28.711761,22.582904,8
platdam,Platdam,Northern Cape,-30.883333,21.6,8
platsambok,Platsambok,Northern Cape,-30.00013,22.452196,8
plooysberg,Plooysberg,Northern Cape,-29.028001,24.238284,8
plooysburg,Plooysburg,Northern Cape,-29.028001,24.238284,8
pniel estates,Pniel Estates,Northern Cape,-28.583333,24.383333,8
pniel mission,Pniel Mission,Northern Cape,-28.583333,24.433333,8
pofadder,Pofadder,Northern Cape,-29.128299,19.394915,8
poljaspoort,Poljaspoort,Northern Cape,-29.140253,22.376778,8
poortjie,Poortjie,Northern Cape,-29.737202,22.315689,8
popolis,Popolis,Northern Cape,-31.003582,25.506537,8
port nolloth,Port Nolloth,Northern Cape,-29.251883,16.869698,8
postmasburg,Postmasburg,Northern Cape,-28.33392,23.065407,8
potfontein,Potfontein,Northern Cape,-30.204114,24.108881,8
prieska,Prieska,Northern Cape,-29.664088,22.747421,8
putsies,Putsies,Northern Cape,-28.866667,20.433333,8
putsies b,Putsies B,Northern Cape,-29.498166,21.322403,8
putsonderwater,Putsonderwater,Northern Cape,-29.231216,21.885503,8
putzonderwater,Putzonderwater,Northern Cape,-29.231216,21.885503,8
reitfontein,Reitfontein,Northern Cape,-28.083333,23.25,8
remount camp,Remount Camp,Northern Cape,-28.7,24.716667,8
remount depot,Remount Depot,Northern Cape,-28.7,24.716667,8
reneen,Reneen,Northern Cape,-32.113114,19.510272,8
rensville,Rensville,Northern Cape,-27.45,23.45,8
request,Request,Northern Cape,-30.55,22.466667,8
reservoir,Reservoir,Northern Cape,-28.633333,24.6,8
richmond,Richmond,Northern Cape,-31.41345,23.945169,8
ridgewater,Ridgewater,Northern Cape,-29.837046,22.04641,8
riemvasmaak,Riemvasmaak,Northern Cape,-28.449387,20.306819,8
rietbergmyn,Rietbergmyn,Northern Cape,-29.473686,17.880866,8
rietfontein,Rietfontein,Northern Cape,-26.742615,20.028945,8
rietgat,Rietgat,Northern Cape,-27.391644,23.99903,8
rietkloof,Rietkloof,Northern Cape,-28.575803,22.51005,8
ritchie,Ritchie,Northern Cape,-29.038006,24.60278,8
riverton,Riverton,Northern Cape,-28.51854,24.698494,8
rivierplaas,Rivierplaas,Northern Cape,-30.780466,21.487042,8
ronald's vlei,Ronald's Vlei,Northern Cape,-28.78916,24.756883,8
rooidam,Rooidam,Northern Cape,-29.121606,22.348528,8
rooifontein,Rooifontein,Northern Cape,-30.065578,18.260138,8
rooikoenap,Rooikoenap,Northern Cape,-28.916667,19.8,8
rooikoppies,Rooikoppies,Northern Cape,-28.830952,23.472472,8
rooilyf,Rooilyf,Northern Cape,-28.816667,21.833333,8
rooipan,Rooipan,Northern Cape,-28.777517,24.343887,8
rooipunt,Rooipunt,Northern Cape,-29.6,20.933333,8
rooiputs,Rooiputs,Northern Cape,-28.067166,20.945651,8
rooivlei,Rooivlei,Northern Cape,-28.816667,21.833333,8
rooivloer,Rooivloer,Northern Cape,-28.2,20.483333,8
rooiwal suid,Rooiwal Suid,Northern Cape,-28.703301,17.585484,8
rosedale,Rosedale,Northern Cape,-30.06091,22.132974,8
ruimte,Ruimte,Northern Cape,-30.775844,21.850972,8
rusten,Rusten,Northern Cape,-27.595396,22.474936,8
rykheersputs,Rykheersputs,Northern Cape,-27.942511,20.081199,8
saaipoort,Saaipoort,Northern Cape,-30.848179,22.097612,8
saalspan,Saalspan,Northern Cape,-29.860331,21.940883,8
sabiesies,Sabiesies,Northern Cape,-28.733333,17.166667,8
sak river,Sak River,Northern Cape,-30.883333,20.433333,8
sakrivier,Sakrivier,Northern Cape,-30.883333,20.433333,8
salsola,Salsola,Northern Cape,-29.647809,22.090122,8
sandfontein,Sandfontein,Northern Cape,-28.983333,18.933333,8
sandkoppie hut,Sandkoppie Hut,Northern Cape,-29.833333,20.3,8
saulstraat,Saulstraat,Northern Cape,-26.995094,20.078028,8
schepkolk,Schepkolk,Northern Cape,-26.809305,20.138393,8
schmidts drift,Schmidts Drift,Northern Cape,-28.705635,24.066838,8
schmidtsdrif,Schmidtsdrif,Northern Cape,-28.705635,24.066838,8
schulpfontein,Schulpfontein,Northern Cape,-30.1,17.183333,8
sculpfontein,Sculpfontein,Northern Cape,-30.1,17.183333,8
seekoebaard annex,Seekoebaard Annex,Northern Cape,-29.162579,22.14705,8
seekoebaard no. 2,Seekoebaard No. 2,Northern Cape,-29.110983,22.21178,8
seekoebaard number two,Seekoebaard Number Two,Northern Cape,-29.110983,22.21178,8
seekoeibaardsnek,Seekoeibaardsnek,Northern Cape,-28.983333,22.3,8
ses brugge,Ses Brugge,Northern Cape,-28.542937,21.167336,8
shippard,Shippard,Northern Cape,-28.016667,23.1,8
sidi barrani,Sidi Barrani,Northern Cape,-29.443473,21.417616,8
sidney on vaal,Sidney on Vaal,Northern Cape,-28.444544,24.315832,8
sishen,Sishen,Northern Cape,-27.783333,22.983333,8
skeerhok,Skeerhok,Northern Cape,-29.068215,21.413348,8
skeerwater,Skeerwater,Northern Cape,-27.693349,22.367795,8
skerpioenkolk,Skerpioenkolk,Northern Cape,-30.033333,20.233333,8
skerpioenpunt,Skerpioenpunt,Northern Cape,-28.878104,22.083103,8
skerploenpunt,Skerploenpunt,Northern Cape,-28.878104,22.083103,8
skietfontein,Skietfontein,Northern Cape,-30.963422,22.097055,8
skulpfontein,Skulpfontein,Northern Cape,-30.1,17.183333,8
smith's mine,Smith's Mine,Northern Cape,-28.25,24.516667,8
smits kraal,Smits Kraal,Northern Cape,-28.65,22.8,8
soebatsfontein,Soebatsfontein,Northern Cape,-30.118482,17.592344,8
sommas,Sommas,Northern Cape,-30.166667,17.233333,8
somnaas,Somnaas,Northern Cape,-30.166667,17.233333,8
sonderpan-oos,Sonderpan-Oos,Northern Cape,-29.151098,21.877676,8
sonderwaterkraal,Sonderwaterkraal,Northern Cape,-31.864663,19.072308,8
sonop veepos,Sonop Veepos,Northern Cape,-29.720666,21.625969,8
sonstraal,Sonstraal,Northern Cape,-27.12138,22.464318,8
soutputs,Soutputs,Northern Cape,-29.011955,22.235096,8
soutrivier,Soutrivier,Northern Cape,-29.416667,20.25,8
speelmanshoek,Speelmanshoek,Northern Cape,-30.461481,17.911396,8
spesbona,Spesbona,Northern Cape,-29.782808,21.771269,8
spitzkop,Spitzkop,Northern Cape,-28.167481,24.471483,8
springbok,Springbok,Northern Cape,-29.664336,17.886495,8
springbok fontein,Springbok Fontein,Northern Cape,-29.664336,17.886495,8
steinkopf,Steinkopf,Northern Cape,-29.262954,17.733405,8
sternham,Sternham,Northern Cape,-28.895309,21.983782,8
stiebeuelvlei,Stiebeuelvlei,Northern Cape,-30.416667,20.95,8
stillerus,Stillerus,Northern Cape,-29.054977,21.995577,8
stilstaan-en-afspring,Stilstaan-en-Afspring,Northern Cape,-29.791615,21.025481,8
stilverwag,Stilverwag,Northern Cape,-29.787053,21.975256,8
stink puts,Stink Puts,Northern Cape,-30.266667,20.183333,8
stinkbrak,Stinkbrak,Northern Cape,-30.157294,22.055812,8
stinkfontein,Stinkfontein,Northern Cape,-28.823496,17.254173,8
stofbakkies,Stofbakkies,Northern Cape,-29.666667,19.2,8
strandfontein,Strandfontein,Northern Cape,-30.966667,17.666667,8
straussburg,Straussburg,Northern Cape,-28.4381,21.332139,8
struishoek,Struishoek,Northern Cape,-28.845035,17.262103,8
strydenburg,Strydenburg,Northern Cape,-29.94313,23.676003,8
stuurmanspoort,Stuurmanspoort,Northern Cape,-30.763773,21.990811,8
subridge,Subridge,Northern Cape,-28.959166,22.515555,8
suikersteek,Suikersteek,Northern Cape,-28.366667,20.166667,8
sukses,Sukses,Northern Cape,-30.545989,21.693993,8
sultanaoord,Sultanaoord,Northern Cape,-28.416139,21.458677,8
sutherland,Sutherland,Northern Cape,-32.394349,20.661067,8
sutton,Sutton,Northern Cape,-27.431929,22.823837,8
swaardraai,Swaardraai,Northern Cape,-28.65,20.466667,8
swartbaadjie,Swartbaadjie,Northern Cape,-30.87745,22.161067,8
swartbaken,Swartbaken,Northern Cape,-29.53267,21.351172,8
swartkop,Swartkop,Northern Cape,-29.95,17.216667,8
swartkoppies,Swartkoppies,Northern Cape,-28.45,22.966667,8
swartkopspan,Swartkopspan,Northern Cape,-29.3188,22.141085,8
swartmodder,Swartmodder,Northern Cape,-28.027398,20.552269,8
swartoup,Swartoup,Northern Cape,-28.961388,19.456754,8
sydney on vaal,Sydney on Vaal,Northern Cape,-28.444544,24.315832,8
syoney-on-vaal,Syoney-on-Vaal,Northern Cape,-28.444544,24.315832,8
tarka se kop,Tarka se Kop,Northern Cape,-29.625471,21.679036,8
teebus,Teebus,Northern Cape,-31.366667,24.683333,8
the bend,The Bend,Northern Cape,-28.6,24.566667,8
the bend store,The Bend Store,Northern Cape,-28.6,24.566667,8
the van wyks vlei settlement plan,The Van Wyks Vlei Settlement Plan,Northern Cape,-30.3,21.833333,8
theronsville,Theronsville,Northern Cape,-29.128299,19.394915,8
tierputs,Tierputs,Northern Cape,-30.941575,21.837202,8
tipperary,Tipperary,Northern Cape,-27.866667,23.85,8
titiespan,Titiespan,Northern Cape,-29.440317,21.837983,8
toekoms,Toekoms,Northern Cape,-30.11162,21.933647,8
trooilapspan,Trooilapspan,Northern Cape,-28.633333,21.516667,8
tweeloop,Tweeloop,Northern Cape,-29.736982,17.441724,8
uithou,Uithou,Northern Cape,-27.666667,21.966667,8
uitkoms,Uitkoms,Northern Cape,-29.235808,22.480694,8
uitkyk,Uitkyk,Northern Cape,-29.958112,20.15181,8
uitsig,Uitsig,Northern Cape,-29.250802,20.76843,8
uitsoek,Uitsoek,Northern Cape,-27.416667,21.683333,8
uitvlug,Uitvlug,Northern Cape,-29.469169,22.244443,8
uitzicht,Uitzicht,Northern Cape,-29.250802,20.76843,8
ulco,Ulco,Northern Cape,-28.316667,24.216667,8
ulyate,Ulyate,Northern Cape,-27.883333,22.183333,8
upington,Upington,Northern Cape,-28.447758,21.256121,8
upper gong-gong,Upper Gong-Gong,Northern Cape,-28.490848,24.414937,8
vaal koppies,Vaal Koppies,Northern Cape,-28.533333,21.35,8
vaalpunt,Vaalpunt,Northern Cape,-30.29712,21.429944,8
vaalput,vaalput,Northern Cape,-30.033333,21.783333,8
vaalputs,Vaalputs,Northern Cape,-29.3,21.366667,8
vaderlandspan,Vaderlandspan,Northern Cape,-29.837652,21.100471,8
valspan,Valspan,Northern Cape,-27.915503,24.813784,8
van der spuy,Van der Spuy,Northern Cape,-27.983333,22.283333,8
van rooi's vlei,Van Rooi's Vlei,Northern Cape,-27.783333,20.133333,8
van wyksvlei,Van Wyksvlei,Northern Cape,-30.35101,21.82498,8
van wyksvlei settlements,Van Wyksvlei Settlements,Northern Cape,-30.3,21.833333,8
van zylsrus,Van Zylsrus,Northern Cape,-26.878326,22.052295,8
van zylsrust,Van Zylsrust,Northern Cape,-26.878326,22.052295,8
vanderkloof,Vanderkloof,Northern Cape,-30.001575,24.746396,8
varsput,Varsput,Northern Cape,-29.290101,21.366538,8
veepos,Veepos,Northern Cape,-29.033333,22.466667,8
veertien strome,Veertien Strome,Northern Cape,-28.066667,24.883333,8
veggat,Veggat,Northern Cape,-29.6,17.483333,8
vendors puts,Vendors Puts,Northern Cape,-30.05,20.433333,8
verdors puts,Verdors Puts,Northern Cape,-30.05,20.433333,8
vergaderplek,Vergaderplek,Northern Cape,-27.883333,24.316667,8
vergenoeg,Vergenoeg,Northern Cape,-28.316667,23.066667,8
vermeulensput,Vermeulensput,Northern Cape,-30.078693,21.496199,8
verneukpan,Verneukpan,Northern Cape,-30.133333,21.066667,8
verschep,Verschep,Northern Cape,-29.116667,21.216667,8
victoria west,Victoria West,Northern Cape,-31.403639,23.114609,8
victoria-wes,Victoria-Wes,Northern Cape,-31.403639,23.114609,8
vioolsdrif,Vioolsdrif,Northern Cape,-28.76872,17.623791,8
vioolsdrift,Vioolsdrift,Northern Cape,-28.76872,17.623791,8
visagiesfontein,Visagiesfontein,Northern Cape,-28.8,16.65,8
vivierspan,Vivierspan,Northern Cape,-29.979554,21.947343,8
vleiplaas,Vleiplaas,Northern Cape,-30.160221,21.919223,8
vliegpan,Vliegpan,Northern Cape,-30.15,21.933333,8
vollgraaffsig,Vollgraaffsig,Northern Cape,-28.728624,21.836885,8
vollop,Vollop,Northern Cape,-28.903416,22.433434,8
volminksvlei,Volminksvlei,Northern Cape,-30.483333,21.15,8
volop,Volop,Northern Cape,-28.903416,22.433434,8
voorspoed,Voorspoed,Northern Cape,-29.719917,21.225137,8
vosberg,Vosberg,Northern Cape,-30.574357,22.878699,8
vosburg,Vosburg,Northern Cape,-30.574357,22.878699,8
vredelus,Vredelus,Northern Cape,-30.249298,21.980657,8
vriesklip,Vriesklip,Northern Cape,-29.377765,17.940099,8
waldecks,Waldecks,Northern Cape,-28.476171,24.401432,8
waldecks plant,Waldecks Plant,Northern Cape,-28.476171,24.401432,8
waliekraai,Waliekraai,Northern Cape,-30.389763,17.506859,8
wallekraal,Wallekraal,Northern Cape,-30.389763,17.506859,8
warrenton,Warrenton,Northern Cape,-28.113955,24.847526,8
waterval,Waterval,Northern Cape,-29.120594,22.197157,8
welgelegen,Welgelegen,Northern Cape,-28.933333,21.2,8
weltevrede,Weltevrede,Northern Cape,-30.603731,21.150307,8
werda,Werda,Northern Cape,-29.884487,21.777981,8
westerberg,Westerberg,Northern Cape,-29.326749,22.346469,8
westerburg,Westerburg,Northern Cape,-29.35,21.35,8
whyenbah,Whyenbah,Northern Cape,-27.409385,22.482647,8
wielkolk laagte,Wielkolk Laagte,Northern Cape,-30.933333,20.933333,8
wilgenhoutsdrif,Wilgenhoutsdrif,Northern Cape,-28.52072,21.73462,8
williston,Williston,Northern Cape,-31.340484,20.915437,8
wilmae,Wilmae,Northern Cape,-28.403035,24.271785,8
wilput,Wilput,Northern Cape,-30.55,23.216667,8
windsorton,Windsorton,Northern Cape,-28.333333,24.716667,8
windsorton dorp,Windsorton Dorp,Northern Cape,-28.333333,24.716667,8
windsorton road,Windsorton Road,Northern Cape,-28.34646,24.822117,8
windsorton road station,Windsorton Road Station,Northern Cape,-28.34646,24.822117,8
windsorton village,Windsorton Village,Northern Cape,-28.333333,24.716667,8
windsortonweg,Windsortonweg,Northern Cape,-28.34646,24.822117,8
windsortonwegstasie,Windsortonwegstasie,Northern Cape,-28.34646,24.822117,8
winton,Winton,Northern Cape,-27.499538,22.627431,8
witdam,Witdam,Northern Cape,-30.14121,21.969138,8
witdorp,Witdorp,Northern Cape,-29.066667,21.133333,8
witdrop,Witdrop,Northern Cape,-29.00818,21.287032,8
witfontein,Witfontein,Northern Cape,-29.622163,22.425673,8
witkalk,Witkalk,Northern Cape,-30.06371,21.117829,8
witkoppies,Witkoppies,Northern Cape,-29.599924,21.405542,8
witput,Witput,Northern Cape,-30.829395,21.975264,8
witputs,Witputs,Northern Cape,-28.05,24.4,8
wittedorp,Wittedorp,Northern Cape,-29.534451,17.944005,8
wolfberg,Wolfberg,Northern Cape,-29.4,17.516667,8
ysterdoring,Ysterdoring,Northern Cape,-29.866523,21.195513,8
zandbergshoop,Zandbergshoop,Northern Cape,-29.616564,21.104566,8
zandvlei,Zandvlei,Northern Cape,-30.63181,21.981082,8
zirkie,Zirkie,Northern Cape,-28.95,22.816667,8
zoetap,Zoetap,Northern Cape,-28.772375,20.641862,8
zonderhule south,Zonderhule South,Northern Cape,-29.666667,20.916667,8
zwaar draai,Zwaar Draai,Northern Cape,-28.65,20.466667,8
zwartmodder,Zwartmodder,Northern Cape,-28.027398,20.552269,8
zwartwater,Zwartwater,Northern Cape,-28.483333,16.75,8
aan de doorns,Aan de Doorns,Western Cape,-33.698318,19.490467,11
aangenaam,Aangenaam,Western Cape,-33.492997,22.650004,11
aasfontein,Aasfontein,Western Cape,-34.7654,19.856122,11
agulhas,Agulhas,Western Cape,-34.822297,20.017338,11
albertina,Albertina,Western Cape,-34.205435,21.580006,11
albertinia,Albertinia,Western Cape,-34.205435,21.580006,11
albertiniahotel,Albertiniahotel,Western Cape,-34.205435,21.580006,11
alfalfa,Alfalfa,Western Cape,-33.773316,19.538367,11
alphen,Alphen,Western Cape,-34.012377,18.446184,11
alphen bridge,Alphen Bridge,Western Cape,-34.012377,18.446184,11
alphenbrug,Alphenbrug,Western Cape,-34.012377,18.446184,11
amalienstein,Amalienstein,Western Cape,-33.484295,21.459799,11
an-de-waterkant,An-de-Waterkant,Western Cape,-34.046717,18.362051,11
angora,Angora,Western Cape,-33.958594,20.057152,11
anysberg,Anysberg,Western Cape,-33.516667,20.766667,11
aprilskraal,Aprilskraal,Western Cape,-34.138235,19.065688,11
arniston,Arniston,Western Cape,-34.667389,20.230861,11
ashton,Ashton,Western Cape,-33.83136,20.055945,11
askraal,Askraal,Western Cape,-34.133333,20.866667,11
athlone,Athlone,Western Cape,-33.96722,18.50214,11
atlantis,Atlantis,Western Cape,-33.56668,18.483348,11
aurora,Aurora,Western Cape,-32.705958,18.485135,11
avontuur,Avontuur,Western Cape,-33.728234,23.169481,11
baardscheerderbosch,Baardscheerderbosch,Western Cape,-34.587747,19.570318,11
baardscheerdersbosch,Baardscheerdersbosch,Western Cape,-34.587747,19.570318,11
baardskeerderbos,Baardskeerderbos,Western Cape,-34.587747,19.570318,11
baardskeerdersbos,Baardskeerdersbos,Western Cape,-34.587747,19.570318,11
bailey's cottage,Bailey's Cottage,Western Cape,-34.112165,18.466128,11
bain's kloof,Bain's Kloof,Western Cape,-33.616667,19.1,11
bakklysdrift,Bakklysdrift,Western Cape,-34.096222,20.502249,11
bakoven,Bakoven,Western Cape,-33.960449,18.381672,11
balmoral,Balmoral,Western Cape,-33.925948,22.953806,11
banghoek,Banghoek,Western Cape,-33.916667,18.916667,11
banhoek,Banhoek,Western Cape,-33.916667,18.916667,11
bantry bay,Bantry Bay,Western Cape,-33.927953,18.382592,11
barandas,Barandas,Western Cape,-33.466667,23.033333,11
barrington,Barrington,Western Cape,-33.912179,22.864616,11
barrydale,Barrydale,Western Cape,-33.905296,20.724389,11
baviaanshoek,Baviaanshoek,Western Cape,-33.138305,19.657578,11
bayview,Bayview,Western Cape,-34.137695,22.107996,11
beacon island estate,Beacon Island Estate,Western Cape,-34.069754,23.368831,11
beaufort west,Beaufort West,Western Cape,-32.356708,22.582947,11
beaufort-wes,Beaufort-Wes,Western Cape,-32.356708,22.582947,11
belhar,Belhar,Western Cape,-33.944813,18.627009,11
bella vista,Bella Vista,Western Cape,-33.329444,19.31789,11
belle ombre,Belle Ombre,Western Cape,-34.011831,18.429646,11
bellville,Bellville,Western Cape,-33.900219,18.628468,11
bellville south,Bellville South,Western Cape,-33.920011,18.642819,11
belthorn,Belthorn,Western Cape,-33.98048,18.512442,11
berea,Berea,Western Cape,-34.044724,19.518787,11
bereaville,Bereaville,Western Cape,-34.044724,19.518787,11
bergplaas,Bergplaas,Western Cape,-33.89904,22.670315,11
bergplaats,Bergplaats,Western Cape,-33.89904,22.670315,11
bergrivier,Bergrivier,Western Cape,-32.926263,18.327548,11
bergsig,Bergsig,Western Cape,-34.054121,22.216489,11
bergvliet,Bergvliet,Western Cape,-34.047464,18.452499,11
bergwater,Bergwater,Western Cape,-33.278118,22.224952,11
betty's bay,Betty's Bay,Western Cape,-34.353503,18.912676,11
bettysbaai,Bettysbaai,Western Cape,-34.353503,18.912676,11
bibby's hoek,Bibby's Hoek,Western Cape,-33.925948,22.953806,11
biejesfontein,Biejesfontein,Western Cape,-31.016667,17.883333,11
bierberg,Bierberg,Western Cape,-33.166667,19.916667,11
biesiesfontein,Biesiesfontein,Western Cape,-31.016667,17.883333,11
biesjesfontein,Biesjesfontein,Western Cape,-31.016667,17.883333,11
bishop lavis,Bishop Lavis,Western Cape,-33.947283,18.575133,11
bishopscourt,Bishopscourt,Western Cape,-33.991092,18.444217,11
bitterfontein,Bitterfontein,Western Cape,-31.03709,18.264841,11
bitterwater,Bitterwater,Western Cape,-32.769173,21.966567,11
blanco,Blanco,Western Cape,-33.946416,22.411529,11
bland's drift,Bland's Drift,Western Cape,-34.140351,21.733535,11
blauwvlei,Blauwvlei,Western Cape,-33.659323,19.035231,11
blesmerrie,Blesmerrie,Western Cape,-32.777153,19.994325,11
blomtuin,Blomtuin,Western Cape,-33.882677,18.652075,11
bloubergsvlei,Bloubergsvlei,Western Cape,-33.766667,18.5,11
bloupunt,Bloupunt,Western Cape,-33.567593,22.41278,11
boesmanspad,Boesmanspad,Western Cape,-33.90026,20.182998,11
bo-koega,Bo-Koega,Western Cape,-33.666667,23.466667,11
bo-kouga,Bo-Kouga,Western Cape,-33.666667,23.466667,11
bomakierie,Bomakierie,Western Cape,-33.95,18.516667,11
bongoletu,Bongoletu,Western Cape,-33.600791,22.240203,11
bonnievale,Bonnievale,Western Cape,-33.932003,22.029774,11
bonteheuwel,Bonteheuwel,Western Cape,-33.950161,18.554446,11
bontheuwel,Bontheuwel,Western Cape,-33.950161,18.554446,11
boplaas,Boplaas,Western Cape,-33.469249,22.260986,11
borcherds,Borcherds,Western Cape,-33.992267,22.469687,11
bosmanskloof,Bosmanskloof,Western Cape,-34.033333,19.583333,11
bot river,Bot River,Western Cape,-34.225677,19.203133,11
bothasig,Bothasig,Western Cape,-33.860418,18.544612,11
bothastrand,Bothastrand,Western Cape,-34.052087,22.264295,11
botrivier,Botrivier,Western Cape,-34.225677,19.203133,11
bottelary,Bottelary,Western Cape,-33.146414,18.09776,11
botterkloof,Botterkloof,Western Cape,-34.316719,21.382997,11
bovenfontein,Bovenfontein,Western Cape,-33.134862,18.347396,11
bovenplaats,Bovenplaats,Western Cape,-34.333333,19.533333,11
bracken hill,Bracken Hill,Western Cape,-34.026462,23.160467,11
brackenfell,Brackenfell,Western Cape,-33.884266,18.699606,11
brakenfell,Brakenfell,Western Cape,-33.884266,18.699606,11
brakfontein,Brakfontein,Western Cape,-33.635241,18.481933,11
brakfontein a,Brakfontein A,Western Cape,-30.8,18.483333,11
brakkefontein,Brakkefontein,Western Cape,-33.635241,18.481933,11
brandfontein,Brandfontein,Western Cape,-34.764307,19.87121,11
brandrivier,Brandrivier,Western Cape,-33.880712,21.019044,11
brandvlei,Brandvlei,Western Cape,-33.733333,19.4,11
brandwacht,Brandwacht,Western Cape,-33.622557,19.413941,11
brandwag,Brandwag,Western Cape,-34.065011,22.06257,11
bredasdorp,Bredasdorp,Western Cape,-34.532154,20.040308,11
breede river,Breede River,Western Cape,-33.520354,19.216956,11
breerivier,Breërivier,Western Cape,-33.520354,19.216956,11
brenton-on-sea,Brenton-on-Sea,Western Cape,-34.072216,23.025099,11
bridgetown,Bridgetown,Western Cape,-33.95,18.533333,11
brightwater,Brightwater,Western Cape,-34.295099,18.400846,11
brooklands,Brooklands,Western Cape,-34.172863,18.400722,11
brooklyn,Brooklyn,Western Cape,-33.90982,18.481978,11
brookwood,Brookwood,Western Cape,-34.1,18.4,11
bruintjiesrivier,Bruintjiesrivier,Western Cape,-33.983944,20.237269,11
buffeljags river,Buffeljags River,Western Cape,-34.046049,20.52687,11
buffeljagsrivier,Buffeljagsrivier,Western Cape,-34.046049,20.52687,11
buffelsbaai,Buffelsbaai,Western Cape,-34.086853,22.97356,11
buffelsdrif,Buffelsdrif,Western Cape,-33.717474,22.7798,11
buffelsdrift,Buffelsdrift,Western Cape,-33.717474,22.7798,11
buffelskloof,Buffelskloof,Western Cape,-33.506074,21.873031,11
bushman drannings,Bushman Drannings,Western Cape,-33.95,20.7,11
cafda village,Cafda Village,Western Cape,-34.059975,18.485702,11
caledon,Caledon,Western Cape,-34.229974,19.426502,11
calitzdorp,Calitzdorp,Western Cape,-33.532316,21.688625,11
camfer,Camfer,Western Cape,-33.833176,22.432398,11
camphill village,Camphill Village,Western Cape,-33.59156,18.567203,11
camps bay,Camps Bay,Western Cape,-33.951659,18.384368,11
cape town,Cape Town,Western Cape,-33.925839,18.423218,11
ceres,Ceres,Western Cape,-33.368892,19.310955,11
chalsworth,Chalsworth,Western Cape,-33.547776,18.582008,11
charleston hill,Charleston Hill,Western Cape,-33.724583,18.987065,11
charlestown,Charlestown,Western Cape,-33.724583,18.987065,11
chatsworth,Chatsworth,Western Cape,-33.547776,18.582008,11
chemory,Chemory,Western Cape,-34.116667,18.383333,11
churchhaven,Churchhaven,Western Cape,-33.177632,18.067512,11
citrusdal,Citrusdal,Western Cape,-32.592153,19.015157,11
clanwilliam,Clanwilliam,Western Cape,-32.181734,18.892174,11
clanwillian,Clanwillian,Western Cape,-32.181734,18.892174,11
claremont,Claremont,Western Cape,-33.985847,18.45749,11
clareport,Clareport,Western Cape,-34.366667,18.883333,11
clifton,Clifton,Western Cape,-33.934259,18.378476,11
cloeteskraal,Cloeteskraal,Western Cape,-34.252938,20.371401,11
cloetesville,Cloetesville,Western Cape,-33.912389,18.855067,11
clovelly,Clovelly,Western Cape,-34.124867,18.432759,11
conradie,Conradie,Western Cape,-33.933333,18.516667,11
constantia,Constantia,Western Cape,-34.01832,18.441142,11
covie,Covie,Western Cape,-33.961323,23.601372,11
cravenby,Cravenby,Western Cape,-33.926369,18.593577,11
crawford,Crawford,Western Cape,-33.978555,18.50413,11
crawley,Crawley,Western Cape,-34.133333,18.383333,11
crossroads,Crossroads,Western Cape,-33.994451,18.595982,11
da gama park,Da Gama Park,Western Cape,-34.158932,18.402212,11
da nova,Da Nova,Western Cape,-34.184478,22.133433,11
dagbreek,Dagbreek,Western Cape,-34.13576,18.383569,11
dal josafat,Dal Josafat,Western Cape,-33.696535,19.013866,11
d'almeida,D'Almeida,Western Cape,-34.173928,22.106831,11
dalsig,Dalsig,Western Cape,-33.951578,18.860255,11
danabaai,Danabaai,Western Cape,-34.198913,22.038913,11
danga,Danga,Western Cape,-33.95,18.516667,11
darling,Darling,Western Cape,-33.378166,18.379385,11
de doorns,De Doorns,Western Cape,-33.477093,19.666251,11
de grendel,De Grendel,Western Cape,-33.843882,18.568199,11
de grendle farm,De Grendle Farm,Western Cape,-33.843882,18.568199,11
de hoek,De Hoek,Western Cape,-32.939215,18.761776,11
de meul,De Meul,Western Cape,-32.897013,19.352855,11
de novo,De Novo,Western Cape,-33.841805,18.770909,11
de nysna,De Nysna,Western Cape,-34.036643,23.049704,11
de rust,De Rust,Western Cape,-33.490347,22.535226,11
deepwalls,Deepwalls,Western Cape,-33.946727,23.16064,11
delville park,Delville Park,Western Cape,-34.006707,22.443511,11
dennehof,Dennehof,Western Cape,-34.040587,19.289683,11
diasstrand,Diasstrand,Western Cape,-34.157599,22.103758,11
diazville,Diazville,Western Cape,-33.008533,17.914922,11
dido valley,Dido Valley,Western Cape,-34.166866,18.417511,11
die barakke,Die Barakke,Western Cape,-33.93333,23.504167,11
die dam,Die Dam,Western Cape,-34.770666,19.68052,11
die erwe,Die Erwe,Western Cape,-34.051013,22.055627,11
die grendel,Die Grendel,Western Cape,-33.843882,18.568199,11
die hoek,Die Hoek,Western Cape,-33.962453,22.937702,11
die kelders,Die Kelders,Western Cape,-34.552278,19.370163,11
die vlug,Die Vlug,Western Cape,-33.812271,23.174437,11
dieprivier,Dieprivier,Western Cape,-34.038288,18.462045,11
diepwalle,Diepwalle,Western Cape,-33.946727,23.16064,11
donkergat,Donkergat,Western Cape,-33.082267,18.000746,11
doordrift,Doordrift,Western Cape,-34.019154,18.455719,11
doornbaai,Doornbaai,Western Cape,-31.817098,18.236591,11
doornrivier,Doornrivier,Western Cape,-33.825742,20.907858,11
doornriviervlei,Doornriviervlei,Western Cape,-33.884609,20.770731,11
doring bay,Doring Bay,Western Cape,-31.817098,18.236591,11
doringbaai,Doringbaai,Western Cape,-31.817098,18.236591,11
drew,Drew,Western Cape,-33.983333,20.216667,11
drieankerbaai,Drieankerbaai,Western Cape,-33.909067,18.395743,11
droevlakte,Droëvlakte,Western Cape,-34.260131,21.402635,11
droevlei,Droëvlei,Western Cape,-33.488179,21.467965,11
droogevlakte,Droogevlakte,Western Cape,-34.260131,21.402635,11
du toitskloof,Du Toitskloof,Western Cape,-33.716667,19.15,11
du toitskloot,Du Toitskloot,Western Cape,-33.716667,19.15,11
duiwe river,Duiwe River,Western Cape,-33.989621,22.653401,11
duiwerivier,Duiwerivier,Western Cape,-33.989621,22.653401,11
d'urban,D'Urban,Western Cape,-33.841588,18.651795,11
durbanville,Durbanville,Western Cape,-33.841588,18.651795,11
durbanville hills,Durbanville Hills,Western Cape,-33.85006,18.638249,11
dwarskersbos,Dwarskersbos,Western Cape,-32.695927,18.229731,11
dwarskersenbosch,Dwarskersenbosch,Western Cape,-32.695927,18.229731,11
dysseldorp,Dysseldorp,Western Cape,-33.575645,22.443914,11
dysselsdorp,Dysselsdorp,Western Cape,-33.575645,22.443914,11
ebenezer,Ebenezer,Western Cape,-31.582387,18.225274,11
ebenhaeser,Ebenhaeser,Western Cape,-31.582387,18.225274,11
edgemead,Edgemead,Western Cape,-33.874974,18.542875,11
edmonton,Edmonton,Western Cape,-33.816667,23.15,11
eendekuil,Eendekuil,Western Cape,-32.687093,18.88363,11
eerste river,Eerste River,Western Cape,-33.999247,18.734692,11
eerste river village,Eerste River Village,Western Cape,-33.999247,18.734692,11
eersterivier,Eersterivier,Western Cape,-33.999247,18.734692,11
eersterivier settlement,Eersterivier Settlement,Western Cape,-34.012434,18.723946,11
eikenhof,Eikenhof,Western Cape,-34.124281,19.040531,11
elands bay,Elands Bay,Western Cape,-32.314015,18.34413,11
elandsbaai,Elandsbaai,Western Cape,-32.314015,18.34413,11
elandsfontein,Elandsfontein,Western Cape,-33.171208,19.330762,11
elgin,Elgin,Western Cape,-34.151099,19.04118,11
elim,Elim,Western Cape,-34.589721,19.757882,11
elsenburg,Elsenburg,Western Cape,-33.845696,18.843749,11
elsiesrivier,Elsiesrivier,Western Cape,-33.930731,18.585407,11
enduli,eNduli,Western Cape,-33.356372,19.340968,11
epping,Epping,Western Cape,-33.916667,18.55,11
epping forest,Epping Forest,Western Cape,-33.935076,18.577562,11
eselfontein,Eselfontein,Western Cape,-33.401427,19.433684,11
eseljag,Eseljag,Western Cape,-33.815068,22.572528,11
eureka,Eureka,Western Cape,-33.936757,18.591577,11
eversdal,Eversdal,Western Cape,-33.861345,18.650148,11
ezeljacht,Ezeljacht,Western Cape,-33.815068,22.572528,11
factreton,Factreton,Western Cape,-33.91214,18.520602,11
far forest,Far Forest,Western Cape,-34.033333,18.35,11
faure,Faure,Western Cape,-34.027804,18.748525,11
fernwood,Fernwood,Western Cape,-33.983333,18.45,11
fishhoek,Fishhoek,Western Cape,-34.135637,18.428543,11
flat acres,Flat Acres,Western Cape,-34.1,18.366667,11
formosa,Formosa,Western Cape,-34.052742,23.3716,11
franschhoek,Franschhoek,Western Cape,-33.910752,19.119799,11
franskraal,Franskraal,Western Cape,-34.612218,19.383895,11
franskraalstrand,Franskraalstrand,Western Cape,-34.612218,19.383895,11
french hoek,French Hoek,Western Cape,-33.910752,19.119799,11
fresnave,Fresnave,Western Cape,-33.924023,18.387174,11
gans bay,Gans Bay,Western Cape,-34.583012,19.350479,11
gansbaai,Gansbaai,Western Cape,-34.583012,19.350479,11
garden village,Garden Village,Western Cape,-33.93624,18.487486,11
gardens,Gardens,Western Cape,-33.936051,18.404945,11
gaylee,Gaylee,Western Cape,-33.974819,18.701351,11
geduld,Geduld,Western Cape,-33.801181,19.999233,11
geelwal,Geelwal,Western Cape,-33.330219,20.984828,11
gelukshoop,Gelukshoop,Western Cape,-33.966295,20.135753,11
genadendal,Genadendal,Western Cape,-34.037793,19.562239,11
genasfontein,Genasfontein,Western Cape,-33.1,22.833333,11
george,George,Western Cape,-33.963,22.461727,11
georgida,Georgida,Western Cape,-33.432105,23.314123,11
glen dirk,Glen Dirk,Western Cape,-33.994329,18.443512,11
glencairn,Glencairn,Western Cape,-34.155909,18.41995,11
glencairn heights,Glencairn Heights,Western Cape,-34.1519,18.427145,11
glentana,Glentana,Western Cape,-34.048579,22.315753,11
goede hoop,Goede Hoop,Western Cape,-33.604011,18.970768,11
goedgeloof,Goedgeloof,Western Cape,-33.895596,20.47976,11
goedgemoed,Goedgemoed,Western Cape,-33.703492,20.003542,11
goedgemond,Goedgemond,Western Cape,-33.703492,20.003542,11
goedverwacht,Goedverwacht,Western Cape,-32.867523,18.694327,11
goedverwag,Goedverwag,Western Cape,-32.867523,18.694327,11
good hope,Good Hope,Western Cape,-34.098713,18.385622,11
goodwood,Goodwood,Western Cape,-33.904917,18.548811,11
gordon's bay,Gordon's Bay,Western Cape,-34.155595,18.876779,11
gordon's camp,Gordon's Camp,Western Cape,-34.154877,18.422017,11
gordonsbaai,Gordonsbaai,Western Cape,-34.155595,18.876779,11
gouda,Gouda,Western Cape,-33.300338,19.040062,11
goudini,Goudini,Western Cape,-34.6,19.316667,11
goudini road,Goudini Road,Western Cape,-34.6,19.316667,11
goudinie,Goudinie,Western Cape,-34.6,19.316667,11
goudiniweg,Goudiniweg,Western Cape,-34.6,19.316667,11
goukama,Goukama,Western Cape,-34.035099,22.941527,11
goukamma,Goukamma,Western Cape,-34.035099,22.941527,11
gouna,Gouna,Western Cape,-33.958379,23.046649,11
graafwater,Graafwater,Western Cape,-32.154656,18.603187,11
grabouw,Grabouw,Western Cape,-34.151519,19.015091,11
grassy park,Grassy Park,Western Cape,-34.047195,18.498626,11
great brak river,Great Brak River,Western Cape,-34.043679,22.225741,11
green point,Green Point,Western Cape,-33.910012,18.403859,11
greenhaven,Greenhaven,Western Cape,-34.040869,22.209714,11
greyton,Greyton,Western Cape,-34.050482,19.608844,11
groendal,Groendal,Western Cape,-33.892644,19.100525,11
groenfontein,Groenfontein,Western Cape,-33.108493,19.347758,11
groenpunt,Groenpunt,Western Cape,-33.910012,18.403859,11
groot matjiesfontein,Groot Matjiesfontein,Western Cape,-30.516667,18.533333,11
groot silwermyn,Groot Silwermyn,Western Cape,-34.109667,18.405329,11
groot zwaarmoed,Groot Zwaarmoed,Western Cape,-33.366667,19.483333,11
groot-brakrivier,Groot-Brakrivier,Western Cape,-34.043679,22.225741,11
grootfontein,Grootfontein,Western Cape,-33,18.2,11
groot-jongensfontein,Groot-Jongensfontein,Western Cape,-34.42562,21.33995,11
grootjongensfonteinstrand,Grootjongensfonteinstrand,Western Cape,-34.42562,21.33995,11
grootrivier,Grootrivier,Western Cape,-33.383333,19.5,11
guguletu,Guguletu,Western Cape,-33.983511,18.570596,11
haarlem,Haarlem,Western Cape,-33.73302,23.342632,11
hannskop,Hannskop,Western Cape,-33.45,23.216667,11
hanover park,Hanover Park,Western Cape,-33.994609,18.529775,11
happy valley,Happy Valley,Western Cape,-33.933406,20.074828,11
harkerville,Harkerville,Western Cape,-34.037076,23.237533,11
harmony,Harmony,Western Cape,-34.116667,18.383333,11
hartebeeskraal,Hartebeeskraal,Western Cape,-33.767299,19.003749,11
hartebeesrivier,Hartebeesrivier,Western Cape,-34.366667,19.516667,11
hartebeest rivier,Hartebeest Rivier,Western Cape,-34.366667,19.516667,11
hartebeestkraal,Hartebeestkraal,Western Cape,-33.767299,19.003749,11
hartenbos,Hartenbos,Western Cape,-34.130523,22.112901,11
hawston,Hawston,Western Cape,-34.386345,19.130989,11
hazenjacht,Hazenjacht,Western Cape,-33.550528,22.415381,11
heatherlands,Heatherlands,Western Cape,-33.949486,22.442853,11
heathfield,Heathfield,Western Cape,-34.047645,18.46808,11
heidelberg,Heidelberg,Western Cape,-34.091267,20.956611,11
heideveld,Heideveld,Western Cape,-33.964769,18.548435,11
helderberg,Helderberg,Western Cape,-34.030479,18.831133,11
helderberg college,Helderberg College,Western Cape,-34.030479,18.831133,11
helderstroom,Helderstroom,Western Cape,-34.072069,19.366676,11
hemelraad,Hemelraad,Western Cape,-33.998434,21.761192,11
herbertsdale,Herbertsdale,Western Cape,-34.016888,21.762032,11
hermanus,Hermanus,Western Cape,-34.418696,19.234464,11
hermon,Hermon,Western Cape,-33.436754,18.965912,11
herold,Herold,Western Cape,-33.846673,22.447422,11
heroldsbaai,Heroldsbaai,Western Cape,-34.053237,22.392337,11
het kruis,Het Kruis,Western Cape,-32.6,18.75,11
hex river,Hex River,Western Cape,-33.494478,19.600069,11
hexrivier,Hexrivier,Western Cape,-33.494478,19.600069,11
hiddingh,Hiddingh,Western Cape,-33.966667,18.466667,11
higgovale,Higgovale,Western Cape,-33.933333,18.4,11
high riding,High Riding,Western Cape,-34.101328,18.389407,11
highland home,Highland Home,Western Cape,-33.933333,22.833333,11
hoedjes bay,Hoedjes Bay,Western Cape,-33.01167,17.944202,11
hoedjesbaai,Hoedjesbaai,Western Cape,-33.01167,17.944202,11
hoeko,Hoeko,Western Cape,-33.485454,21.366408,11
hoekwil,Hoekwil,Western Cape,-33.965103,22.613999,11
hoekwill,Hoekwill,Western Cape,-33.965103,22.613999,11
hoetjes bay,Hoetjes Bay,Western Cape,-33.01167,17.944202,11
hooikraal,Hooikraal,Western Cape,-33.13945,18.660433,11
hoopvol,Hoopvol,Western Cape,-33.616667,22.05,11
hopefield,Hopefield,Western Cape,-33.062549,18.349071,11
hornlee,Hornlee,Western Cape,-34.048863,23.091435,11
hot springs,Hot Springs,Western Cape,-33.403808,23.153903,11
hotagterklip,Hotagterklip,Western Cape,-34.797769,20.045569,11
hou moed,Hou Moed,Western Cape,-33.849197,19.059038,11
houhoek,Houhoek,Western Cape,-34.203384,19.148209,11
hout bay,Hout Bay,Western Cape,-34.033333,18.35,11
houtbaai,Houtbaai,Western Cape,-34.033333,18.35,11
idas valley,Idas Valley,Western Cape,-33.922715,18.883809,11
idasvallei,Idasvallei,Western Cape,-33.922715,18.883809,11
imhoff's gift,Imhoff's Gift,Western Cape,-34.14271,18.349966,11
infanta,Infanta,Western Cape,-34.420863,20.854261,11
jakkalsvlei,Jakkalsvlei,Western Cape,-33.262485,18.842935,11
jamestown,Jamestown,Western Cape,-33.978976,18.848876,11
johnson's post,Johnson's Post,Western Cape,-34.282369,21.839934,11
jongensfontein,Jongensfontein,Western Cape,-34.42562,21.33995,11
jonkersberg,Jonkersberg,Western Cape,-33.933333,22.216667,11
jukfontein,Jukfontein,Western Cape,-32.8,19.966667,11
kaapstad,Kaapstad,Western Cape,-33.925839,18.423218,11
kalabaskraal,Kalabaskraal,Western Cape,-33.57316,18.648874,11
kalbaskraal,Kalbaskraal,Western Cape,-33.57316,18.648874,11
kalk bay,Kalk Bay,Western Cape,-34.124958,18.450676,11
kalkbaai,Kalkbaai,Western Cape,-34.124958,18.450676,11
kalkoond,Kalkoond,Western Cape,-33.783333,18.45,11
kamanassiedam,Kamanassiedam,Western Cape,-33.633333,22.4,11
kammanassiedam,Kammanassiedam,Western Cape,-33.633333,22.4,11
kampsbaai,Kampsbaai,Western Cape,-33.951659,18.384368,11
karatara,Karatara,Western Cape,-33.917857,22.838558,11
karatara settlement,Karatara Settlement,Western Cape,-33.917857,22.838558,11
karoetjieskop,Karoetjieskop,Western Cape,-31.183333,17.85,11
karwyderskraal,Karwyderskraal,Western Cape,-34.359343,19.204279,11
katzenberg,Katzenberg,Western Cape,-33.533333,18.516667,11
kayamnandi,Kayamnandi,Western Cape,-33.917347,18.846641,11
kenridge,Kenridge,Western Cape,-33.859175,18.636331,11
kensington,Kensington,Western Cape,-33.915435,18.501743,11
kerkrand,Kerkrand,Western Cape,-33.6,22.016667,11
kerksrand,Kerksrand,Western Cape,-33.6,22.016667,11
keurbooms river,Keurbooms River,Western Cape,-34.008039,23.41923,11
keurbooms strand,Keurbooms Strand,Western Cape,-34.001452,23.458794,11
keurboomsrivier,Keurboomsrivier,Western Cape,-34.008039,23.41923,11
keurboomstrand,Keurboomstrand,Western Cape,-34.001452,23.458794,11
keurbos,Keurbos,Western Cape,-33.476215,19.719539,11
keurbosch,Keurbosch,Western Cape,-33.476215,19.719539,11
keurhoek,Keurhoek,Western Cape,-33.962453,22.937702,11
keysers,Keysers,Western Cape,-33.7,22.9,11
khayelitsha,Khayelitsha,Western Cape,-34.039321,18.679156,11
kilfinan,Kilfinan,Western Cape,-34.204037,18.401573,11
kingfisher creek,Kingfisher Creek,Western Cape,-34.028213,22.807708,11
klaarstroom,Klaarstroom,Western Cape,-33.331215,22.535925,11
klaasiagersberg,Klaasiagersberg,Western Cape,-34.236864,18.414694,11
klaasjagersberg,Klaasjagersberg,Western Cape,-34.236864,18.414694,11
klarer,Klarer,Western Cape,-31.775927,18.624969,11
klaver,Klaver,Western Cape,-31.775927,18.624969,11
klawer,Klawer,Western Cape,-31.775927,18.624969,11
klein bergrivier,Klein Bergrivier,Western Cape,-33.233111,18.984796,11
klein silwermyn,Klein Silwermyn,Western Cape,-34.111904,18.41062,11
klein steenberg,Klein Steenberg,Western Cape,-34.075792,18.426296,11
kleinbaai,Kleinbaai,Western Cape,-34.615608,19.350651,11
kleinberg,Kleinberg,Western Cape,-34.180335,21.921337,11
klein-brakrivier,Klein-Brakrivier,Western Cape,-34.08286,22.147628,11
klein-brakrivierstrand,Klein-Brakrivierstrand,Western Cape,-34.087094,22.151082,11
klein-drakenstein,Klein-Drakenstein,Western Cape,-33.73492,19.039926,11
kleinfontein,Kleinfontein,Western Cape,-33.138305,19.657578,11
kleinmond,Kleinmond,Western Cape,-34.340937,19.024993,11
kleinmondstrand,Kleinmondstrand,Western Cape,-34.340937,19.024993,11
kleinplaat,Kleinplaat,Western Cape,-33.850689,22.677994,11
kleinplaats,Kleinplaats,Western Cape,-33.850689,22.677994,11
kleinrivier,Kleinrivier,Western Cape,-33.883333,23.183333,11
kleinstraat,Kleinstraat,Western Cape,-33.397916,19.926042,11
kleinvlei,Kleinvlei,Western Cape,-33.987021,22.140073,11
klipdale,Klipdale,Western Cape,-34.30617,19.966332,11
klipdrif,Klipdrif,Western Cape,-33.839931,19.924955,11
klipfontein,Klipfontein,Western Cape,-34.241658,18.428738,11
klipheuwel,Klipheuwel,Western Cape,-33.51361,19.528186,11
klipkraal,Klipkraal,Western Cape,-34.090102,19.197651,11
kliprand,Kliprand,Western Cape,-30.594981,18.687113,11
knysna,Knysna,Western Cape,-34.036643,23.049704,11
koelfontein,Koelfontein,Western Cape,-31.166667,17.866667,11
kogelfontein,Kogelfontein,Western Cape,-31.166667,17.866667,11
kommetje,Kommetje,Western Cape,-34.138929,18.329108,11
kommetjie,Kommetjie,Western Cape,-34.138929,18.329108,11
koningsrivier,Koningsrivier,Western Cape,-33.900714,19.862576,11
kontiki,Kontiki,Western Cape,-34.406168,20.823505,11
koo,Koo,Western Cape,-33.691183,19.84905,11
koringberg,Koringberg,Western Cape,-33.018063,18.678063,11
koude rivier,Koude Rivier,Western Cape,-34.559979,19.664562,11
kraaifontein,Kraaifontein,Western Cape,-33.848084,18.717235,11
kranshoek griekwa nedersetting,Kranshoek Griekwa Nedersetting,Western Cape,-34.088774,23.297266,11
krigedam,Krigedam,Western Cape,-33.533333,23,11
kruis river,Kruis River,Western Cape,-33.6,21.983333,11
kruiskloof,Kruiskloof,Western Cape,-34.083333,20.85,11
kruisrivier,Kruisrivier,Western Cape,-33.436122,21.890167,11
kruisvallei,Kruisvallei,Western Cape,-33.885295,23.166816,11
kuils river,Kuils River,Western Cape,-33.928536,18.685375,11
kuilsrivier,Kuilsrivier,Western Cape,-33.928536,18.685375,11
kwaggaskloofdam,Kwaggaskloofdam,Western Cape,-33.757078,19.476139,11
kylemore,Kylemore,Western Cape,-33.915149,18.950248,11
laaiplek,Laaiplek,Western Cape,-32.773693,18.155926,11
laangebaan village,Laangebaan Village,Western Cape,-33.097506,18.031501,11
laatsrivier,Laatsrivier,Western Cape,-33.646508,19.793334,11
ladismith,Ladismith,Western Cape,-33.493306,21.267546,11
l'agulhas,L'Agulhas,Western Cape,-34.822297,20.017338,11
laingsburg,Laingsburg,Western Cape,-33.194954,20.858724,11
lake marina,Lake Marina,Western Cape,-34.35,19.133333,11
lakeside,Lakeside,Western Cape,-34.089125,18.458681,11
lambert's bay,Lambert's Bay,Western Cape,-32.09286,18.303866,11
lambertsbaai,Lambertsbaai,Western Cape,-32.09286,18.303866,11
langa,Langa,Western Cape,-33.945057,18.534307,11
langa location,Langa Location,Western Cape,-33.945057,18.534307,11
langa native location,Langa Native Location,Western Cape,-33.945057,18.534307,11
langebaan,Langebaan,Western Cape,-33.097506,18.031501,11
langebaan road,Langebaan Road,Western Cape,-32.974447,18.148799,11
langebaanweg,Langebaanweg,Western Cape,-32.974447,18.148799,11
langkloof,Langkloof,Western Cape,-34.083333,19.433333,11
lansdowne,Lansdowne,Western Cape,-33.987354,18.497457,11
lappies bay,Lappies Bay,Western Cape,-34.371149,21.433371,11
lappiesbaai,Lappiesbaai,Western Cape,-34.371149,21.433371,11
laudina,Laudina,Western Cape,-33.692375,22.95903,11
lavender hill,Lavender Hill,Western Cape,-34.073458,18.486572,11
le souvenir,Le Souvenir,Western Cape,-31.7,18.516667,11
leeu-gamka,Leeu-Gamka,Western Cape,-32.774232,21.978599,11
leeuwbosch,Leeuwbosch,Western Cape,-33.940978,22.961193,11
leipoldtville,Leipoldtville,Western Cape,-32.22287,18.48097,11
leipoldville,Leipoldville,Western Cape,-32.22287,18.48097,11
lepelfontein nedersetting,Lepelfontein Nedersetting,Western Cape,-31.043395,17.852013,11
linkside,Linkside,Western Cape,-34.18564,22.140655,11
little brak river,Little Brak River,Western Cape,-34.08286,22.147628,11
llandudno,Llandudno,Western Cape,-34.009198,18.344159,11
loch venus,Loch Venus,Western Cape,-34.116667,18.383333,11
lochlynne,Lochlynne,Western Cape,-33.101283,19.450034,11
lopende river,Lopende River,Western Cape,-33.475289,22.760409,11
lopenderivier,Lopenderivier,Western Cape,-33.475289,22.760409,11
lotus river,Lotus River,Western Cape,-34.037828,18.517059,11
lutzville,Lutzville,Western Cape,-31.559929,18.344001,11
macassar,Macassar,Western Cape,-34.064046,18.763337,11
maitland,Maitland,Western Cape,-33.921734,18.490299,11
malagas,Malagas,Western Cape,-34.298411,20.585719,11
malay quarter,Malay Quarter,Western Cape,-33.92344,18.413583,11
malgas,Malgas,Western Cape,-34.298411,20.585719,11
malkopvlei,Malkopvlei,Western Cape,-34.35,18.883333,11
malmesbury,Malmesbury,Western Cape,-33.460657,18.728704,11
mamre,Mamre,Western Cape,-33.512728,18.473736,11
mandalay,Mandalay,Western Cape,-34.013652,18.627239,11
manenberg,Manenberg,Western Cape,-33.98972,18.556274,11
marina da gama,Marina da Gama,Western Cape,-34.090465,18.476892,11
marionhof,Marionhof,Western Cape,-33.4,23.15,11
matjesfontein,Matjesfontein,Western Cape,-33.231036,20.583419,11
matjesrivier,Matjesrivier,Western Cape,-33.390211,22.054694,11
matjies river,Matjies River,Western Cape,-33.390211,22.054694,11
matjiesfontein,Matjiesfontein,Western Cape,-33.231036,20.583419,11
matjieskloof,Matjieskloof,Western Cape,-34.334887,20.602371,11
matjiesrivier,Matjiesrivier,Western Cape,-33.266013,19.649777,11
matroosfontein,Matroosfontein,Western Cape,-33.940598,18.574469,11
mcgregor,McGregor,Western Cape,-33.947252,19.829062,11
meadowridge,Meadowridge,Western Cape,-34.032796,18.452906,11
melkboschstrand,Melkboschstrand,Western Cape,-33.726141,18.442857,11
melkbosstrand,Melkbosstrand,Western Cape,-33.726141,18.442857,11
melkhoutfontein,Melkhoutfontein,Western Cape,-34.294269,21.80623,11
merweville,Merweville,Western Cape,-32.667558,21.515542,11
mfuleni,Mfuleni,Western Cape,-33.998061,18.672907,11
middelbosjesveld,Middelbosjesveld,Western Cape,-33.9,19.666667,11
middelplaas,Middelplaas,Western Cape,-33.370978,21.168285,11
middelplaats,Middelplaats,Western Cape,-33.52386,22.548744,11
middleton,Middleton,Western Cape,-34.220302,19.464303,11
mike,Mike,Western Cape,-33.766667,22.916667,11
mikes,Mikes,Western Cape,-33.766667,22.916667,11
milnerton,Milnerton,Western Cape,-33.874573,18.499149,11
mispah,Mispah,Western Cape,-34.210479,18.994253,11
mitchells plain,Mitchells Plain,Western Cape,-34.053409,18.62365,11
molen drift,Molen Drift,Western Cape,-33.958379,22.355318,11
molshoop,Molshoop,Western Cape,-34.781868,20.034518,11
montagu,Montagu,Western Cape,-33.786638,20.121061,11
montague gardens,Montague Gardens,Western Cape,-33.863523,18.520323,11
montana,Montana,Western Cape,-33.422832,19.204617,11
monte vista,Monte Vista,Western Cape,-33.879053,18.554474,11
monteray,Monteray,Western Cape,-34.016667,18.35,11
moordkuil,Moordkuil,Western Cape,-33.7564,19.54266,11
moorreesburg,Moorreesburg,Western Cape,-33.153877,18.660311,11
morelig,Morelig,Western Cape,-33.52007,18.814007,11
moreson,Moreson,Western Cape,-33.116667,22.283333,11
morning star,Morning Star,Western Cape,-34.126705,19.982059,11
mossel bay,Mossel Bay,Western Cape,-34.183067,22.146048,11
mossel river,Mossel River,Western Cape,-34.406168,19.277342,11
mosselbaai,Mosselbaai,Western Cape,-34.183067,22.146048,11
mosselrivier,Mosselrivier,Western Cape,-34.406168,19.277342,11
mouille point,Mouille Point,Western Cape,-33.900271,18.405314,11
mowbray,Mowbray,Western Cape,-33.948024,18.473333,11
muishondfontein,Muishondfontein,Western Cape,-32.604721,18.716174,11
muiskop,Muiskop,Western Cape,-34.316667,21.2,11
muizenberg,Muizenberg,Western Cape,-34.104509,18.468289,11
murdoch valley,Murdoch Valley,Western Cape,-34.207511,18.45762,11
murraysburg,Murraysburg,Western Cape,-31.960457,23.76204,11
nacht wacht,Nacht Wacht,Western Cape,-34.580216,20.120226,11
nag wag,Nag Wag,Western Cape,-34.580216,20.120226,11
napier,Napier,Western Cape,-34.474513,19.898118,11
nature's valley,Nature's Valley,Western Cape,-33.980542,23.557348,11
nelspoort,Nelspoort,Western Cape,-32.114209,23.002969,11
nenta,Nenta,Western Cape,-33.5,23.05,11
neptune's corner,Neptune's Corner,Western Cape,-34.104535,18.472042,11
new horizons,New Horizons,Western Cape,-34.052384,23.343514,11
new look,New Look,Western Cape,-33.839018,20.088916,11
new sunnyside,New Sunnyside,Western Cape,-34.179193,22.131343,11
newlands,Newlands,Western Cape,-33.966667,18.483333,11
newtons,Newtons,Western Cape,-33.956273,22.606207,11
newtown,Newtown,Western Cape,-33.283333,19.166667,11
nieuwe drift,Nieuwe Drift,Western Cape,-33.679175,18.974065,11
nieuwefontein,Nieuwefontein,Western Cape,-30.594981,18.687113,11
nieuwerust,Nieuwerust,Western Cape,-31.149399,18.358268,11
niewefontein,Niewefontein,Western Cape,-30.594981,18.687113,11
nissenville,Nissenville,Western Cape,-33.49654,21.276845,11
noetsie,Noetsie,Western Cape,-34.080214,23.121262,11
noetsie knysna,Noetsie Knysna,Western Cape,-34.080214,23.121262,11
noetzie,Noetzie,Western Cape,-34.080214,23.121262,11
noll,Noll,Western Cape,-33.770534,22.887305,11
nolls halt,Nolls Halt,Western Cape,-33.770534,22.887305,11
nooitgedacht,Nooitgedacht,Western Cape,-33.619813,19.7421,11
noorder-paarl,Noorder-Paarl,Western Cape,-33.704678,18.965522,11
noordhoek,Noordhoek,Western Cape,-32.718097,19.066886,11
norwood,Norwood,Western Cape,-33.926443,18.578083,11
nuwedorp,Nuwedorp,Western Cape,-33.365812,18.388456,11
nuweland,Nuweland,Western Cape,-33.966667,18.483333,11
nuwerus,Nuwerus,Western Cape,-31.149399,18.358268,11
nuy,Nuy,Western Cape,-33.686497,19.590544,11
nyanga,Nyanga,Western Cape,-33.987472,18.585457,11
oakdale,Oakdale,Western Cape,-33.833333,18.683333,11
oaklands,Oaklands,Western Cape,-34.158354,18.397299,11
oatlands,Oatlands,Western Cape,-34.2,18.45,11
observatory,Observatory,Western Cape,-33.936126,18.467872,11
ocean view,Ocean View,Western Cape,-34.148613,18.353646,11
olkersia,Olkersia,Western Cape,-33.216667,19.533333,11
onder-papegaaiberg,Onder-Papegaaiberg,Western Cape,-33.936815,18.831782,11
onrus,Onrus,Western Cape,-34.412394,19.168757,11
onrust,Onrust,Western Cape,-34.412394,19.168757,11
onrustrivier,Onrustrivier,Western Cape,-34.412394,19.168757,11
ons rust,Ons Rust,Western Cape,-33.294413,19.04559,11
op-die-berg,Op-die-Berg,Western Cape,-33.017257,19.310701,11
orangezig,Orangezig,Western Cape,-33.994749,20.212319,11
oranjezicht,Oranjezicht,Western Cape,-33.942532,18.408982,11
oteniekwa,Oteniekwa,Western Cape,-34.030974,22.310788,11
ottery,Ottery,Western Cape,-34.016785,18.505041,11
ouda brug,Ouda Brug,Western Cape,-34.166667,19.033333,11
oude bosch,Oude Bosch,Western Cape,-34.324682,18.965827,11
oude kraal,Oude Kraal,Western Cape,-34.118012,19.282009,11
oude raapkraal,Oude Raapkraal,Western Cape,-34.083333,18.433333,11
oude scheur,Oude Scheur,Western Cape,-33.673976,19.613622,11
oudebrug,Oudebrug,Western Cape,-34.166667,19.033333,11
oudekraal,Oudekraal,Western Cape,-33.983584,18.358262,11
oudekraal,Oudekraal,Western Cape,-34.25,19.6,11
oudekraalfontein,Oudekraalfontein,Western Cape,-33.066667,18.333333,11
oudtshoorn,Oudtshoorn,Western Cape,-33.592343,22.205482,11
oukraal,Oukraal,Western Cape,-34.118012,19.282009,11
ouland,Ouland,Western Cape,-32.795588,20.955124,11
ouplaas,Ouplaas,Western Cape,-34.375238,20.43902,11
ouplass,Ouplass,Western Cape,-34.375238,20.43902,11
outeniekwa,Outeniekwa,Western Cape,-34.030974,22.310788,11
outeniqua,Outeniqua,Western Cape,-34.030974,22.310788,11
oysseldorp,Oysseldorp,Western Cape,-33.575645,22.443914,11
paardeneiland,Paardeneiland,Western Cape,-33.916385,18.47107,11
paarl,Paarl,Western Cape,-33.733781,18.975228,11
pacaltsdorp,Pacaltsdorp,Western Cape,-34.022227,22.466665,11
pacaltsdrop,Pacaltsdrop,Western Cape,-34.022227,22.466665,11
pampoenkraal,Pampoenkraal,Western Cape,-34.075289,19.219585,11
papendorp,Papendorp,Western Cape,-31.698748,18.209122,11
papies vlei mission,Papies Vlei Mission,Western Cape,-34.483333,19.583333,11
papiesvlei,Papiesvlei,Western Cape,-34.483333,19.583333,11
parkwood,Parkwood,Western Cape,-34.028863,18.4955,11
parow,Parow,Western Cape,-33.897228,18.599924,11
parowvallei,Parowvallei,Western Cape,-33.912028,18.596846,11
paternoster,Paternoster,Western Cape,-32.810159,17.891184,11
paviesvlei,Paviesvlei,Western Cape,-34.483333,19.583333,11
pearly beach,Pearly Beach,Western Cape,-34.66277,19.496474,11
penhill,Penhill,Western Cape,-33.993096,18.733482,11
phanthom acres,Phanthom Acres,Western Cape,-33.989744,22.978146,11
phantom acres,Phantom Acres,Western Cape,-33.989744,22.978146,11
philadelphia,Philadelphia,Western Cape,-33.665835,18.581233,11
philippi,Philippi,Western Cape,-34.008747,18.542716,11
philipsdale,Philipsdale,Western Cape,-33.627493,19.558484,11
piketberg,Piketberg,Western Cape,-32.90323,18.757043,11
piketburg,Piketburg,Western Cape,-32.90323,18.757043,11
pinegrove,Pinegrove,Western Cape,-33.950258,19.602742,11
pinelands,Pinelands,Western Cape,-33.934769,18.517694,11
pineview,Pineview,Western Cape,-34.156963,19.003565,11
piquetberg,Piquetberg,Western Cape,-32.90323,18.757043,11
platdrift,Platdrift,Western Cape,-33.570086,20.805196,11
plathuis,Plathuis,Western Cape,-33.629884,20.946057,11
plettenberg bay,Plettenberg Bay,Western Cape,-34.052742,23.3716,11
plettenbergbaai,Plettenbergbaai,Western Cape,-34.052742,23.3716,11
plumstead,Plumstead,Western Cape,-34.019091,18.478345,11
pneil,Pneil,Western Cape,-33.893138,18.959314,11
pniel,Pniel,Western Cape,-33.893138,18.959314,11
port beaufort,Port Beaufort,Western Cape,-34.397183,20.821834,11
porterville,Porterville,Western Cape,-33.010069,18.995391,11
prince albert,Prince Albert,Western Cape,-33.222634,22.029932,11
prince alfred hamlet,Prince Alfred Hamlet,Western Cape,-33.303922,19.324678,11
prince alfreds hamlet,Prince Alfreds Hamlet,Western Cape,-33.303922,19.324678,11
pringle bay,Pringle Bay,Western Cape,-34.348183,18.82706,11
prins albert,Prins Albert,Western Cape,-33.222634,22.029932,11
prinskraal,Prinskraal,Western Cape,-34.628698,20.113292,11
protem,Protem,Western Cape,-34.268242,20.078727,11
raape kraal,Raape Kraal,Western Cape,-34.083333,18.433333,11
raapkraal,Raapkraal,Western Cape,-34.077525,18.450073,11
rahloux,Rahloux,Western Cape,-34.216667,21.2,11
ravensmead,Ravensmead,Western Cape,-33.921362,18.609081,11
rawsonville,Rawsonville,Western Cape,-33.686222,19.313816,11
redelinghuis,Redelinghuis,Western Cape,-32.47969,18.538392,11
redelinghuys,Redelinghuys,Western Cape,-32.47969,18.538392,11
reebok,Reebok,Western Cape,-34.078813,22.163429,11
remhoogte,Remhoogte,Western Cape,-34.333333,19.833333,11
restvale,Restvale,Western Cape,-32.089948,23.009363,11
rheboksfontein,Rheboksfontein,Western Cape,-34.078813,22.163429,11
rhebokskraal,Rhebokskraal,Western Cape,-33.966667,19.933333,11
rheeboks kraal,Rheeboks Kraal,Western Cape,-33.966667,19.933333,11
riebeek west,Riebeek West,Western Cape,-33.350453,18.870191,11
riebeek-kasteel,Riebeek-Kasteel,Western Cape,-33.38445,18.89953,11
riebeek-wes,Riebeek-Wes,Western Cape,-33.350453,18.870191,11
rietfontein,Rietfontein,Western Cape,-33.183333,18.266667,11
riethuiskraal,Riethuiskraal,Western Cape,-34.305439,21.342898,11
rietpoort,Rietpoort,Western Cape,-30.953466,18.042276,11
rietvlei number 1,Rietvlei Number 1,Western Cape,-33.828376,20.210522,11
riverlands,Riverlands,Western Cape,-33.524642,18.594928,11
riversdal,Riversdal,Western Cape,-34.093454,21.257252,11
riversdale,Riversdale,Western Cape,-34.093454,21.257252,11
riverside,Riverside,Western Cape,-34.140273,18.882027,11
rivier zonder end,Rivier Zonder End,Western Cape,-34.149811,19.914286,11
riviersonderend,Riviersonderend,Western Cape,-34.149811,19.914286,11
robertson,Robertson,Western Cape,-33.803418,19.885374,11
robertsvlei,Robertsvlei,Western Cape,-33.93462,19.080848,11
rocklands,Rocklands,Western Cape,-34.216818,18.463655,11
roggebaai,Roggebaai,Western Cape,-33.916667,18.433333,11
roggeveld,Roggeveld,Western Cape,-33.134545,19.462004,11
roggevlei,Roggevlei,Western Cape,-33.134545,19.462004,11
romans river,Romans River,Western Cape,-33.469004,19.214245,11
romansrivier,Romansrivier,Western Cape,-33.469004,19.214245,11
rooi river,Rooi River,Western Cape,-33.535387,22.82037,11
rooidriffie,Rooidriffie,Western Cape,-34.35,19.65,11
rooiels,Rooiels,Western Cape,-34.300852,18.815185,11
rooiloop,Rooiloop,Western Cape,-33.47799,22.785708,11
rooirivier,Rooirivier,Western Cape,-33.535387,22.82037,11
rosebank,Rosebank,Western Cape,-33.950865,18.471641,11
rosemoor,Rosemoor,Western Cape,-33.975423,22.482411,11
rosendal,Rosendal,Western Cape,-33.833333,18.516667,11
rozendale farm,Rozendale Farm,Western Cape,-33.833333,18.516667,11
rugby,Rugby,Western Cape,-33.895717,18.490115,11
ruiterbosch,Ruiterbosch,Western Cape,-33.945915,22.034865,11
ruitersbos,Ruitersbos,Western Cape,-33.945915,22.034865,11
rusoord,Rusoord,Western Cape,-33.723266,22.742315,11
rustoord,Rustoord,Western Cape,-33.723266,22.742315,11
ruytersbosch,Ruytersbosch,Western Cape,-33.945915,22.034865,11
rylands estate,Rylands Estate,Western Cape,-33.970999,18.529084,11
saarsveld forestry school,Saarsveld Forestry School,Western Cape,-33.96597,22.543078,11
saasveld,Saasveld,Western Cape,-33.96597,22.543078,11
saint helena bay,Saint Helena Bay,Western Cape,-32.766667,18.033333,11
saint helenabaai,Saint Helenabaai,Western Cape,-32.766667,18.033333,11
saint james,Saint James,Western Cape,-34.117987,18.458287,11
saldanha,Saldanha,Western Cape,-33.01167,17.944202,11
salt river,Salt River,Western Cape,-33.932547,18.466182,11
sandbaai,Sandbaai,Western Cape,-34.422866,19.197432,11
sandberg,Sandberg,Western Cape,-32.29173,18.567073,11
sanddrift,Sanddrift,Western Cape,-33.883289,18.504209,11
sandhills,Sandhills,Western Cape,-33.516667,19.55,11
sandhoogte,Sandhoogte,Western Cape,-34.059925,22.190384,11
sandrivier,Sandrivier,Western Cape,-33.151437,20.023664,11
saron,Saron,Western Cape,-33.180783,19.008924,11
sauer,Sauer,Western Cape,-32.84484,18.565112,11
scarborough,Scarborough,Western Cape,-34.198909,18.377605,11
scheepersrus,Scheepersrus,Western Cape,-33.901432,20.399312,11
scheepersrust,Scheepersrust,Western Cape,-33.901432,20.399312,11
schoemanshoek,Schoemanshoek,Western Cape,-33.481479,22.246325,11
schoongezicht,Schoongezicht,Western Cape,-33.818626,18.651614,11
schotschekloof,Schotschekloof,Western Cape,-33.922533,18.416096,11
scottville,Scottville,Western Cape,-33.856102,18.703983,11
sea point,Sea Point,Western Cape,-33.9198,18.389271,11
seaforth,Seaforth,Western Cape,-34.196601,18.448912,11
sedgefield,Sedgefield,Western Cape,-34.021104,22.805502,11
seepunt,Seepunt,Western Cape,-33.9198,18.389271,11
seven weeks poort,Seven Weeks Poort,Western Cape,-33.366667,21.416667,11
seweweekspoort,Seweweekspoort,Western Cape,-33.366667,21.416667,11
sheepwalk,Sheepwalk,Western Cape,-33.782032,22.689789,11
shoebury heights,Shoebury Heights,Western Cape,-34,18.416667,11
sidneyvale,Sidneyvale,Western Cape,-33.95,18.6,11
silver sands,Silver Sands,Western Cape,-33.979746,18.674217,11
silverhurst,Silverhurst,Western Cape,-34.020031,18.432687,11
silvertown,Silvertown,Western Cape,-33.963653,18.530105,11
silwermyn,Silwermyn,Western Cape,-34.109667,18.405329,11
simon's town,Simon's Town,Western Cape,-34.191953,18.439795,11
simonstad,Simonstad,Western Cape,-34.191953,18.439795,11
skerpenhevwel,Skerpenhevwel,Western Cape,-33.783333,19.616667,11
skilpadgat,Skilpadgat,Western Cape,-34.15,21.55,11
skipskop,Skipskop,Western Cape,-34.556167,20.407939,11
slanghoek,Slanghoek,Western Cape,-33.633333,19.216667,11
somerset west,Somerset West,Western Cape,-34.079375,18.85699,11
somersetwes,Somersetwes,Western Cape,-34.079375,18.85699,11
sonquasdrif,Sonquasdrif,Western Cape,-33.342928,18.975061,11
sonskyn,Sonskyn,Western Cape,-33.894691,23.160741,11
sonstraal,Sonstraal,Western Cape,-33.844689,18.663242,11
southfield,Southfield,Western Cape,-34.033874,18.485929,11
soutrivier,Soutrivier,Western Cape,-33.932547,18.466182,11
speelmansrivier,Speelmansrivier,Western Cape,-34.229316,19.557839,11
spes bona,Spes Bona,Western Cape,-33.1,19.8,11
spies,Spies,Western Cape,-33.469249,22.260986,11
spitskop,Spitskop,Western Cape,-34.325972,20.38142,11
spitzkop,Spitzkop,Western Cape,-34.325972,20.38142,11
springbok,Springbok,Western Cape,-33.616667,18.516667,11
square hill,Square Hill,Western Cape,-34.066747,18.465988,11
standplaas,Standplaas,Western Cape,-33.977928,22.576874,11
standplaats,Standplaats,Western Cape,-33.977928,22.576874,11
stanford,Stanford,Western Cape,-34.439403,19.456154,11
steelwater,Steelwater,Western Cape,-33.699346,18.58848,11
steenberg,Steenberg,Western Cape,-34.074425,18.470234,11
steenbras,Steenbras,Western Cape,-34.15,18.15,11
stellenberg,Stellenberg,Western Cape,-33.866088,18.659923,11
stellenbosch,Stellenbosch,Western Cape,-33.934621,18.866762,11
stilbaai,Stilbaai,Western Cape,-34.369303,21.407481,11
stilbaai-oos,Stilbaai-Oos,Western Cape,-34.368528,21.42083,11
stilbaaistrand,Stilbaaistrand,Western Cape,-34.368528,21.42083,11
stilbaai-wes,Stilbaai-Wes,Western Cape,-34.379044,21.417225,11
still bay,Still Bay,Western Cape,-34.369303,21.407481,11
still bay east,Still Bay East,Western Cape,-34.368528,21.42083,11
still bay strand,Still Bay Strand,Western Cape,-34.368528,21.42083,11
still bay west,Still Bay West,Western Cape,-34.379044,21.417225,11
stockville,Stockville,Western Cape,-33.849999,20.115027,11
stompneus bay,Stompneus Bay,Western Cape,-32.724192,17.975436,11
stompneusbaai,Stompneusbaai,Western Cape,-32.724192,17.975436,11
stormsvlei,Stormsvlei,Western Cape,-34.083391,20.096196,11
strand,Strand,Western Cape,-34.106869,18.827513,11
strandfontein,Strandfontein,Western Cape,-34.073097,18.561189,11
strandskloof,Strandskloof,Western Cape,-34.578137,19.44257,11
struis bay,Struis Bay,Western Cape,-34.803655,20.054739,11
struisbaai,Struisbaai,Western Cape,-34.803655,20.054739,11
suiderkruis,Suiderkruis,Western Cape,-34.057898,22.226938,11
suider-paarl,Suider-Paarl,Western Cape,-33.768168,18.966352,11
sun valley,Sun Valley,Western Cape,-34.122855,18.397545,11
sunny seas,Sunny Seas,Western Cape,-34.360415,18.959282,11
sunnyacres,Sunnyacres,Western Cape,-34.133333,18.383333,11
sunnycroft,Sunnycroft,Western Cape,-34.133333,18.383333,11
sunnyside,Sunnyside,Western Cape,-33.96999,18.517506,11
surrey estate,Surrey Estate,Western Cape,-33.975708,18.544795,11
surrey estates,Surrey Estates,Western Cape,-33.975708,18.544795,11
suurbraak,Suurbraak,Western Cape,-34.004425,20.654317,11
swartklip,Swartklip,Western Cape,-34.083333,18.683333,11
swartwater,Swartwater,Western Cape,-33.282574,18.263552,11
sweet valley,Sweet Valley,Western Cape,-34.048098,18.442507,11
swellendam,Swellendam,Western Cape,-34.022624,20.441706,11
swiss farm,Swiss Farm,Western Cape,-33.936598,19.110893,11
table view,Table View,Western Cape,-33.819128,18.488102,11
tahiti,Tahiti,Western Cape,-31.537585,18.243976,11
takkap,Takkap,Western Cape,-33.979861,19.786256,11
tamboerskloof,Tamboerskloof,Western Cape,-33.929411,18.404388,11
tergniet,Tergniet,Western Cape,-34.068374,22.194596,11
teslaarsdal,Teslaarsdal,Western Cape,-34.333333,19.533333,11
the boulders,The Boulders,Western Cape,-34.197946,18.449242,11
the crags,The Crags,Western Cape,-33.956462,23.474409,11
the homestead,The Homestead,Western Cape,-34,18.733333,11
the island,The Island,Western Cape,-34.053178,22.239383,11
theerivier,Theerivier,Western Cape,-32.808826,19.083183,11
thornton,Thornton,Western Cape,-33.922449,18.536199,11
three anchor bay,Three Anchor Bay,Western Cape,-33.909067,18.395743,11
tokai,Tokai,Western Cape,-34.060458,18.437825,11
touws river,Touws River,Western Cape,-33.338263,20.030925,11
touwsrivier,Touwsrivier,Western Cape,-33.338263,20.030925,11
tulbagh,Tulbagh,Western Cape,-33.28596,19.141163,11
tulbagh road,Tulbagh Road,Western Cape,-33.32019,19.097575,11
tulbaghweg,Tulbaghweg,Western Cape,-33.32019,19.097575,11
tweefontein,Tweefontein,Western Cape,-33.607116,19.517043,11
tygerberg hills,Tygerberg Hills,Western Cape,-33.883333,18.6,11
uilenkraal,Uilenkraal,Western Cape,-34.56973,19.466537,11
uilkraalmond,Uilkraalmond,Western Cape,-34.602505,19.409008,11
uitkoms,Uitkoms,Western Cape,-33.273295,19.341026,11
uitvlugt,Uitvlugt,Western Cape,-31.680471,18.876088,11
uniondale,Uniondale,Western Cape,-33.658951,23.12317,11
uniondale road,Uniondale Road,Western Cape,-33.466667,23.033333,11
uniondaleweg,Uniondaleweg,Western Cape,-33.466667,23.033333,11
upper kouga,Upper Kouga,Western Cape,-33.666667,23.466667,11
van rhynsdorf,Van Rhynsdorf,Western Cape,-31.608885,18.739679,11
van riebeeckstrand,Van Riebeeckstrand,Western Cape,-33.701225,18.443114,11
van wijksdorp,Van Wijksdorp,Western Cape,-33.748863,21.460873,11
van wyksdorp,Van Wyksdorp,Western Cape,-33.748863,21.460873,11
vanrhynsdorp,Vanrhynsdorp,Western Cape,-31.608885,18.739679,11
varkieskloof,Varkieskloof,Western Cape,-33.567427,22.451398,11
vasco,Vasco,Western Cape,-33.905771,18.560636,11
velddrif,Velddrif,Western Cape,-32.785184,18.178589,11
velddrift,Velddrift,Western Cape,-32.785184,18.178589,11
vembeksbaai,Vembeksbaai,Western Cape,-34.556167,20.407939,11
venbekbaai,Venbekbaai,Western Cape,-34.556167,20.407939,11
vermaaklikheid,Vermaaklikheid,Western Cape,-34.311723,21.029694,11
vermont,Vermont,Western Cape,-34.417926,19.151757,11
vetkoekheuwel,Vetkoekheuwel,Western Cape,-33.522038,18.603349,11
victory hill,Victory Hill,Western Cape,-33.899032,18.696778,11
viljoenshof,Viljoenshof,Western Cape,-34.666667,19.683333,11
villiersdorp,Villiersdorp,Western Cape,-33.991211,19.29219,11
vishoek,Vishoek,Western Cape,-34.135637,18.428543,11
vissers hoek,Vissers Hoek,Western Cape,-33.781238,18.556023,11
vissershok,Vissershok,Western Cape,-33.781238,18.556023,11
vlakteplaas,Vlakteplaas,Western Cape,-33.498127,22.706929,11
vleesbaai,Vleesbaai,Western Cape,-34.29036,21.912887,11
vlei river,Vlei River,Western Cape,-33.616667,21.9,11
vleiland,Vleiland,Western Cape,-33.373613,21.176092,11
vleirivier,Vleirivier,Western Cape,-33.616667,21.9,11
vleisbaai,Vleisbaai,Western Cape,-34.29036,21.912887,11
vleiview,Vleiview,Western Cape,-34.244242,19.440001,11
vlermuisklip,Vlermuisklip,Western Cape,-31.559929,18.344001,11
vlugt,Vlugt,Western Cape,-33.812271,23.174437,11
voelklip,Voëlklip,Western Cape,-34.409163,19.287875,11
volmoed,Volmoed,Western Cape,-33.655551,22.085197,11
voorbaai,Voorbaai,Western Cape,-34.14614,22.105024,11
voorbeeld nedersetting,Voorbeeld Nedersetting,Western Cape,-31.537585,18.243976,11
voorsorg,Voorsorg,Western Cape,-32.906183,19.302497,11
voorspoed,Voorspoed,Western Cape,-33.762761,19.766656,11
vredehoek,Vredehoek,Western Cape,-33.940992,18.421302,11
vredenburg,Vredenburg,Western Cape,-32.907187,17.989967,11
vredendal,Vredendal,Western Cape,-31.668329,18.501192,11
vyeboom,Vyeboom,Western Cape,-34.066379,19.10953,11
vyekraal,Vyekraal,Western Cape,-34.100782,23.342505,11
vygeboom,Vygeboom,Western Cape,-34.066379,19.10953,11
vyversrus,Vyversrus,Western Cape,-33.537674,21.154788,11
vyversrust,Vyversrust,Western Cape,-33.537674,21.154788,11
waenhuiskrans,Waenhuiskrans,Western Cape,-34.667389,20.230861,11
wagenhuiskrantz,Wagenhuiskrantz,Western Cape,-34.667389,20.230861,11
warmwaterberg,Warmwaterberg,Western Cape,-33.765763,20.900666,11
wattle park,Wattle Park,Western Cape,-34.1,18.383333,11
waverley,Waverley,Western Cape,-33.416546,19.225057,11
waverley mills,Waverley Mills,Western Cape,-33.416546,19.225057,11
welcome estate,Welcome Estate,Western Cape,-33.970999,18.529084,11
welgemoed,Welgemoed,Western Cape,-33.877069,18.617141,11
wellington,Wellington,Western Cape,-33.639812,19.011197,11
weltevrede,Weltevrede,Western Cape,-31.566088,18.298113,11
weltevreden,Weltevreden,Western Cape,-34.179793,18.998921,11
weltevreder,Weltevreder,Western Cape,-34.15,18.333333,11
welton,Welton,Western Cape,-33.999127,18.508991,11
werda,Werda,Western Cape,-33.503938,19.597065,11
wesbank,Wesbank,Western Cape,-33.594102,22.192635,11
west point,West Point,Western Cape,-32.766667,18.033333,11
westford bridge,Westford Bridge,Western Cape,-34.017583,22.987955,11
westfordbrug,Westfordbrug,Western Cape,-34.017583,22.987955,11
westlake,Westlake,Western Cape,-34.07607,18.437924,11
whitesands,Whitesands,Western Cape,-34.395474,20.844846,11
whupperthal,Whupperthal,Western Cape,-32.276108,19.215996,11
wilderness,Wilderness,Western Cape,-33.993853,22.575742,11
wilderness east,Wilderness East,Western Cape,-33.996687,22.620274,11
wildernis,Wildernis,Western Cape,-33.993853,22.575742,11
wildeschutsbrand,Wildeschutsbrand,Western Cape,-34.206425,18.40977,11
wildschutsbrand,Wildschutsbrand,Western Cape,-34.206425,18.40977,11
wilgerhof,Wilgerhof,Western Cape,-33.781593,19.477392,11
windermere,Windermere,Western Cape,-33.908311,18.520216,11
windmeul,Windmeul,Western Cape,-33.673494,18.90954,11
windmill,Windmill,Western Cape,-33.673494,18.90954,11
windsor park,Windsor Park,Western Cape,-33.84593,18.706984,11
witewater,Witewater,Western Cape,-32.914808,18.705511,11
witsand,Witsand,Western Cape,-34.395474,20.844846,11
witte boomen,Witte Boomen,Western Cape,-34.019452,18.4216,11
witte drift,Witte Drift,Western Cape,-34.004224,23.33175,11
wittebome,Wittebome,Western Cape,-34.019452,18.4216,11
witteboom,Witteboom,Western Cape,-34.019452,18.4216,11
wittedrif,Wittedrif,Western Cape,-34.004224,23.33175,11
wittewater,Wittewater,Western Cape,-32.914808,18.705511,11
witwater,Witwater,Western Cape,-32.914808,18.705511,11
wolseley,Wolseley,Western Cape,-33.414029,19.20052,11
wolwenkloof,Wolwenkloof,Western Cape,-33.6,19.183333,11
woodlands,Woodlands,Western Cape,-34.1,18.383333,11
woodstock,Woodstock,Western Cape,-33.931564,18.444802,11
woodville,Woodville,Western Cape,-33.935623,22.66941,11
worcester,Worcester,Western Cape,-33.64651,19.448523,11
wuppertal,Wuppertal,Western Cape,-32.276108,19.215996,11
wupperthal,Wupperthal,Western Cape,-32.276108,19.215996,11
wydgelee,Wydgeleë,Western Cape,-34.373892,20.434647,11
wydgelegen,Wydgelegen,Western Cape,-34.373892,20.434647,11
wynand's river,Wynand's River,Western Cape,-33.614881,22.050325,11
wynandsrivier,Wynandsrivier,Western Cape,-33.614881,22.050325,11
wynberg,Wynberg,Western Cape,-33.983333,18.4,11
wynberg hill,Wynberg Hill,Western Cape,-33.983333,18.45,11
wyndover,Wyndover,Western Cape,-33.979706,18.486076,11
ysterfontein,Ysterfontein,Western Cape,-33.344383,18.161571,11
ysterplaat,Ysterplaat,Western Cape,-33.906357,18.490785,11
yzerfontein,Yzerfontein,Western Cape,-33.344383,18.161571,11
zand rivier,Zand Rivier,Western Cape,-33.151437,20.023664,11
zebra,Zebra,Western Cape,-33.763701,22.315524,11
zoar,Zoar,Western Cape,-33.495597,21.443733,11
zonnekus,Zonnekus,Western Cape,-33.883333,18.483333,11
zonquasdrift,Zonquasdrift,Western Cape,-33.342928,18.975061,11
zout kuil,Zout Kuil,Western Cape,-33.516667,20.166667,11
zoutrivier,Zoutrivier,Western Cape,-33.932547,18.466182,11
zuurbraak,Zuurbraak,Western Cape,-34.004425,20.654317,11
zwart klip,Zwart Klip,Western Cape,-34.083333,18.683333,11
zweletemba,Zweletemba,Western Cape,-33.648766,19.490119,11
